# PlanetHour bundled places: country;city;latitude DDDMM;longitude DDDMM;N|S;E|W;GMT offset
India;Abdullahpur (Haryana);03007;07717;N;E;+05:30
India;Abhanpur (M P);02105;08146;N;E;+05:30
India;Abhayapuri;02620;09040;N;E;+05:30
India;Abikapur (M P);02231;08305;N;E;+05:30
India;Abohar (Punjab);03009;07411;N;E;+05:30
India;Abring;03342;07635;N;E;+05:30
India;Abu Road (Rajasthan);02430;07259;N;E;+05:30
India;Abu (Rajasthan);02441;07250;N;E;+05:30
India;Achalpur (Maharashtra);02119;07730;N;E;+05:30
India;Achampet (Andra Pradesh);01630;07838;N;E;+05:30
India;Achanta (Andra Pradesh);01637;08155;N;E;+05:30
India;Achhalda (U P);02644;07924;N;E;+05:30
India;Achhibal;03341;07514;N;E;+05:30
India;Achhnera (U P);02710;07745;N;E;+05:30
India;Achhota (M P);02040;08139;N;E;+05:30
India;Adai;01901;07308;N;E;+05:30
India;Adampur;03126;07543;N;E;+05:30
India;Adapur (Bihar);02657;08457;N;E;+05:30
India;Adauli;01906;07302;N;E;+05:30
India;Adayar;01301;08015;N;E;+05:30
India;Adbhar (M P);02157;08304;N;E;+05:30
India;Addanki (Andra Pradesh);01550;08000;N;E;+05:30
India;Addatigala (Andra Pradesh);01731;08203;N;E;+05:30
India;Adegaon (M P);02237;07932;N;E;+05:30
India;Adesar (Gujarat);02336;07058;N;E;+05:30
India;Adhata;02252;08832;N;E;+05:30
India;Adhaura (Bihar);02443;08337;N;E;+05:30
India;Adhoi (Gujarat);02325;07032;N;E;+05:30
India;Adigaon (M P);02238;07932;N;E;+05:30
India;Adilabad (Andra Pradesh);01940;07831;N;E;+05:30
India;Adiramapattinam;01021;07924;N;E;+05:30
India;Adoni (Andra Pradesh);01538;07716;N;E;+05:30
India;Adra (West Bengal);02330;08640;N;E;+05:30
India;Adur (Kerala);00910;07646;N;E;+05:30
India;Afaspida;01908;07304;N;E;+05:30
India;Afzalgarh (U P);02924;07841;N;E;+05:30
India;Agahpur;02834;07722;N;E;+05:30
India;Agar (M P);02344;07601;N;E;+05:30
India;Agartala (Tripura);02349;09115;N;E;+05:30
India;Agasan;01911;07304;N;E;+05:30
India;Agashi (Maharashtra);01930;07250;N;E;+05:30
India;Agasode (M P);02417;07810;N;E;+05:30
India;Aghil Pass (J & K);03613;07627;N;E;+05:30
India;Agia;02605;09032;N;E;+05:30
India;Agiaon (Bihar);02522;08421;N;E;+05:30
India;Agil Dawan Pass (J & K);03613;07627;N;E;+05:30
India;Agori Khas (U P);02433;08257;N;E;+05:30
India;Agra (U P);02711;07800;N;E;+05:30
India;Agumbe (Karnataka);01330;07502;N;E;+05:30
India;Ahar (Rajasthan);02433;07348;N;E;+05:30
India;Ahar (U P);02829;07813;N;E;+05:30
India;Aharula;02612;08255;N;E;+05:30
India;Ahichhattra (U P);02821;07908;N;E;+05:30
India;Ahiri (Maharashtra);01926;08004;N;E;+05:30
India;Ahmadgarh;03041;07550;N;E;+05:30
India;Ahmadnagar (Maharashtra);01905;07444;N;E;+05:30
India;Ahmadpur (Maharashtra);01840;07657;N;E;+05:30
India;Ahmadpur (West Bengal);02350;08741;N;E;+05:30
India;Ahmedabad (Gujarat);02303;07240;N;E;+05:30
India;Ahraula (U P);02612;08255;N;E;+05:30
India;Ahraura (U P);02501;08302;N;E;+05:30
India;Ahwa (Gujarat);02044;07341;N;E;+05:30
India;Aichwara (M P);02542;07732;N;E;+05:30
India;Aigain;02637;08037;N;E;+05:30
India;Aihraura (U P);02459;08302;N;E;+05:30
India;Aijal (Mizoram);02330;09357;N;E;+05:30
India;Ailnabad (Haryana);02926;07454;N;E;+05:30
India;Aimangula (Karnataka);01409;07630;N;E;+05:30
India;Airwa (U P);02654;07925;N;E;+05:30
India;Ait (U P);02554;07914;N;E;+05:30
India;Aizawl (Mizoram);02345;09245;N;E;+05:30
India;Ajaigarh (M P);02454;08015;N;E;+05:30
India;Ajanta (Maharashtra);02030;07548;N;E;+05:30
India;Ajgain (U P);02637;08037;N;E;+05:30
India;Ajimganj (West Bengal);02414;08814;N;E;+05:30
India;Ajmer (Rajasthan);02629;07440;N;E;+05:30
India;Ajnala (Punjab);03151;07448;N;E;+05:30
India;Ajra (Maharashtra);01608;07417;N;E;+05:30
India;Akajhiri (M P);02507;07751;N;E;+05:30
India;Akalkot (Maharashtra);01731;07614;N;E;+05:30
India;Akaltara;02201;08226;N;E;+05:30
India;Akbarpur *Kanpur (U P);02621;07957;N;E;+05:30
India;Akbarpur (Bihar);02439;08358;N;E;+05:30
India;Akbarpur *Faizabad (U P);02625;08232;N;E;+05:30
India;Akhegarh (Rajasthan);02714;07704;N;E;+05:30
India;Akhnur (J & K);03254;07444;N;E;+05:30
India;Aklera;02426;07632;N;E;+05:30
India;Akna;02259;08821;N;E;+05:30
India;Aknur;03253;07446;N;E;+05:30
India;Akodha (U P);02514;08153;N;E;+05:30
India;Akodia (M P);02320;07638;N;E;+05:30
India;Akola *Ahmadnagar (Maharashtra;01932;07403;N;E;+05:30
India;Akola *Akola (Maharashtra);02040;07705;N;E;+05:30
India;Akot (Maharashtra);02106;07708;N;E;+05:30
India;Akrabad (U P);02749;07816;N;E;+05:30
India;Aksai Chin Lake (J & K);03508;07945;N;E;+05:30
India;Aktagh;03557;07713;N;E;+05:30
India;Akurli;01901;07308;N;E;+05:30
India;Alagapuram (Tamilnadu);01154;07853;N;E;+05:30
India;Alamnagar (Bihar);02534;08654;N;E;+05:30
India;Alampur (Andra Pradesh);01555;07806;N;E;+05:30
India;Alampur (M P);02600;07846;N;E;+05:30
India;Aland (Karnataka);01735;07638;N;E;+05:30
India;Alandur;01302;08015;N;E;+05:30
India;Alangudi (Tamilnadu);01022;07859;N;E;+05:30
India;Alapakkam (Tamilnadu);01136;07944;N;E;+05:30
India;Alapur (U P);02757;07916;N;E;+05:30
India;Alaut;02356;07540;N;E;+05:30
India;Alawalpur (Punjab);03126;07539;N;E;+05:30
India;Albaka (Andra Pradesh);01815;08043;N;E;+05:30
India;Ali Khera (U P);02718;07910;N;E;+05:30
India;Ali Rajpur;02219;07421;N;E;+05:30
India;Alibag (Maharashtra);01838;07255;N;E;+05:30
India;Alibagh (Maharashtra);01642;07248;N;E;+05:30
India;Aliganj *Hardoi (U P);02730;07910;N;E;+05:30
India;Aliganj *Kheri (U P);02807;08036;N;E;+05:30
India;Aligarh *Hardoi (U P);02729;07941;N;E;+05:30
India;Aligarh (Rajasthan);02558;07609;N;E;+05:30
India;Aligarh (U P);02754;07804;N;E;+05:30
India;Alikhar (Karnataka);01747;07716;N;E;+05:30
India;Alipore (West Bengal);02232;08820;N;E;+05:30
India;Alipur Duar (West Bengal);02629;08938;N;E;+05:30
India;Alipur (Maharashtra);02032;07841;N;E;+05:30
India;Alipura (M P);02510;07920;N;E;+05:30
India;Alirajpur (M P);02218;07422;N;E;+05:30
India;Aliwal;03057;07538;N;E;+05:30
India;Allagadda (Andra Pradesh);01508;07830;N;E;+05:30
India;Allah Durg (Andra Pradesh);01801;07746;N;E;+05:30
India;Allahabad (U P);02557;08150;N;E;+05:30
India;Allahaganj (U P);02733;07941;N;E;+05:30
India;Allahbas;02831;07725;N;E;+05:30
India;Allahwardipur;02833;07726;N;E;+05:30
India;Alleppey (Kerala);00930;07622;N;E;+05:30
India;Allikher (Karnataka);01810;07714;N;E;+05:30
India;Allinagaram;01002;07730;N;E;+05:30
India;Allpur (Delhi);02848;07706;N;E;+05:30
India;Allur (Andra Pradesh);01441;08004;N;E;+05:30
India;Almora (U P);02936;07940;N;E;+05:30
India;Along (Assam);02812;09452;N;E;+05:30
India;Alot (M P);02356;07540;N;E;+05:30
India;Alpadi;01728;07502;N;E;+05:30
India;Alur (Andra Pradesh);01524;07715;N;E;+05:30
India;Alwalpur;03128;07542;N;E;+05:30
India;Alwar Tirunagari (Tamilnadu);00836;07757;N;E;+05:30
India;Alwar (Rajasthan);02732;07635;N;E;+05:30
India;Alwara;02921;07348;N;E;+05:30
India;Alwaye (Kerala);01007;07621;N;E;+05:30
India;Ama (U P);02653;08239;N;E;+05:30
India;Amagaon (Maharashtra);02124;08018;N;E;+05:30
India;Amalapuram (Andra Pradesh);01636;08203;N;E;+05:30
India;Amalner *Bir (Maharashtra);01857;07524;N;E;+05:30
India;Amalner *Jalgaon (Maharashtra);02101;07509;N;E;+05:30
India;Amanganj (M P);02425;08002;N;E;+05:30
India;Amaniganj (U P);02640;08140;N;E;+05:30
India;Amarapatah;02418;08059;N;E;+05:30
India;Amaravati (Andra Pradesh);01635;08020;N;E;+05:30
India;Amarda;02107;08708;N;E;+05:30
India;Amargarh (U P);02542;07854;N;E;+05:30
India;Amarkantak (M P);02240;08148;N;E;+05:30
India;Amarpatan (M P);02419;08059;N;E;+05:30
India;Amarpur *Bhagalpur (Bihar);02502;08655;N;E;+05:30
India;Amarpur *Saran (Bihar);02606;08406;N;E;+05:30
India;Amarwara (M P);02220;07912;N;E;+05:30
India;Amas (Bihar);02438;08439;N;E;+05:30
India;Amatulla (Assam);02659;09206;N;E;+05:30
India;Amaule (U P);02601;08001;N;E;+05:30
India;Amausi;02646;08051;N;E;+05:30
India;Amawan (Bihar);02506;08327;N;E;+05:30
India;Ambad (Maharashtra);01933;07550;N;E;+05:30
India;Ambagon (Maharashtra);02038;08000;N;E;+05:30
India;Ambah (M P);02643;07813;N;E;+05:30
India;Ambahta (U P);02951;07720;N;E;+05:30
India;Ambajogai (Maharashtra);01844;07623;N;E;+05:30
India;Ambala (Haryana);03019;07649;N;E;+05:30
India;Ambalapulai (Kerala);00927;07621;N;E;+05:30
India;Ambarnath;01911;07310;N;E;+05:30
India;Ambasa (Tripura);02356;09152;N;E;+05:30
India;Ambasamudram (Tamilnadu);00845;07727;N;E;+05:30
India;Ambaturai (Tamilnadu);01018;07757;N;E;+05:30
India;Ambeh;02643;07814;N;E;+05:30
India;Amber (Rajasthan);02700;07551;N;E;+05:30
India;Ambesh (J & K);03556;07245;N;E;+05:30
India;Ambikanagar;02257;08646;N;E;+05:30
India;Ambikapur (M P);02309;08312;N;E;+05:30
India;Ambo (Orissa);02108;08616;N;E;+05:30
India;Amboshe;01909;07308;N;E;+05:30
India;Ambur (Tamilnadu);01248;07844;N;E;+05:30
India;Amdanga;02249;08831;N;E;+05:30
India;Amdi (M P);03051;08130;N;E;+05:30
India;Amer (Rajasthan);02700;07551;N;E;+05:30
India;Amet (Rajasthan);02518;07359;N;E;+05:30
India;Amethi *Sultanpur (U P);02609;08148;N;E;+05:30
India;Amethi *Barabanki (U P);02651;08108;N;E;+05:30
India;Amhat (U P);02457;08348;N;E;+05:30
India;Amili;02826;09552;N;E;+05:30
India;Amingaon;02613;09145;N;E;+05:30
India;Amitha (West Bengal);02235;08800;N;E;+05:30
India;Amjhera (M P);02230;07509;N;E;+05:30
India;Amla (M P);02156;07807;N;E;+05:30
India;Amlagora;02250;08720;N;E;+05:30
India;Amloh;03037;07614;N;E;+05:30
India;Amnan;02256;08818;N;E;+05:30
India;Amnaur (Bihar);02559;08456;N;E;+05:30
India;Amod (Gujarat);02159;07254;N;E;+05:30
India;Amola (M P);02525;07756;N;E;+05:30
India;Ampam (Orissa);01937;08240;N;E;+05:30
India;Amra (U P);02520;08327;N;E;+05:30
India;Amrabad (Andra Pradesh);01622;07848;N;E;+05:30
India;Amraoti (Maharashtra);02056;07745;N;E;+05:30
India;Amrapara (Bihar);02433;08734;N;E;+05:30
India;Amrapur (Gujarat);02145;07002;N;E;+05:30
India;Amravati (Maharashtra);02058;07750;N;E;+05:30
India;Amrawad (M P);02300;07808;N;E;+05:30
India;Amreli (Gujarat);02136;07120;N;E;+05:30
India;Amreswar;02229;08834;N;E;+05:30
India;Amring (Assam);02543;09254;N;E;+05:30
India;Amritsar (Punjab);03135;07456;N;E;+05:30
India;Amroha (U P);02855;07828;N;E;+05:30
India;Amta (West Bengal);02235;08801;N;E;+05:30
India;Amtala (West Bengal);02355;08827;N;E;+05:30
India;Amwa Majhar (Bihar);02645;08436;N;E;+05:30
India;Anadapuram (Karnataka);01404;07507;N;E;+05:30
India;Anagaudi;01527;07635;N;E;+05:30
India;Anai Mydi (Kerala);01014;07707;N;E;+05:30
India;Anakapalle (Andra Pradesh);01742;08306;N;E;+05:30
India;Anamalai;01035;07656;N;E;+05:30
India;Anand (Gujarat);02234;07301;N;E;+05:30
India;Anandanagar;02251;08816;N;E;+05:30
India;Anandapur;02234;08725;N;E;+05:30
India;Anandapur (Orissa);02114;08610;N;E;+05:30
India;Anandpur Sahib (Punjab);03115;07634;N;E;+05:30
India;Anandpur (Bihar);02229;08515;N;E;+05:30
India;Anandpur (Gujarat);02216;07053;N;E;+05:30
India;Anandpur (H. P.);03113;07634;N;E;+05:30
India;Anant Paith (M P);02557;07816;N;E;+05:30
India;Anantapur;01404;07507;N;E;+05:30
India;Anantapur (Orissa);02017;08634;N;E;+05:30
India;Ananthapur (Andra Pradesh);01442;07705;N;E;+05:30
India;Anantnag (J & K);03344;07509;N;E;+05:30
India;Anara;02328;08633;N;E;+05:30
India;Andal (Andra Pradesh);01749;07803;N;E;+05:30
India;Andal (West Bengal);02335;08714;N;E;+05:30
India;Andaman;01200;09245;N;E;+05:30
India;Anderson Weir (West Bengal);02318;08733;N;E;+05:30
India;Andhra L (Maharashtra);01855;07335;N;E;+05:30
India;Andiyur (Tamilnadu);01136;07737;N;E;+05:30
India;Andol (Andra Pradesh);01749;07803;N;E;+05:30
India;Andola (Karnataka);01655;07647;N;E;+05:30
India;Anekal (Karnataka);01244;07741;N;E;+05:30
India;Angadipuram (Kerala);01058;07615;N;E;+05:30
India;Angara (Bihar);02324;08530;N;E;+05:30
India;Angul (Orissa);02048;08504;N;E;+05:30
India;Ani (H. P.);03125;07724;N;E;+05:30
India;Animudi Peak;01742;07707;N;E;+05:30
India;Anjad;02202;07503;N;E;+05:30
India;Anjangaon (Maharashtra);02111;07721;N;E;+05:30
India;Anjanwel (Maharashtra);01736;07310;N;E;+05:30
India;Anjar (Gujarat);02306;07005;N;E;+05:30
India;Anjengo (Kerala);00840;07647;N;E;+05:30
India;Anjha;02348;07229;N;E;+05:30
India;Anji (Maharashtra);02052;07834;N;E;+05:30
India;Anjidip Island (Karnataka);01446;07407;N;E;+05:30
India;Anjorpur (U P);02543;08403;N;E;+05:30
India;Ankaleswar (Gujarat);02138;07302;N;E;+05:30
India;Ankola (Karnataka);01440;07418;N;E;+05:30
India;Antri (M P);02603;07813;N;E;+05:30
India;Antu (U P);02603;08154;N;E;+05:30
India;Antur (Maharashtra);02026;07518;N;E;+05:30
India;Anupgarh (Rajasthan);02911;07313;N;E;+05:30
India;Anupgarli;02910;07314;N;E;+05:30
India;Anuppur (M P);02305;08145;N;E;+05:30
India;Anupshahr (U P);02822;07816;N;E;+05:30
India;Anur;02255;08739;N;E;+05:30
India;Aonla (U P);02817;07909;N;E;+05:30
India;Aprunyi (Assam);02835;09550;N;E;+05:30
India;Ara (Bihar);02534;08440;N;E;+05:30
India;Arai (Bihar);02457;08521;N;E;+05:30
India;Arakkonam (Tamilnadu);01305;07904;N;E;+05:30
India;Araku (Andra Pradesh);01815;08256;N;E;+05:30
India;Arambagh (West Bengal);02254;08747;N;E;+05:30
India;Aramda (Maharashtra);02228;06908;N;E;+05:30
India;Arang (Bihar);02510;08405;N;E;+05:30
India;Arang (M P);02114;08202;N;E;+05:30
India;Arani (Tamilnadu);01240;07917;N;E;+05:30
India;Arantangi (Tamilnadu);01011;07900;N;E;+05:30
India;Arapanja;02226;08828;N;E;+05:30
India;Arapau;01735;08116;N;E;+05:30
India;Araraj (Bihar);02633;08440;N;E;+05:30
India;Araria (Bihar);02609;08731;N;E;+05:30
India;Araul (U P);02655;08002;N;E;+05:30
India;Aravali Hills (Rajasthan);02600;07400;N;E;+05:30
India;Arbaila;02241;08847;N;E;+05:30
India;Arcot (North) (Tamilnadu);01254;07920;N;E;+05:30
India;Argaon (Maharashtra);02110;07704;N;E;+05:30
India;Argoal;02158;08738;N;E;+05:30
India;Argur;02248;08813;N;E;+05:30
India;Ariah;02333;08620;N;E;+05:30
India;Arigam (J & K);03357;07438;N;E;+05:30
India;Arinda (Andra Pradesh);01847;07948;N;E;+05:30
India;Ariyalur (Tamilnadu);01111;07904;N;E;+05:30
India;Arjuni (Maharashtra);02104;08015;N;E;+05:30
India;Arkalgud (Karnataka);01247;07603;N;E;+05:30
India;Arki (H. P.);03109;06657;N;E;+05:30
India;Arkonam (Tamilnadu);01305;07940;N;E;+05:30
India;Armagon (Andra Pradesh);01355;08014;N;E;+05:30
India;Armori (Maharashtra);02030;08001;N;E;+05:30
India;Armur (Andra Pradesh);01849;07815;N;E;+05:30
India;Arni (Tamilnadu);01241;07917;N;E;+05:30
India;Arnia Khurd (U P);02808;07755;N;E;+05:30
India;Aroali;02403;08756;N;E;+05:30
India;Aron *Guna (M P);02423;07719;N;E;+05:30
India;Aron *Gwalior (M P);02557;07756;N;E;+05:30
India;Arpalli (Maharashtra);01945;07958;N;E;+05:30
India;Arrah (Bihar);02534;08440;N;E;+05:30
India;Arsapota;02255;08818;N;E;+05:30
India;Arsikere (Karnataka);01320;07613;N;E;+05:30
India;Arthal;03316;07611;N;E;+05:30
India;Arthala;02840;07724;N;E;+05:30
India;Aruku;01818;08257;N;E;+05:30
India;Arumuganeri;00834;07807;N;E;+05:30
India;Aruppukottai (Tamilnadu);00931;07803;N;E;+05:30
India;Arvi (Maharashtra);02100;07818;N;E;+05:30
India;Arwal (Bihar);02516;08441;N;E;+05:30
India;Asaltagunj (U P);02641;07953;N;E;+05:30
India;Asanbani;02407;08727;N;E;+05:30
India;Asansol (Bihar);02414;08717;N;E;+05:30
India;Asansol (West Bengal);02340;08700;N;E;+05:30
India;Asargar (Bihar);02509;08641;N;E;+05:30
India;Asati;02229;08814;N;E;+05:30
India;Ashkuman;03635;07350;N;E;+05:30
India;Ashoknagar (M P);02434;07743;N;E;+05:30
India;Ashta *Balaghat (M P);02157;07956;N;E;+05:30
India;Ashta (Maharashtra);01706;07434;N;E;+05:30
India;Ashta *Sehore (M P);02300;07647;N;E;+05:30
India;Ashti *Chanda (Maharashtra);01952;07952;N;E;+05:30
India;Ashti *Bir (Maharashtra);01850;07514;N;E;+05:30
India;Ashti *Wardha (Maharashtra);02113;07815;N;E;+05:30
India;Asifabad (Andra Pradesh);01923;07921;N;E;+05:30
India;Asind (Rajasthan);02542;07421;N;E;+05:30
India;Asirgarh (M P);02131;07622;N;E;+05:30
India;Asiwan (U P);02648;08026;N;E;+05:30
India;Aska;01938;08441;N;E;+05:30
India;Askole (J & K);03539;07550;N;E;+05:30
India;Askot (U P);02940;08020;N;E;+05:30
India;Asna Hara (U P);02706;08241;N;E;+05:30
India;Asna (U P);02521;08331;N;E;+05:30
India;Asonli (Assam);02844;09535;N;E;+05:30
India;Asope (Rajasthan);02648;07341;N;E;+05:30
India;Asothar (U P);02545;08054;N;E;+05:30
India;Aspur (Rajasthan);02358;07406;N;E;+05:30
India;Assaye (Maharashtra);02015;07559;N;E;+05:30
India;Assundi (Maharashtra);01952;08020;N;E;+05:30
India;Astor (J & K);03521;07452;N;E;+05:30
India;Aswatthaberia;02226;08832;N;E;+05:30
India;Atari;03136;07435;N;E;+05:30
India;Atarra (U P);02517;08034;N;E;+05:30
India;Ataur;02843;07724;N;E;+05:30
India;Ateha (U P);02606;08138;N;E;+05:30
India;Ateli;02806;07617;N;E;+05:30
India;Ater (M P);02645;07839;N;E;+05:30
India;Atghara;02237;08827;N;E;+05:30
India;Athaikhera (M P);02426;07748;N;E;+05:30
India;Athamallik (Orissa);02055;08330;N;E;+05:30
India;Athgarh (Orissa);02031;08541;N;E;+05:30
India;Athni (Karnataka);01644;07507;N;E;+05:30
India;Atirampattinam (Tamilnadu);01021;07924;N;E;+05:30
India;Atmakur *Karim Nagar (Andra Pr;01846;07838;N;E;+05:30
India;Atmakur *Kurnool (Andra Prades;01556;07843;N;E;+05:30
India;Atmakur *Nellore (Andra Prades;01439;07943;N;E;+05:30
India;Atner (M P);02140;07759;N;E;+05:30
India;Atnur (Karnataka);01716;07627;N;E;+05:30
India;Atpadi (Maharashtra);01728;07502;N;E;+05:30
India;Atpur;02250;08823;N;E;+05:30
India;Atrampur (U P);02534;08145;N;E;+05:30
India;Atrauli *Aligarh (U P);02802;07816;N;E;+05:30
India;Atrauli *Hardoi (U P);02710;08040;N;E;+05:30
India;Atraulia (U P);02620;08257;N;E;+05:30
India;Atta;02834;07720;N;E;+05:30
India;Attapadi (Kerala);01105;07637;N;E;+05:30
India;Attar (M P);02201;07614;N;E;+05:30
India;Attingal (Kerala);00842;07651;N;E;+05:30
India;Attur *Madurai (Tamilnadu);01019;07752;N;E;+05:30
India;Atur (Tamilnadu);01136;07835;N;E;+05:30
India;Atzalpur;02843;07721;N;E;+05:30
India;Au;02616;07840;N;E;+05:30
India;Auagram;02331;08741;N;E;+05:30
India;Aul;02040;08641;N;E;+05:30
India;Auldan;02524;07902;N;E;+05:30
India;Aundh (Maharashtra);01733;07416;N;E;+05:30
India;Aundhi (M P);02013;08032;N;E;+05:30
India;Aundi (U P);02548;08358;N;E;+05:30
India;Aunrihar (U P);02532;08314;N;E;+05:30
India;Aurad (Karnataka);01817;07727;N;E;+05:30
India;Aurai (U P);02516;08234;N;E;+05:30
India;Auraiya (U P);02627;07913;N;E;+05:30
India;Aurangabad (Bihar);02446;08423;N;E;+05:30
India;Aurangabad (Maharashtra);01952;07522;N;E;+05:30
India;Aurangabad *Bulandshahr (U P);02830;07757;N;E;+05:30
India;Aurangabad *Shajanpur (U P);02747;08022;N;E;+05:30
India;Ausa (Maharashtra);01815;07634;N;E;+05:30
India;Autagarh (M P);01942;08115;N;E;+05:30
India;Avanigadda (Andra Pradesh);01603;08059;N;E;+05:30
India;Avinashi;01112;07715;N;E;+05:30
India;Awagarh (U P);02726;07829;N;E;+05:30
India;Awan (M P);02424;07708;N;E;+05:30
India;Awantipura (J & K);03357;07500;N;E;+05:30
India;Awar (Rajasthan);02406;07556;N;E;+05:30
India;Ayan;02243;08809;N;E;+05:30
India;Ayodhya (U P);02647;08212;N;E;+05:30
India;Azadpur (Delhi);02842;07711;N;E;+05:30
India;Azamgarh (U P);02603;08310;N;E;+05:30
India;Azamnagar (Bihar);02533;08750;N;E;+05:30
India;Azhikal (Kerala);01159;07521;N;E;+05:30
India;Azhikode;01159;07521;N;E;+05:30
India;Azimganj (West Bengal);02414;08815;N;E;+05:30
India;Baas;03131;07517;N;E;+05:30
India;Baawar;02606;07419;N;E;+05:30
India;Babaganj (U P);02757;08134;N;E;+05:30
India;Babai (M P);02244;07759;N;E;+05:30
India;Babai (U P);02610;07929;N;E;+05:30
India;Baberu (U P);02532;08042;N;E;+05:30
India;Babhar;02408;07142;N;E;+05:30
India;Babhniaon (U P);02533;08219;N;E;+05:30
India;Babina;02515;07828;N;E;+05:30
India;Babu Bheri;02251;08814;N;E;+05:30
India;Babugarh (U P);02843;07751;N;E;+05:30
India;Babuhri (Rajasthan);02643;06938;N;E;+05:30
India;Babupur;02401;08710;N;E;+05:30
India;Babusar Pass (J & K);03510;07404;N;E;+05:30
India;Bachau (Gujarat);02322;07018;N;E;+05:30
India;Bacheli;01840;08116;N;E;+05:30
India;Bachhon (M P);02500;08006;N;E;+05:30
India;Bachhraon (U P);02854;07814;N;E;+05:30
India;Bachhrawan;02627;08107;N;E;+05:30
India;Bada Barabil (Orissa);02209;08520;N;E;+05:30
India;Badagara (Kerala);01136;07534;N;E;+05:30
India;Badahpur (Bihar);02454;08507;N;E;+05:30
India;Badakasira (Andra Pradesh);01358;07714;N;E;+05:30
India;Badal *Chaghati (H. P.);03249;07728;N;E;+05:30
India;Badamgarh (Orissa);02150;08522;N;E;+05:30
India;Badami (Karnataka);01558;07545;N;E;+05:30
India;Badampaharh (Orissa);02204;08606;N;E;+05:30
India;Badanganj;02254;08733;N;E;+05:30
India;Badausa (U P);02518;08038;N;E;+05:30
India;Badeli (Gujarat);02272;07342;N;E;+05:30
India;Badgaon (U P);02942;07732;N;E;+05:30
India;Badgom;03401;07443;N;E;+05:30
India;Badhapur;02554;08507;N;E;+05:30
India;Badinan;02254;08814;N;E;+05:30
India;Badkulla;02317;08832;N;E;+05:30
India;Badlapur (U P);02554;08227;N;E;+05:30
India;Badli (Delhi);02847;07706;N;E;+05:30
India;Badnawar (M P);02301;07516;N;E;+05:30
India;Badnera (Maharashtra);02052;07744;N;E;+05:30
India;Badnor (Rajasthan);02547;07418;N;E;+05:30
India;Bado Sarai (U P);02701;08127;N;E;+05:30
India;Badohi (U P);02524;08238;N;E;+05:30
India;Badpur;02259;08643;N;E;+05:30
India;Badrinath Mount;03044;07916;N;E;+05:30
India;Badrinath (U P);03044;07929;N;E;+05:30
India;Badshahibagh (U P);03018;07739;N;E;+05:30
India;Badshahpur (Haryana);02824;07703;N;E;+05:30
India;Badshahpur (U P);02546;08249;N;E;+05:30
India;Baduria;02244;08847;N;E;+05:30
India;Badvel (Andra Pradesh);01446;07902;N;E;+05:30
India;Bagaha (Bihar);02708;08404;N;E;+05:30
India;Bagalkot (Karnataka);01614;07547;N;E;+05:30
India;Bagapar (U P);02713;08331;N;E;+05:30
India;Bagasra (Gujarat);02059;07057;N;E;+05:30
India;Bagastha;02130;07100;N;E;+05:30
India;Bagaud (M P);02222;07557;N;E;+05:30
India;Bagaura (Bihar);02602;08430;N;E;+05:30
India;Bagchini (M P);02630;07749;N;E;+05:30
India;Bagda;02311;08642;N;E;+05:30
India;Bagdaha;02313;08853;N;E;+05:30
India;Bagdanga;02402;08832;N;E;+05:30
India;Bagepalli (Karnataka);01346;07748;N;E;+05:30
India;Bageshwar (U P);02950;07946;N;E;+05:30
India;Bagevadi (Karnataka);01634;07604;N;E;+05:30
India;Bagh (J & K);03400;07349;N;E;+05:30
India;Bagh (M P);02222;07449;N;E;+05:30
India;Baghar (U P);02625;08307;N;E;+05:30
India;Baghauli (U P);02714;08018;N;E;+05:30
India;Baghdoba;02208;08754;N;E;+05:30
India;Baghel Tal Lake (U P);02724;08144;N;E;+05:30
India;Baghi;03138;07724;N;E;+05:30
India;Baghmundi (West Bengal);02311;08604;N;E;+05:30
India;Baghpat (U P);02856;07714;N;E;+05:30
India;Bagi (H. P.);03114;07733;N;E;+05:30
India;Bagli;02239;07621;N;E;+05:30
India;Bagnan;02228;08759;N;E;+05:30
India;Bagodar (Bihar);02404;08550;N;E;+05:30
India;Bagor (Rajasthan);02522;07403;N;E;+05:30
India;Bagra Kote (West Bengal);02653;08836;N;E;+05:30
India;Bagru (Rajasthan);02649;07536;N;E;+05:30
India;Bagsoti (Bihar);02431;08454;N;E;+05:30
India;Baguiati;02236;08826;N;E;+05:30
India;Bagula;02319;08839;N;E;+05:30
India;Bah (U P);02652;07836;N;E;+05:30
India;Bahadurganj (Bihar);02617;08749;N;E;+05:30
India;Bahadurgarh (Haryana);02842;07654;N;E;+05:30
India;Bahadurpur (Rajasthan);02741;07642;N;E;+05:30
India;Bahalda (Orissa);02222;08610;N;E;+05:30
India;Baharagora (Bihar);02217;08643;N;E;+05:30
India;Baharagora (West Bengal);02204;08647;N;E;+05:30
India;Baharampur (West Bengal);02406;08818;N;E;+05:30
India;Bahera (Bihar);02605;08608;N;E;+05:30
India;Baheri (Bihar);02557;08603;N;E;+05:30
India;Baheri (U P);02843;07930;N;E;+05:30
India;Bahjoi;02824;07837;N;E;+05:30
India;Bahl (H. P.);03146;07656;N;E;+05:30
India;Bahl (Haryana);02838;07539;N;E;+05:30
India;Bahlolpur;02837;07724;N;E;+05:30
India;Bahraich (U P);02735;08136;N;E;+05:30
India;Bahramghat (U P);02707;08127;N;E;+05:30
India;Bahrar (M P);02542;07727;N;E;+05:30
India;Bahua (U P);02551;08038;N;E;+05:30
India;Baidaura;02522;07824;N;E;+05:30
India;Baidyabati (West Bengal);02247;08820;N;E;+05:30
India;Baidyanath (Bihar);02429;08642;N;E;+05:30
India;Baihar (M P);02204;08036;N;E;+05:30
India;Baijala;02251;08816;N;E;+05:30
India;Baijla (Bihar);02452;08622;N;E;+05:30
India;Baijnath (H. P.);03202;07640;N;E;+05:30
India;Baijnath (U P);02955;07937;N;E;+05:30
India;Baikunthpur (M P);02443;08125;N;E;+05:30
India;Bail Hongal;01549;07452;N;E;+05:30
India;Bainchi;02307;08814;N;E;+05:30
India;Bainchipota;02252;08816;N;E;+05:30
India;Bainduru (Karnataka);01353;07438;N;E;+05:30
India;Baiohari;02400;08123;N;E;+05:30
India;Baipariguda;01826;08230;N;E;+05:30
India;Bairagnia (Bihar);02645;08516;N;E;+05:30
India;Bairat (Rajasthan);02727;07611;N;E;+05:30
India;Baisingga;02139;08954;N;E;+05:30
India;Baita;02227;08811;N;E;+05:30
India;Baital;02257;08728;N;E;+05:30
India;Baj-Baj (West Bengal);02229;08811;N;E;+05:30
India;Bajana (Gujarat);02306;07147;N;E;+05:30
India;Bajengdoba;02554;09031;N;E;+05:30
India;Bajghera;02832;07701;N;E;+05:30
India;Bajna (M P);02321;07439;N;E;+05:30
India;Bajrakot (Orissa);02115;08508;N;E;+05:30
India;Bajranggarh (M P);02436;07717;N;E;+05:30
India;Bakaruma;02232;08325;N;E;+05:30
India;Bakaspur (Bihar);02300;08500;N;E;+05:30
India;Bakewar (U P);02640;07910;N;E;+05:30
India;Bakhasar (Rajasthan);02443;07111;N;E;+05:30
India;Bakhra;02224;08811;N;E;+05:30
India;Bakhri;02535;08616;N;E;+05:30
India;Bakhtiapur (Bihar);02528;08532;N;E;+05:30
India;Bakhtlyarpur (Bihar);02528;08531;N;E;+05:30
India;Bakkeswar;02225;08822;N;E;+05:30
India;Bakloh;03228;07556;N;E;+05:30
India;Baksa Daur;02643;08939;N;E;+05:30
India;Bakswaha (M P);02415;07917;N;E;+05:30
India;Bala;02751;09356;N;E;+05:30
India;Baladbandh;02252;08807;N;E;+05:30
India;Baladhan (Assam);02500;09306;N;E;+05:30
India;Balaghat (M P);02148;08016;N;E;+05:30
India;Balahera (Rajasthan);02645;07650;N;E;+05:30
India;Balakonda;01854;07817;N;E;+05:30
India;Balakot (M P);02342;07923;N;E;+05:30
India;Balamau (U P);02710;08021;N;E;+05:30
India;Balan (Rajasthan);02745;07132;N;E;+05:30
India;Balandi;02258;08832;N;E;+05:30
India;Balangir (Orissa);02043;08329;N;E;+05:30
India;Balapur (Maharashtra);02040;07651;N;E;+05:30
India;Balarambati;02248;08813;N;E;+05:30
India;Balarampota;02231;08808;N;E;+05:30
India;Balarampur (U P);02307;08613;N;E;+05:30
India;Balarampuram;00826;07703;N;E;+05:30
India;Balasinor;02259;07322;N;E;+05:30
India;Balasore (Orissa);02131;08659;N;E;+05:30
India;Baldeogarh;02445;07903;N;E;+05:30
India;Baldoh (H. P.);03250;07558;N;E;+05:30
India;Bale;01908;07306;N;E;+05:30
India;Balenj;02857;07727;N;E;+05:30
India;Baleshwar (Orissa);02131;08659;N;E;+05:30
India;Balharshah;01952;07925;N;E;+05:30
India;Bali Chak;02222;08733;N;E;+05:30
India;Bali Palli (Rajasthan);02110;07320;N;E;+05:30
India;Bali (Rajasthan);02541;07251;N;E;+05:30
India;Baliapal;02138;08720;N;E;+05:30
India;Balidiha;02158;08638;N;E;+05:30
India;Balighai;02152;08735;N;E;+05:30
India;Balihati;02244;08819;N;E;+05:30
India;Balipada (Assam);02609;09209;N;E;+05:30
India;Balkonda (Andra Pradesh);01905;07820;N;E;+05:30
India;Balla (Tripura);02407;09132;N;E;+05:30
India;Ballabgarh (Haryana);02820;07719;N;E;+05:30
India;Ballabhpur;02244;08821;N;E;+05:30
India;Ballalpur;01950;07922;N;E;+05:30
India;Ballarpur (Karnataka);01324;07746;N;E;+05:30
India;Ballia (Bihar);02526;08619;N;E;+05:30
India;Ballia (U P);02545;08409;N;E;+05:30
India;Balliguda (Orissa);02012;08258;N;E;+05:30
India;Bally (West Bengal);02239;08820;N;E;+05:30
India;Ballyganj (West Bengal);02240;08807;N;E;+05:30
India;Balod (M P);02043;08113;N;E;+05:30
India;Baloda Bazar (M P);02140;08210;N;E;+05:30
India;Baloda (M P);02209;08231;N;E;+05:30
India;Balog;03110;07711;N;E;+05:30
India;Balotra (Rajasthan);02550;07221;N;E;+05:30
India;Balrampur (U P);02725;08210;N;E;+05:30
India;Balrampur (West Bengal);02306;08613;N;E;+05:30
India;Baltistan (J & K);03530;07610;N;E;+05:30
India;Balu (Assam);02751;09356;N;E;+05:30
India;Balughat (West Bengal);02205;08800;N;E;+05:30
India;Baluheti;02239;08816;N;E;+05:30
India;Balumath (Bihar);02350;08454;N;E;+05:30
India;Balurghat (West Bengal);02513;08846;N;E;+05:30
India;Balusseri (Kerala);01130;07548;N;E;+05:30
India;Bamangawan;02414;08649;N;E;+05:30
India;Bamangechi;02246;08831;N;E;+05:30
India;Bamanghara;02231;08828;N;E;+05:30
India;Bamanghati (Orissa);02213;08615;N;E;+05:30
India;Bamanhat (West Bengal);02603;08933;N;E;+05:30
India;Bamanmura;02242;08831;N;E;+05:30
India;Bamanwas (Rajasthan);02633;07624;N;E;+05:30
India;Bambavi;01858;07303;N;E;+05:30
India;Bamdah;02437;08625;N;E;+05:30
India;Bamhniaon;02533;08219;N;E;+05:30
India;Bammanghati;02213;08615;N;E;+05:30
India;Bamor Kalan (M P);02452;07809;N;E;+05:30
India;Bamori *Raisen (M P);02312;07820;N;E;+05:30
India;Bamori *Tikamgarh (M P);02508;07905;N;E;+05:30
India;Bananga;00656;09354;N;E;+05:30
India;Banapur (Orissa);01950;08515;N;E;+05:30
India;Banaras (U P);02520;08300;N;E;+05:30
India;Banarhat (West Bengal);02644;08903;N;E;+05:30
India;Banaso (Bihar);02359;08547;N;E;+05:30
India;Band Bareta (Rajasthan);02655;07723;N;E;+05:30
India;Banda (M P);02401;07859;N;E;+05:30
India;Banda (U P);02528;08020;N;E;+05:30
India;Bandal (H. P.);03138;07727;N;E;+05:30
India;Bandamurlanka (Andra Pradesh);01628;08203;N;E;+05:30
India;Bandar (Gujarat);02250;07020;N;E;+05:30
India;Bandarpunch Mount (U P);03100;07833;N;E;+05:30
India;Bandarwas (M P);02457;07734;N;E;+05:30
India;Bandel;02256;08822;N;E;+05:30
India;Bandgaon;02252;08524;N;E;+05:30
India;Bandhogarh;02340;08102;N;E;+05:30
India;Bandikui (Rajasthan);02701;07633;N;E;+05:30
India;Bandipur;02244;08826;N;E;+05:30
India;Bandipura;03425;07439;N;E;+05:30
India;Bandoyan (West Bengal);02253;08631;N;E;+05:30
India;Bandra Point (Maharashtra);01903;07250;N;E;+05:30
India;Bandra (Maharashtra);01904;07258;N;E;+05:30
India;Banduan (West Bengal);02252;08613;N;E;+05:30
India;Banehra;02844;07723;N;E;+05:30
India;Banei (Orissa);02147;08502;N;E;+05:30
India;Banera (Rajasthan);02532;07442;N;E;+05:30
India;Banethi (H. P.);03038;07715;N;E;+05:30
India;Banga;03111;07559;N;E;+05:30
India;Bangalore (Karnataka);01300;07735;N;E;+05:30
India;Banganapalle (Andra Pradesh);01519;07817;N;E;+05:30
India;Bangaon (West Bengal);02301;08850;N;E;+05:30
India;Bangarapet (Karnataka);01258;07812;N;E;+05:30
India;Bangarmau (U P);02654;08012;N;E;+05:30
India;Bangra (U P);02612;07910;N;E;+05:30
India;Bangriposi (Orissa);02210;08632;N;E;+05:30
India;Bani (U P);02639;08048;N;E;+05:30
India;Banihalpass (J & K);03330;07518;N;E;+05:30
India;Banjar (H. P.);03138;07718;N;E;+05:30
India;Banka (Bihar);02453;08656;N;E;+05:30
India;Bankadaha (West Bengal);02259;08723;N;E;+05:30
India;Bankapur (Karnataka);01455;07523;N;E;+05:30
India;Bankatwa (U P);02742;08214;N;E;+05:30
India;Bankheri (U P);02247;07837;N;E;+05:30
India;Banki (Orissa);02020;08535;N;E;+05:30
India;Bankigarh (Orissa);02020;08535;N;E;+05:30
India;Bankipore (Bihar);02536;08507;N;E;+05:30
India;Bankipur;02248;08814;N;E;+05:30
India;Bankot (Maharashtra);01757;07304;N;E;+05:30
India;Bankura (West Bengal);02314;08705;N;E;+05:30
India;Banmankhi (Bihar);02553;08711;N;E;+05:30
India;Bano (Bihar);02338;08500;N;E;+05:30
India;Banpas;02324;08745;N;E;+05:30
India;Banpur (U P);02442;07844;N;E;+05:30
India;Banpura;02227;08722;N;E;+05:30
India;Bansbaria;02258;08824;N;E;+05:30
India;Bansda;02047;07325;N;E;+05:30
India;Bansdih (U P);02554;08413;N;E;+05:30
India;Bansgaon (U P);02632;08321;N;E;+05:30
India;Bansi (Bihar);02449;08702;N;E;+05:30
India;Bansi *Basti (U P);02711;08247;N;E;+05:30
India;Bansi *Jhansi (U P);02451;07828;N;E;+05:30
India;Bansi (Rajasthan);02418;07432;N;E;+05:30
India;Bansihari (West Bengal);02525;08830;N;E;+05:30
India;Banskupi;02410;08641;N;E;+05:30
India;Banspani (Orissa);02159;08525;N;E;+05:30
India;Bansrai (Rajasthan);02642;07723;N;E;+05:30
India;Banstala;02232;08825;N;E;+05:30
India;Bansur (Rajasthan);02742;07620;N;E;+05:30
India;Bansura (U P);02722;08115;N;E;+05:30
India;Banswada (Andra Pradesh);01820;07754;N;E;+05:30
India;Banswara (Rajasthan);02332;07428;N;E;+05:30
India;Banta Hajam (Bihar);02316;08550;N;E;+05:30
India;Banthra (U P);02755;07949;N;E;+05:30
India;Bantra;02129;07005;N;E;+05:30
India;Bantva (Gujarat);02131;07009;N;E;+05:30
India;Bantwal (Karnataka);01254;07500;N;E;+05:30
India;Banur (Punjab);03032;07642;N;E;+05:30
India;Bao (J & K);03241;07455;N;E;+05:30
India;Bap (Rajasthan);02722;07223;N;E;+05:30
India;Bapatla *Guntur (Andra Pradesh;01622;08027;N;E;+05:30
India;Bapatla *Parkasam (Andra Prade;01554;08032;N;E;+05:30
India;Bapinia;02659;07302;N;E;+05:30
India;Bara Bangurda;02257;08624;N;E;+05:30
India;Bara Boarijor (Bihar);02504;08729;N;E;+05:30
India;Bara Jamda (Bihar);02209;08523;N;E;+05:30
India;Bara Jorda (West Bengal);02310;08650;N;E;+05:30
India;Bara Khunta;02143;08638;N;E;+05:30
India;Bara Lacha Pass (H. P.);03242;07730;N;E;+05:30
India;Bara *Allahabad (U P);02515;08142;N;E;+05:30
India;Bara *Ghajipur (U P);02531;08352;N;E;+05:30
India;Bara (U P);02515;08142;N;E;+05:30
India;Barabanki (U P);02656;08111;N;E;+05:30
India;Barabhum (West Bengal);02301;08620;N;E;+05:30
India;Baragaon *Azamgarh (U P);02608;08333;N;E;+05:30
India;Baragaon *Ballia (U P);02556;08409;N;E;+05:30
India;Baragaon (H. P.);03120;07722;N;E;+05:30
India;Baragaon (M P);02430;07935;N;E;+05:30
India;Baragaon *Varanasi (U P);02526;08249;N;E;+05:30
India;Baragaon *Nalanda (Bihar);02507;08525;N;E;+05:30
India;Baragarh (Orissa);02125;08335;N;E;+05:30
India;Barahabhum (West Bengal);02301;08622;N;E;+05:30
India;Barahanagar (West Bengal);02238;08822;N;E;+05:30
India;Barahara (Bihar);02547;08706;N;E;+05:30
India;Barahat (Bihar);02453;08701;N;E;+05:30
India;Baraila Tal Lake (Bihar);02546;08533;N;E;+05:30
India;Baraitha (M P);02417;07856;N;E;+05:30
India;Barakagaon (Bihar);02514;08426;N;E;+05:30
India;Barakar (Bihar);02407;08614;N;E;+05:30
India;Barakot (Orissa);02133;08501;N;E;+05:30
India;Barakpur (West Bengal);02245;08820;N;E;+05:30
India;Baral;02227;08822;N;E;+05:30
India;Baram (West Bengal);02320;08608;N;E;+05:30
India;Baramaria;02142;08704;N;E;+05:30
India;Baramati (Maharashtra);01812;07439;N;E;+05:30
India;Baramba;02024;08522;N;E;+05:30
India;Baramula (J & K);03412;07424;N;E;+05:30
India;Baran (Rajasthan);02508;07636;N;E;+05:30
India;Barapeta (Assam);02620;09103;N;E;+05:30
India;Barari (Bihar);02531;08723;N;E;+05:30
India;Barasahi;02143;08644;N;E;+05:30
India;Barasarenga (West Bengal);02248;08700;N;E;+05:30
India;Barasat (West Bengal);02244;08831;N;E;+05:30
India;Baratolia;02225;08637;N;E;+05:30
India;Barauda (M P);02336;07518;N;E;+05:30
India;Baraula;02834;07722;N;E;+05:30
India;Barauli (Bihar);02622;08436;N;E;+05:30
India;Baraunda (M P);02502;08038;N;E;+05:30
India;Baraundha (U P);02457;08215;N;E;+05:30
India;Barauni (Bihar);02528;08559;N;E;+05:30
India;Barauni (M P);02542;07823;N;E;+05:30
India;Baraut (U P);02906;07715;N;E;+05:30
India;Barbigha (Bihar);02515;08542;N;E;+05:30
India;Barbil;02206;08520;N;E;+05:30
India;Barda (U P);02549;08251;N;E;+05:30
India;Barddahamau (West Bengal);02315;08752;N;E;+05:30
India;Bardi (M P);02430;08228;N;E;+05:30
India;Bardiha (Bihar);02423;08343;N;E;+05:30
India;Bardoli (Gujarat);02107;07307;N;E;+05:30
India;Bareilly (U P);02820;07924;N;E;+05:30
India;Bareli (M P);02300;07818;N;E;+05:30
India;Barengapara (Meghlaya);02516;09013;N;E;+05:30
India;Barer (M P);02542;07712;N;E;+05:30
India;Bareta;02952;07542;N;E;+05:30
India;Barew (Bihar);02451;08533;N;E;+05:30
India;Bargachia;02248;08827;N;E;+05:30
India;Bargaon (Bihar);02545;08649;N;E;+05:30
India;Bargarh (Orissa);02138;08333;N;E;+05:30
India;Bargarh (U P);02508;08126;N;E;+05:30
India;Bargawan (M P);02540;07703;N;E;+05:30
India;Bargon Shargi (U P);02630;08311;N;E;+05:30
India;Bargur (Tamilnadu);01149;07733;N;E;+05:30
India;Barh (Bihar);02529;08543;N;E;+05:30
India;Barhaj (U P);02616;08344;N;E;+05:30
India;Barhalganj;02617;08330;N;E;+05:30
India;Barhamba (Orissa);02024;08822;N;E;+05:30
India;Barhampur (Bihar);02618;08545;N;E;+05:30
India;Barhan (U P);02721;07811;N;E;+05:30
India;Barhapura (U P);02932;07832;N;E;+05:30
India;Barhari;02602;08636;N;E;+05:30
India;Barharia (Bihar);02619;08427;N;E;+05:30
India;Barharwa (Bihar);02452;08747;N;E;+05:30
India;Barhat (Bihar);02502;08618;N;E;+05:30
India;Barhi (Bihar);02419;08525;N;E;+05:30
India;Barhini (U P);02729;08248;N;E;+05:30
India;Barhiya (Bihar);02518;08602;N;E;+05:30
India;Bari Sadri (Rajasthan);02425;07445;N;E;+05:30
India;Bari (Rajasthan);02639;07737;N;E;+05:30
India;Baria;02245;07352;N;E;+05:30
India;Bariarpur (Bihar);02517;08635;N;E;+05:30
India;Baripada (Orissa);02152;08648;N;E;+05:30
India;Barjora (West Bengal);02327;08718;N;E;+05:30
India;Barka Kana;02337;08529;N;E;+05:30
India;Barkagaon;02527;08408;N;E;+05:30
India;Barkhera (M P);02254;07740;N;E;+05:30
India;Barki Saraiya;02410;08553;N;E;+05:30
India;Barkot (U P);03048;07812;N;E;+05:30
India;Barkuhi;02213;07842;N;E;+05:30
India;Barmer (Rajasthan);02543;07125;N;E;+05:30
India;Barnagar (M P);02301;07528;N;E;+05:30
India;Barnala (Punjab);03026;07533;N;E;+05:30
India;Barnes Ghat (West Bengal);02630;08852;N;E;+05:30
India;Baroda (Gujarat);02218;07313;N;E;+05:30
India;Baroda (M P);02529;07642;N;E;+05:30
India;Barokhar;02454;08156;N;E;+05:30
India;Baronda (M P);02406;08110;N;E;+05:30
India;Barpathar (Assam);02616;09350;N;E;+05:30
India;Barpeta (Assam);02620;09102;N;E;+05:30
India;Barrackpore (West Bengal);02245;08820;N;E;+05:30
India;Barsana (U P);02738;07722;N;E;+05:30
India;Barsatpur (Rajasthan);02812;07208;N;E;+05:30
India;Barsi Takli (Maharashtra);02030;07706;N;E;+05:30
India;Barsi (Maharashtra);01814;07548;N;E;+05:30
India;Barsud;02418;07711;N;E;+05:30
India;Barsur (M P);01906;08130;N;E;+05:30
India;Bartala;02233;08816;N;E;+05:30
India;Barthana;02647;07913;N;E;+05:30
India;Baruari (Bihar);02602;08636;N;E;+05:30
India;Baruch (Gujarat);02140;07302;N;E;+05:30
India;Baruipara;02246;08814;N;E;+05:30
India;Baruipur (West Bengal);02222;08825;N;E;+05:30
India;Barul (West Bengal);02345;08706;N;E;+05:30
India;Barun (Bihar);02453;08413;N;E;+05:30
India;Barura (M P);02436;08024;N;E;+05:30
India;Baruva (Andra Pradesh);01854;08440;N;E;+05:30
India;Barwa Sagar (U P);02523;07842;N;E;+05:30
India;Barwa (Bihar);02312;08418;N;E;+05:30
India;Barwa (U P);02750;07933;N;E;+05:30
India;Barwahi (M P);02216;07603;N;E;+05:30
India;Barwala (Haryana);02920;07558;N;E;+05:30
India;Barwani (M P);02202;07456;N;E;+05:30
India;Barwar Lake (U P);02532;07908;N;E;+05:30
India;Barwara (M P);02436;08024;N;E;+05:30
India;Basah (Bihar);02508;08349;N;E;+05:30
India;Basai Darapur;02839;07708;N;E;+05:30
India;Basai (M P);02509;07821;N;E;+05:30
India;Basanti;02212;08842;N;E;+05:30
India;Basantpur (Bihar);02608;08728;N;E;+05:30
India;Basar;01855;07753;N;E;+05:30
India;Basarh (Bihar);02559;08504;N;E;+05:30
India;Basari (M P);02449;07949;N;E;+05:30
India;Basauni (Bihar);02514;08623;N;E;+05:30
India;Basavakalyan;01752;07657;N;E;+05:30
India;Baseri (Rajasthan);02645;07732;N;E;+05:30
India;Bashar (H. P.);03130;07830;N;E;+05:30
India;Basi *Patiala (Punjab);03042;07629;N;E;+05:30
India;Basia (Bihar);02252;08457;N;E;+05:30
India;Basim (Maharashtra);02010;07711;N;E;+05:30
India;Basirhat (West Bengal);02238;08852;N;E;+05:30
India;Basiya (Bihar);02252;08453;N;E;+05:30
India;Basla (M P);02016;08102;N;E;+05:30
India;Basmat (Maharashtra);01922;07710;N;E;+05:30
India;Basoda (M P);02351;07756;N;E;+05:30
India;Basoli (J & K);03229;07551;N;E;+05:30
India;Bassein;01921;07252;N;E;+05:30
India;Basta;02141;08703;N;E;+05:30
India;Bastar;01905;08204;N;E;+05:30
India;Basti (U P);02648;08244;N;E;+05:30
India;Basubati;02247;08812;N;E;+05:30
India;Basudebpur;02249;08825;N;E;+05:30
India;Baswa (Rajasthan);02706;07632;N;E;+05:30
India;Batala (Punjab);03148;07517;N;E;+05:30
India;Batanagar;02231;08815;N;E;+05:30
India;Batdyabati;02247;08820;N;E;+05:30
India;Bathnaha (Bihar);02621;08714;N;E;+05:30
India;Bathuaka;02621;08714;N;E;+05:30
India;Batiagarh;02407;07921;N;E;+05:30
India;Batiguda (Orissa);02012;08359;N;E;+05:30
India;Batoti;03306;07519;N;E;+05:30
India;Bauda (Orissa);02050;08425;N;E;+05:30
India;Bauliari (Gujarat);02200;07215;N;E;+05:30
India;Baundal (H. P.);03248;07559;N;E;+05:30
India;Baundi (U P);02727;08125;N;E;+05:30
India;Baura;02628;08855;N;E;+05:30
India;Bauraha;02634;08616;N;E;+05:30
India;Bauria;02229;08810;N;E;+05:30
India;Bausi;02418;07432;N;E;+05:30
India;Bavanahotte;02218;08610;N;E;+05:30
India;Bavda (Maharashtra);01635;07355;N;E;+05:30
India;Bavliari (Gujarat);02202;07216;N;E;+05:30
India;Bawal (Haryana);02805;07638;N;E;+05:30
India;Bawali;02225;08812;N;E;+05:30
India;Bayana (Rajasthan);02655;07718;N;E;+05:30
India;Bazar-dara;03622;07649;N;E;+05:30
India;Beas Dam (Punjab);03157;07550;N;E;+05:30
India;Beawar (Rajasthan);02602;07402;N;E;+05:30
India;Bedi (Gujarat);02232;07002;N;E;+05:30
India;Bedla (Rajasthan);02441;07347;N;E;+05:30
India;Begambad (U P);02849;07734;N;E;+05:30
India;Begamganj;02336;07820;N;E;+05:30
India;Begowal (Punjab);03140;07530;N;E;+05:30
India;Begun (Rajasthan);02457;07506;N;E;+05:30
India;Begusarai (Bihar);02525;08608;N;E;+05:30
India;Behala (West Bengal);02231;08819;N;E;+05:30
India;Behat (U P);03009;07736;N;E;+05:30
India;Behgama (M P);02538;07806;N;E;+05:30
India;Behra (U P);02745;08123;N;E;+05:30
India;Behrampur;02838;07724;N;E;+05:30
India;Behrar;02542;07727;N;E;+05:30
India;Behror (Rajasthan);02752;07620;N;E;+05:30
India;Behta Gokul (U P);02730;08002;N;E;+05:30
India;Bekal (Kerala);01224;07504;N;E;+05:30
India;Bela Dila Mount (M P);01846;08121;N;E;+05:30
India;Bela Muchhpakauni (Bihar);02649;08543;N;E;+05:30
India;Bela *Pratapgarh (U P);02555;08200;N;E;+05:30
India;Bela Sagar Lake (U P);02516;07940;N;E;+05:30
India;Bela (Bihar);02458;08459;N;E;+05:30
India;Bela (U P);02556;08159;N;E;+05:30
India;Belahi (Bihar);02543;08624;N;E;+05:30
India;Belampalli;01902;07930;N;E;+05:30
India;Belapur (Maharashtra);01936;07440;N;E;+05:30
India;Belapurpada;01901;07302;N;E;+05:30
India;Belbunia;02317;08709;N;E;+05:30
India;Belda;02205;08721;N;E;+05:30
India;Beldanga (West Bengal);02355;08815;N;E;+05:30
India;Belgaum (Karnataka);01554;07436;N;E;+05:30
India;Belha Dih (U P);02547;08313;N;E;+05:30
India;Belhar (Bihar);02458;08635;N;E;+05:30
India;Beliabera;02217;08657;N;E;+05:30
India;Beliator (West Bengal);02318;08715;N;E;+05:30
India;Bellamkonda (Andra Pradesh);01635;08004;N;E;+05:30
India;Bellaru (Karnataka);01258;07644;N;E;+05:30
India;Bellary (Karnataka);01511;07654;N;E;+05:30
India;Belmuri;02257;08809;N;E;+05:30
India;Belonia (Tripura);02315;09125;N;E;+05:30
India;Belpada;01902;07303;N;E;+05:30
India;Belpora (M P);02405;08005;N;E;+05:30
India;Belsand (Bihar);02627;08525;N;E;+05:30
India;Belur (Karnataka);01308;07551;N;E;+05:30
India;Benagaria;02411;08737;N;E;+05:30
India;Bengabad (Bihar);02419;08622;N;E;+05:30
India;Benibari (Bihar);02545;08749;N;E;+05:30
India;Beniganj (U P);02718;08027;N;E;+05:30
India;Benipatti (Bihar);02627;08554;N;E;+05:30
India;Benwalia (Bihar);02538;08432;N;E;+05:30
India;Beohari (M P);02403;08123;N;E;+05:30
India;Beonta;02231;08831;N;E;+05:30
India;Ber (Gujarat);02324;06838;N;E;+05:30
India;Bera (Gujarat);02941;07339;N;E;+05:30
India;Beraberi;02251;08812;N;E;+05:30
India;Berasi;02336;08151;N;E;+05:30
India;Berasia (M P);02340;07725;N;E;+05:30
India;Berhampore (West Bengal);02406;08815;N;E;+05:30
India;Berhampur (Orissa);01921;08451;N;E;+05:30
India;Berhampur (West Bengal);02406;08819;N;E;+05:30
India;Beri (Haryana);02844;07637;N;E;+05:30
India;Beri (U P);02554;07954;N;E;+05:30
India;Bermo (Bihar);02347;08557;N;E;+05:30
India;Besani;02408;08017;N;E;+05:30
India;Besantpur (Bihar);02611;08440;N;E;+05:30
India;Beshnagar (M P);02332;07749;N;E;+05:30
India;Beta;02255;08814;N;E;+05:30
India;Betil;02150;07759;N;E;+05:30
India;Betling Sib Mt (Mizoram);02347;09235;N;E;+05:30
India;Betnoti;02144;08651;N;E;+05:30
India;Bettiah (Bihar);02649;08430;N;E;+05:30
India;Betul (M P);02155;07754;N;E;+05:30
India;Bewar *Hamirpur (U P);02546;07955;N;E;+05:30
India;Bewar *Mainpuri (U P);02713;07918;N;E;+05:30
India;Beypore (Kerala);01111;07549;N;E;+05:30
India;Beyt (Gujarat);02227;06912;N;E;+05:30
India;Beza (U P);02559;08202;N;E;+05:30
India;Bezwada;01631;08037;N;E;+05:30
India;Bhabanipur;02257;08827;N;E;+05:30
India;Bhabhar (Gujarat);02408;07142;N;E;+05:30
India;Bhabta;02359;08815;N;E;+05:30
India;Bhabua (Bihar);02504;08339;N;E;+05:30
India;Bhachau (Gujarat);02312;07123;N;E;+05:30
India;Bhachhbar (Rajasthan);02540;07100;N;E;+05:30
India;Bhada (U P);02611;08204;N;E;+05:30
India;Bhadarwah (J & K);03256;07547;N;E;+05:30
India;Bhadas (Haryana);02755;07700;N;E;+05:30
India;Bhadaur (Punjab);03030;07522;N;E;+05:30
India;Bhadaura (M P);02447;07724;N;E;+05:30
India;Bhadia;02336;08742;N;E;+05:30
India;Bhadnara (Maharashtra);02122;07937;N;E;+05:30
India;Bhadohi (U P);02524;08235;N;E;+05:30
India;Bhadra (Karnataka);01342;07508;N;E;+05:30
India;Bhadra (Rajasthan);02908;07514;N;E;+05:30
India;Bhadrachalam (Andra Pradesh);01742;08059;N;E;+05:30
India;Bhadrajan (Rajasthan);02536;07300;N;E;+05:30
India;Bhadrakal (West Bengal);02215;08824;N;E;+05:30
India;Bhadrakh (Orissa);02105;08636;N;E;+05:30
India;Bhadravati (Karnataka);01352;07543;N;E;+05:30
India;Bhadreswar;02250;08821;N;E;+05:30
India;Bhadua;02241;08812;N;E;+05:30
India;Bhagaiya;02512;08729;N;E;+05:30
India;Bhagalpur (Bihar);02514;08659;N;E;+05:30
India;Bhageh (M P);02602;07826;N;E;+05:30
India;Bhagirathpur;02405;08829;N;E;+05:30
India;Bhagwanpur *Patna (Bihar);02551;08518;N;E;+05:30
India;Bhagwanpur *Shahabad (Bihar);02457;08336;N;E;+05:30
India;Bhagwantnagar (U P);02613;08046;N;E;+05:30
India;Bhainsa (Andra Pradesh);01908;07759;N;E;+05:30
India;Bhainsar (Rajasthan);02448;07536;N;E;+05:30
India;Bhainsdehi (M P);02140;07739;N;E;+05:30
India;Bhainsrorgarh (Rajasthan);02459;07540;N;E;+05:30
India;Bhaironghati (U P);03101;07815;N;E;+05:30
India;Bhaisa (Andra Pradesh);01906;07758;N;E;+05:30
India;Bhakra Dam (H. P.);03124;07628;N;E;+05:30
India;Bhal;01911;07308;N;E;+05:30
India;Bhalgarh Lake;01813;07353;N;E;+05:30
India;Bhalki (Karnataka);01804;07710;N;E;+05:30
India;Bhaloa (Orissa);02225;08630;N;E;+05:30
India;Bhaluka (West Bengal);02517;08752;N;E;+05:30
India;Bhamgarh (M P);02150;07632;N;E;+05:30
India;Bhandak (Maharashtra);02008;07910;N;E;+05:30
India;Bhandara (Maharashtra);02110;07941;N;E;+05:30
India;Bhandardaha;02237;08813;N;E;+05:30
India;Bhandaria (U P);02710;08233;N;E;+05:30
India;Bhander (M P);02544;07844;N;E;+05:30
India;Bhandkhal;01853;07259;N;E;+05:30
India;Bhangaha (U P);02743;08151;N;E;+05:30
India;Bhangar;02231;08837;N;E;+05:30
India;Bhangor (Gujarat);02203;06955;N;E;+05:30
India;Bhanjanagar (Orissa);01958;08440;N;E;+05:30
India;Bhanpur (M P);02148;08036;N;E;+05:30
India;Bhanpura (M P);02432;07550;N;E;+05:30
India;Bhanubari;02702;08230;N;E;+05:30
India;Bhanvad;02156;06947;N;E;+05:30
India;Bhanwad (Punjab);03130;07655;N;E;+05:30
India;Bhapalapatnam;01852;08026;N;E;+05:30
India;Bhaptiahi (Bihar);02618;08644;N;E;+05:30
India;Bharali (U P);02723;08017;N;E;+05:30
India;Bharat Kup (U P);02513;08046;N;E;+05:30
India;Bharatpur (M P);02342;08150;N;E;+05:30
India;Bharatpur (Rajasthan);02713;07729;N;E;+05:30
India;Bharthana (U P);02645;07914;N;E;+05:30
India;Bharwa Sumerpur;02550;08009;N;E;+05:30
India;Bharwain (H. P.);03146;07607;N;E;+05:30
India;Bharwalia (U P);02704;08343;N;E;+05:30
India;Bhaspur;02853;07916;N;E;+05:30
India;Bhatapara (M P);02136;08156;N;E;+05:30
India;Bhatar (West Bengal);02325;08755;N;E;+05:30
India;Bhatewar;02438;07400;N;E;+05:30
India;Bhatinda (Punjab);03010;07458;N;E;+05:30
India;Bhatkal (Karnataka);01358;07434;N;E;+05:30
India;Bhatni Junction (U P);02623;08356;N;E;+05:30
India;Bhatpara (West Bengal);02251;08831;N;E;+05:30
India;Bhatpur;02243;08825;N;E;+05:30
India;Bhattiprolu;01606;08047;N;E;+05:30
India;Bhatua;02257;08822;N;E;+05:30
India;Bhatwar (H. P.);03042;07742;N;E;+05:30
India;Bhauli (U P);02658;08052;N;E;+05:30
India;Bhaunagar;02146;07209;N;E;+05:30
India;Bhaunbari (U P);02702;08320;N;E;+05:30
India;Bhaunja;02840;07725;N;E;+05:30
India;Bhavani (Tamilnadu);01128;07741;N;E;+05:30
India;Bhavanisagar Lak (Tamilnadu);01150;07700;N;E;+05:30
India;Bhavnagar (Gujarat);02146;07214;N;E;+05:30
India;Bhawani Mandi (Rajasthan);02425;07550;N;E;+05:30
India;Bhawanigarh;03016;07602;N;E;+05:30
India;Bhawanipatna (Orissa);01954;08310;N;E;+05:30
India;Bhawanipur Rajdham (Bihar);02539;08709;N;E;+05:30
India;Bhawanipur (Bihar);02524;08730;N;E;+05:30
India;Bhawanipur (U P);02622;08410;N;E;+05:30
India;Bhawari (Rajasthan);02536;07305;N;E;+05:30
India;Bheja (Bihar);02607;08624;N;E;+05:30
India;Bhelki (M P);02426;08146;N;E;+05:30
India;Bhelwa (Bihar);02449;08637;N;E;+05:30
India;Bhelwel (U P);02642;08116;N;E;+05:30
India;Bheta (U P);02659;08101;N;E;+05:30
India;Bhikampur;02845;07727;N;E;+05:30
India;Bhikangaon (M P);02152;07557;N;E;+05:30
India;Bhikia Sain (U P);02942;07916;N;E;+05:30
India;Bhiknathori (Bihar);02730;08438;N;E;+05:30
India;Bhilai (M P);02113;08126;N;E;+05:30
India;Bhildi (Gujarat);02413;07204;N;E;+05:30
India;Bhilsa;02330;07750;N;E;+05:30
India;Bhilwal;02642;08116;N;E;+05:30
India;Bhilwara (Rajasthan);02523;07439;N;E;+05:30
India;Bhimar (Rajasthan);02618;07130;N;E;+05:30
India;Bhimavaram (Andra Pradesh);01634;08135;N;E;+05:30
India;Bhimbar (J & K);03259;07406;N;E;+05:30
India;Bhimlath (M P);02207;08048;N;E;+05:30
India;Bhimnagar (Bihar);02629;08657;N;E;+05:30
India;Bhimpur (M P);02246;08808;N;E;+05:30
India;Bhind (M P);02633;07847;N;E;+05:30
India;Bhindur (Rajasthan);02430;07414;N;E;+05:30
India;Bhinga (U P);02742;08155;N;E;+05:30
India;Bhingar (Maharashtra);01905;07453;N;E;+05:30
India;Bhingeswar;02058;08208;N;E;+05:30
India;Bhinmal (Rajasthan);02501;07222;N;E;+05:30
India;Bhitargaon (U P);02618;08058;N;E;+05:30
India;Bhitarwar (M P);02548;07806;N;E;+05:30
India;Bhiwandi (Maharashtra);01918;07304;N;E;+05:30
India;Bhiwani (Haryana);02850;07610;N;E;+05:30
India;Bhoagachi;02257;08820;N;E;+05:30
India;Bhogat (Gujarat);02159;06916;N;E;+05:30
India;Bhognipur (U P);02612;07948;N;E;+05:30
India;Bhogriwala (Haryana);03018;07732;N;E;+05:30
India;Bhojpur (M P);02310;07741;N;E;+05:30
India;Bhojudih (Bihar);02338;08627;N;E;+05:30
India;Bhokardan (Maharashtra);02018;07550;N;E;+05:30
India;Bhongaon (U P);02715;07911;N;E;+05:30
India;Bhongir (Andra Pradesh);01733;07855;N;E;+05:30
India;Bhongra (Rajasthan);02341;07432;N;E;+05:30
India;Bhonrasa;02259;07612;N;E;+05:30
India;Bhopal (M P);02317;07728;N;E;+05:30
India;BhopalPatnam (M P);01850;08026;N;E;+05:30
India;Bhopar;01912;07305;N;E;+05:30
India;Bhopura;02842;07720;N;E;+05:30
India;Bhor (Maharashtra);01810;07355;N;E;+05:30
India;Bhowali (U P);02922;07931;N;E;+05:30
India;Bhuapur;02843;07726;N;E;+05:30
India;Bhuban (Orissa);02052;08551;N;E;+05:30
India;Bhubaneswar (Orissa);02013;08550;N;E;+05:30
India;Bhucho;03013;07506;N;E;+05:30
India;Bhuj (Gujarat);02312;06954;N;E;+05:30
India;Bhultewala (Rajasthan);02742;07050;N;E;+05:30
India;Bhunarheri;03013;07627;N;E;+05:30
India;Bhundsi (Haryana);02821;07703;N;E;+05:30
India;Bhuni (U P);02908;07734;N;E;+05:30
India;Bhusaval (Maharashtra);02101;07550;N;E;+05:30
India;Bhusawar;02702;07702;N;E;+05:30
India;Bhutali;01907;07304;N;E;+05:30
India;Bhuvanagiri (Tamilnadu);01128;07938;N;E;+05:30
India;Biaora (M P);02359;07656;N;E;+05:30
India;Bibiganj (Bihar);02622;08746;N;E;+05:30
India;Bichabhera (Rajasthan);02417;07326;N;E;+05:30
India;Bichau;02316;07020;N;E;+05:30
India;Bichhia (M P);02227;08042;N;E;+05:30
India;Bicholim (Goa);01536;07357;N;E;+05:30
India;Bidar (Karnataka);01756;07735;N;E;+05:30
India;Bidesir (Rajasthan);02750;07425;N;E;+05:30
India;Bidhnu (U P);02619;08017;N;E;+05:30
India;Bidhuna (U P);02648;07930;N;E;+05:30
India;Bidyadharpur;02250;08824;N;E;+05:30
India;Bighapur (U P);02620;08040;N;E;+05:30
India;Bihar Sarai (Bihar);02513;08531;N;E;+05:30
India;Bihariganj (Bihar);02544;08659;N;E;+05:30
India;Bihat (U P);02526;07921;N;E;+05:30
India;Bihpur (Bihar);02526;08657;N;E;+05:30
India;Bihpuriagaon (Assam);02703;09354;N;E;+05:30
India;Bihta (Bihar);02534;08451;N;E;+05:30
India;Bijagarh (M P);02139;07521;N;E;+05:30
India;Bijainagar;02556;07438;N;E;+05:30
India;Bijaipur (Karnataka);01625;07547;N;E;+05:30
India;Bijaipur *Morena (M P);02603;07722;N;E;+05:30
India;Bijaipur (U P);02507;08223;N;E;+05:30
India;Bijaipura;02446;07748;N;E;+05:30
India;Bijapur (Karnataka);01650;07542;N;E;+05:30
India;Bijapur (M P);01848;08049;N;E;+05:30
India;Bijarkot;02115;08508;N;E;+05:30
India;Bijarpur *Bastar (M P);01848;08055;N;E;+05:30
India;Bijawar (M P);02436;07930;N;E;+05:30
India;Bijbiara;03348;07506;N;E;+05:30
India;Bijerghogarh (M P);02359;08041;N;E;+05:30
India;Bijeypur;02603;07722;N;E;+05:30
India;Bijji (M P);01803;08125;N;E;+05:30
India;Bijna (U P);02528;07902;N;E;+05:30
India;Bijnaur (U P);02644;08054;N;E;+05:30
India;Bijni (Assam);02631;09040;N;E;+05:30
India;Bijnor (U P);02922;07809;N;E;+05:30
India;Bijolia (Rajasthan);02508;07522;N;E;+05:30
India;Bijpur (West Bengal);02256;08827;N;E;+05:30
India;Bijua (U P);02817;08037;N;E;+05:30
India;Bikampur (Rajasthan);02743;07212;N;E;+05:30
India;Bikaner (Rajasthan);02801;07322;N;E;+05:30
India;Bikapur (U P);02630;08209;N;E;+05:30
India;Bikramganj (Bihar);02513;08415;N;E;+05:30
India;Bilaigarh (M P);02137;08247;N;E;+05:30
India;Bilaphond Pass (J & K);03526;07659;N;E;+05:30
India;Bilara (Rajasthan);02610;07348;N;E;+05:30
India;Bilari (U P);02837;07848;N;E;+05:30
India;Bilariganj;02613;08313;N;E;+05:30
India;Bilasipara;02614;09014;N;E;+05:30
India;Bilaspur *B Shahar (U P);02824;07737;N;E;+05:30
India;Bilaspur *Bhahraich (U P);02751;08200;N;E;+05:30
India;Bilaspur (H. P.);03118;07648;N;E;+05:30
India;Bilaspur (Haryana);03018;07718;N;E;+05:30
India;Bilaspur (M P);02203;08212;N;E;+05:30
India;Bilaspur (U P);02853;07916;N;E;+05:30
India;Bilawar (J & K);03237;07538;N;E;+05:30
India;Bilehra (U P);02714;08116;N;E;+05:30
India;Bilgram (U P);02710;08003;N;E;+05:30
India;Bilheri (M P);02347;08018;N;E;+05:30
India;Bilimora (Gujarat);02045;07257;N;E;+05:30
India;Billi (U P);02430;08259;N;E;+05:30
India;Billun (Rajasthan);02844;07440;N;E;+05:30
India;Biloli (Maharashtra);01847;07742;N;E;+05:30
India;Bilrayaganj (U P);02613;08313;N;E;+05:30
India;Bilsanda (U P);02814;07956;N;E;+05:30
India;Bilsar (U P);02658;08154;N;E;+05:30
India;Bilsara (West Bengal);02305;08810;N;E;+05:30
India;Bilsi (U P);02808;07852;N;E;+05:30
India;Bilthra (U P);02608;08353;N;E;+05:30
India;Bimgal (Andra Pradesh);01846;07826;N;E;+05:30
India;Bimlipatam (Andra Pradesh);01754;08331;N;E;+05:30
India;Bimpur;02236;08700;N;E;+05:30
India;Bina (M P);02409;07810;N;E;+05:30
India;Binauli (U P);02906;07724;N;E;+05:30
India;Binaur (U P);02653;08008;N;E;+05:30
India;Bind (Bihar);02519;08542;N;E;+05:30
India;Bindki (U P);02602;08034;N;E;+05:30
India;Bindra Nawagarh (West Bengal);02040;08212;N;E;+05:30
India;Bini (Assam);02739;09408;N;E;+05:30
India;Binika (Orissa);02102;08351;N;E;+05:30
India;Binpur (West Bengal);02235;08656;N;E;+05:30
India;Bir (H. P.);03202;07648;N;E;+05:30
India;Bir (M P);02202;07632;N;E;+05:30
India;Bir (Maharashtra);01859;07550;N;E;+05:30
India;Bira (M P);02501;08015;N;E;+05:30
India;Birati;02239;08827;N;E;+05:30
India;Birbhum (West Bengal);02355;08732;N;E;+05:30
India;Birbi;02242;08641;N;E;+05:30
India;Birdha (U P);02432;07824;N;E;+05:30
India;Birdpur (U P);02723;08307;N;E;+05:30
India;Birgi (West Bengal);02241;08643;N;E;+05:30
India;Birhar;02628;08257;N;E;+05:30
India;Birmitrapur;02224;08446;N;E;+05:30
India;Birnagar;02314;08833;N;E;+05:30
India;Birpur Katra (U P);02712;08148;N;E;+05:30
India;Birpur (Bihar);02630;08659;N;E;+05:30
India;Birpur (M P);02608;07708;N;E;+05:30
India;Birslipur (Rajasthan);02812;07208;N;E;+05:30
India;Birur (Karnataka);01338;07600;N;E;+05:30
India;Bisa;02727;09656;N;E;+05:30
India;Bisai;02210;08624;N;E;+05:30
India;Bisalpur (U P);02818;07948;N;E;+05:30
India;Bisau (Rajasthan);02812;07508;N;E;+05:30
India;Bisauli (U P);02818;07855;N;E;+05:30
India;Bisenda (U P);02524;08037;N;E;+05:30
India;Bishanwara;02400;07707;N;E;+05:30
India;Bishemnagar (Assam);02802;09601;N;E;+05:30
India;Bishenpur (Manipur);02440;09345;N;E;+05:30
India;Bishnah;03237;07452;N;E;+05:30
India;Bishnath (Assam);02637;09311;N;E;+05:30
India;Bishnupur (West Bengal);02305;08720;N;E;+05:30
India;Biskohar (U P);02723;08234;N;E;+05:30
India;Bisrakh;02834;07726;N;E;+05:30
India;Bisrampur (M P);02415;08356;N;E;+05:30
India;Bissamcuttack (Orissa);01934;08332;N;E;+05:30
India;Bissan;02812;07508;N;E;+05:30
India;Bissau (Rajasthan);02817;07508;N;E;+05:30
India;Biswan (U P);02730;08100;N;E;+05:30
India;Bithar (U P);02625;08034;N;E;+05:30
India;Bithur (U P);02637;08016;N;E;+05:30
India;Biyavra (M P);02356;07656;N;E;+05:30
India;Blue Mountain (Mizoram);02235;09302;N;E;+05:30
India;Bobbili (Andra Pradesh);01832;08329;N;E;+05:30
India;Bodai;02248;08829;N;E;+05:30
India;Bodeli (Gujarat);02216;07342;N;E;+05:30
India;Bodhan (Andra Pradesh);01840;07751;N;E;+05:30
India;Bodinayakkanur (Tamilnadu);01001;07721;N;E;+05:30
India;Boga (Assam);02824;09439;N;E;+05:30
India;Bohrt (J & K);03637;07405;N;E;+05:30
India;Bokad;01853;07258;N;E;+05:30
India;Bokajan;02603;09349;N;E;+05:30
India;Bokaro (Bihar);02351;08602;N;E;+05:30
India;Bolangir (Orissa);02041;08330;N;E;+05:30
India;Bolarum (Andra Pradesh);01732;08330;N;E;+05:30
India;Bolidh (Orissa);02050;08420;N;E;+05:30
India;Bolpur (West Bengal);02340;08741;N;E;+05:30
India;Bombay (Maharashtra);01858;07250;N;E;+05:30
India;Bomdilla (Assam);02715;09225;N;E;+05:30
India;Bonaigarh;02147;08502;N;E;+05:30
India;Bongaigaon;02628;09034;N;E;+05:30
India;Bonsari;01904;07302;N;E;+05:30
India;Borai (M P);02005;08158;N;E;+05:30
India;Boram (West Bengal);02320;08608;N;E;+05:30
India;Borasambar (Orissa);02058;08300;N;E;+05:30
India;Bordehi (M P);02202;07821;N;E;+05:30
India;Borgao (Orissa);02209;08415;N;E;+05:30
India;Bori (M P);02232;07442;N;E;+05:30
India;Bori (Maharashtra);02052;07904;N;E;+05:30
India;Borio (Bihar);02503;08735;N;E;+05:30
India;Borondi (Orissa);01935;08220;N;E;+05:30
India;Borsad (Gujarat);02224;07259;N;E;+05:30
India;Bosna;02237;08830;N;E;+05:30
India;Boso;02258;08808;N;E;+05:30
India;Botad (Gujarat);02212;07144;N;E;+05:30
India;Bowringpet;01259;07811;N;E;+05:30
India;Brahmakund (Assam);02752;09623;N;E;+05:30
India;Brahmapur (Orissa);01921;08451;N;E;+05:30
India;Brahmaur (H. P.);03227;07632;N;E;+05:30
India;Bramhapuri (Maharashtra);02036;07957;N;E;+05:30
India;Bridgmanganj;02713;08320;N;E;+05:30
India;Brijnagar (Rajasthan);02437;07612;N;E;+05:30
India;Brindaban;02733;07744;N;E;+05:30
India;Broach (Gujarat);02140;07302;N;E;+05:30
India;Bruint (Assam);02907;09608;N;E;+05:30
India;Bud;02325;08730;N;E;+05:30
India;BudBud (West Bengal);02325;08730;N;E;+05:30
India;Budaun (U P);02802;07907;N;E;+05:30
India;Buddh Gaya (Bihar);02442;08500;N;E;+05:30
India;Budge;02229;08811;N;E;+05:30
India;Budhalda;02954;07538;N;E;+05:30
India;Budhamghat (Bihar);02557;08702;N;E;+05:30
India;Budhana (U P);02917;07729;N;E;+05:30
India;Budhlada (Punjab);02956;07534;N;E;+05:30
India;Bug;01258;07735;N;E;+05:30
India;Buha (Assam);02744;09359;N;E;+05:30
India;Bujudhih;02336;08632;N;E;+05:30
India;Bukkapatnam (Andra Pradesh);01412;07746;N;E;+05:30
India;Buksadhar (West Bengal);02643;08939;N;E;+05:30
India;Bulandshahr (U P);02830;07749;N;E;+05:30
India;Buldana (Maharashtra);02031;07618;N;E;+05:30
India;Buldur (H. P.);03147;07758;N;E;+05:30
India;Bulsar (Gujarat);02036;07303;N;E;+05:30
India;Bundi (Rajasthan);02528;07542;N;E;+05:30
India;Bundu (Bihar);02308;08519;N;E;+05:30
India;Bungtlang;02220;09246;N;E;+05:30
India;Bunji (J & K);03540;07440;N;E;+05:30
India;Burda (M P);02550;07735;N;E;+05:30
India;Burdul;01907;07307;N;E;+05:30
India;Burdwan (West Bengal);02315;08752;N;E;+05:30
India;Burero;02439;07906;N;E;+05:30
India;Burhai;02421;08633;N;E;+05:30
India;Burhanpur (M P);02118;07608;N;E;+05:30
India;Burhar;02313;08132;N;E;+05:30
India;Buria (Haryana);03009;07721;N;E;+05:30
India;Burnpur;02340;08657;N;E;+05:30
India;Burzil Pass (J & K);03450;07504;N;E;+05:30
India;Butana (Haryana);02911;07641;N;E;+05:30
India;Butcher (Maharashtra);01858;07254;N;E;+05:30
India;Buxur (Bihar);02535;08400;N;E;+05:30
India;Byadgi (Karnataka);01438;07531;N;E;+05:30
India;Calcutta (West Bengal);02230;08820;N;E;+05:30
India;Calicut (Kerala);01115;07546;N;E;+05:30
India;Calimere Point;01017;07952;N;E;+05:30
India;Cambay (Gujarat);02219;07239;N;E;+05:30
India;Cannanore (Kerala);01151;07522;N;E;+05:30
India;Canning Port (West Bengal);02220;08840;N;E;+05:30
India;Canvery Falls;01217;07708;N;E;+05:30
India;Cape Comorin;00805;07734;N;E;+05:30
India;Captainganj (U P);02655;08342;N;E;+05:30
India;Cardmom (Kerala);00927;07652;N;E;+05:30
India;Cassimbazar;02407;08816;N;E;+05:30
India;Castle Rock (Karnataka);01525;07422;N;E;+05:30
India;Cawnpore;02628;08021;N;E;+05:30
India;Chaainpur (Bihar);02310;08416;N;E;+05:30
India;Chabi;02249;08041;N;E;+05:30
India;Chabua (Assam);02730;09509;N;E;+05:30
India;Chachora;02410;07659;N;E;+05:30
India;Chachrauli (Haryana);03018;07727;N;E;+05:30
India;Chachynt (H. P.);03132;07702;N;E;+05:30
India;Chagalamurry (Andra Pradesh);01500;07835;N;E;+05:30
India;Chaibassa (Bihar);02231;08550;N;E;+05:30
India;Chaikodi (Karnataka);01625;07432;N;E;+05:30
India;Chail;03106;07710;N;E;+05:30
India;Chainpur (Bihar);02308;08415;N;E;+05:30
India;Chaital;02231;08847;N;E;+05:30
India;Chakai (Bihar);02434;08624;N;E;+05:30
India;Chakaltor;02314;08622;N;E;+05:30
India;Chakand (Bihar);02454;08459;N;E;+05:30
India;Chakdaha (West Bengal);02305;08831;N;E;+05:30
India;Chakia (Bihar);02625;08503;N;E;+05:30
India;Chakia (U P);02503;08313;N;E;+05:30
India;Chakra (M P);02402;08003;N;E;+05:30
India;Chakradharpur (Bihar);02242;08538;N;E;+05:30
India;Chakrata (U P);03043;07754;N;E;+05:30
India;Chaksu (Rajasthan);02636;07600;N;E;+05:30
India;Chaktalas (M P);02207;07413;N;E;+05:30
India;Chakulia (Bihar);02229;08643;N;E;+05:30
India;Chal;01906;07308;N;E;+05:30
India;Chalgali (M P);02320;08340;N;E;+05:30
India;Chalisgaon (Maharashtra);02029;07510;N;E;+05:30
India;Chalisseri (Kerala);01053;07605;N;E;+05:30
India;Challakere (Karnataka);01419;07640;N;E;+05:30
India;Chalt (J & K);03613;07419;N;E;+05:30
India;Chalyama;02337;08633;N;E;+05:30
India;Chamar  Para;02235;08808;N;E;+05:30
India;Chamba (H. P.);03233;07610;N;E;+05:30
India;Chambhai;02332;09318;N;E;+05:30
India;Chameliang;02806;09630;N;E;+05:30
India;Chamoli (U P);03022;07919;N;E;+05:30
India;Champa (M P);02202;08242;N;E;+05:30
India;Champadanga;02250;08758;N;E;+05:30
India;Champahati;02223;08829;N;E;+05:30
India;Champapur;02402;08631;N;E;+05:30
India;Champawat (U P);02920;08006;N;E;+05:30
India;Champdani (West Bengal);02248;08821;N;E;+05:30
India;Champhai (Mizoram);02372;09318;N;E;+05:30
India;Champua (Orissa);02205;08540;N;E;+05:30
India;Chamrajnagar (Karnataka);01158;07654;N;E;+05:30
India;Chamreil;02238;08818;N;E;+05:30
India;Chamrupur (U P);02719;08229;N;E;+05:30
India;Chananwala;03022;07357;N;E;+05:30
India;Chanasma;02343;07207;N;E;+05:30
India;Chanda (Maharashtra);01958;07921;N;E;+05:30
India;Chanda (U P);02606;08218;N;E;+05:30
India;Chandabila;02205;08700;N;E;+05:30
India;Chandan Choki (U P);02832;08043;N;E;+05:30
India;Chandan (Bihar);02438;08640;N;E;+05:30
India;Chandankiari;02334;08622;N;E;+05:30
India;Chandannagar (West Bengal);02251;08821;N;E;+05:30
India;Chandanpur (U P);02740;08239;N;E;+05:30
India;Chandapar (U P);02724;08259;N;E;+05:30
India;Chandarpur (M P);02142;08316;N;E;+05:30
India;Chandauli (West Bengal);02515;08317;N;E;+05:30
India;Chandauri (Bihar);02437;08603;N;E;+05:30
India;Chandausi (U P);02806;07750;N;E;+05:30
India;Chandaut (U P);02554;07940;N;E;+05:30
India;Chandbali (Orissa);02046;08449;N;E;+05:30
India;Chandera (M P);02506;07859;N;E;+05:30
India;Chanderi Tikamgarh (M P);02449;07917;N;E;+05:30
India;Chanderi *Guna (M P);02443;07808;N;E;+05:30
India;Chandernagore (West Bengal);02252;08821;N;E;+05:30
India;Chandi (Bihar);02520;08525;N;E;+05:30
India;Chandia (M P);02340;08043;N;E;+05:30
India;Chandigarh;03043;07647;N;E;+05:30
India;Chandigarh Mandir (Haryana);03044;07654;N;E;+05:30
India;Chandil (Bihar);02258;08604;N;E;+05:30
India;Chandipash (Orissa);02201;08455;N;E;+05:30
India;Chanditala;02241;08816;N;E;+05:30
India;Chandla (M P);02505;08012;N;E;+05:30
India;Chandod (Gujarat);02200;07330;N;E;+05:30
India;Chandor (Maharashtra);02020;07418;N;E;+05:30
India;Chandpara;02258;08847;N;E;+05:30
India;Chandpur *Ballia (U P);02555;08420;N;E;+05:30
India;Chandpur *Bijnor (U P);02908;07816;N;E;+05:30
India;Chandpur *Fatehpur (U P);02556;08021;N;E;+05:30
India;Chandra *Kona (West Bengal);02228;08710;N;E;+05:30
India;Chandragiri (Andra Pradesh);01336;07920;N;E;+05:30
India;Chandrakona Road;02244;08721;N;E;+05:30
India;Chandrakona (West Bengal);02244;08731;N;E;+05:30
India;Chandrapur (Maharashtra);01957;07918;N;E;+05:30
India;Chandrupatla (Andra Pradesh);01834;08023;N;E;+05:30
India;Chandupura (M P);02610;07550;N;E;+05:30
India;Chandur *Amraoti (Maharashtra);02048;07802;N;E;+05:30
India;Chandusi *MORD (U P);02827;07843;N;E;+05:30
India;Chandvad;02020;07415;N;E;+05:30
India;Chandwak (U P);02536;08300;N;E;+05:30
India;Changanacheri (Kerala);00928;07633;N;E;+05:30
India;Changlung Pass (J & K);03437;07845;N;E;+05:30
India;Changlung (J & K);03454;07733;N;E;+05:30
India;Changwinti (Aru. Pradesh.);02758;09651;N;E;+05:30
India;Channagiri (Karnataka);01403;07554;N;E;+05:30
India;Channapatna (Karnataka);01243;07714;N;E;+05:30
India;Channaravapatna (Karnataka);01254;07622;N;E;+05:30
India;Chanod (Rajasthan);02532;07612;N;E;+05:30
India;Chanumla;00819;09305;N;E;+05:30
India;Chapa Fong MT (Mizoram);02225;09225;N;E;+05:30
India;Chapa Tont Mt;02225;09255;N;E;+05:30
India;Chapari (Bihar);02455;08348;N;E;+05:30
India;Chaparmukh;02612;09232;N;E;+05:30
India;Chapra (Bihar);02547;08447;N;E;+05:30
India;Chapra (West Bengal);02331;08840;N;E;+05:30
India;Char;03315;07710;N;E;+05:30
India;Charakra Doi (Gujarat);02357;06920;N;E;+05:30
India;Charanpur;02345;08702;N;E;+05:30
India;Charduar;02652;09244;N;E;+05:30
India;Charhanta;02424;08055;N;E;+05:30
India;Charhi (Bihar);02351;08527;N;E;+05:30
India;Charkhari (U P);02524;07945;N;E;+05:30
India;Charkhi Dadri (Haryana);02837;07616;N;E;+05:30
India;Charthari (U P);02706;08259;N;E;+05:30
India;Charthawal (U P);02932;07736;N;E;+05:30
India;Chas (Bihar);02338;08620;N;E;+05:30
India;Chassad (Manipur);02453;09431;N;E;+05:30
India;Chatia (Bihar);02633;08434;N;E;+05:30
India;Chatpalgarh (U P);02544;08152;N;E;+05:30
India;Chatra (Bihar);02414;08457;N;E;+05:30
India;Chatrapur (Orissa);01921;08459;N;E;+05:30
India;Chatsa (Rajasthan);02640;07959;N;E;+05:30
India;Chatsu;02632;07757;N;E;+05:30
India;Chattarpur (Bihar);02423;08411;N;E;+05:30
India;Chaubaria;02259;08840;N;E;+05:30
India;Chaubattia (U P);02938;07925;N;E;+05:30
India;Chaubia (U P);02652;07908;N;E;+05:30
India;Chauhtan (Rajasthan);02527;07108;N;E;+05:30
India;Chauka (M P);02452;07931;N;E;+05:30
India;Chaukhamba MT (U P);03044;07916;N;E;+05:30
India;Chaukhandi;02837;07724;N;E;+05:30
India;Chaukhutia (U P);02952;07920;N;E;+05:30
India;Chaukranda (M P);02635;07757;N;E;+05:30
India;Chaul (Maharashtra);01835;07257;N;E;+05:30
India;Chaumu (Rajasthan);02708;07547;N;E;+05:30
India;Chaumua;02239;08833;N;E;+05:30
India;Chaupal (H. P.);03056;07735;N;E;+05:30
India;Chauparan (Bihar);02424;08515;N;E;+05:30
India;Chauragarh (M P);02249;07859;N;E;+05:30
India;Chauraha (U P);02720;08336;N;E;+05:30
India;Chaurai (M P);02202;07918;N;E;+05:30
India;Chausa (Bihar);02531;08354;N;E;+05:30
India;Chausaia (Maharashtra);01838;07540;N;E;+05:30
India;Chavakkad;01032;07606;N;E;+05:30
India;Chechat (Rajasthan);02446;07558;N;E;+05:30
India;Chelakara (Kerala);01045;07624;N;E;+05:30
India;Chelakudi;01018;07620;N;E;+05:30
India;Chelyama (West Bengal);02336;08634;N;E;+05:30
India;Chembur (Maharashtra);01903;07254;N;E;+05:30
India;Chengalpatta (Tamilnadu);01242;08001;N;E;+05:30
India;Chengam (Tamilnadu);01220;07846;N;E;+05:30
India;Chengannur;00920;07638;N;E;+05:30
India;Chengele (Assam);02844;09618;N;E;+05:30
India;Chennai (Tamilnadu);01305;08018;N;E;+05:30
India;Cheramnahadev (Tamilnadu);00842;07731;N;E;+05:30
India;Cherial (Andra Pradesh);01759;07900;N;E;+05:30
India;Cherla (Andra Pradesh);01805;08055;N;E;+05:30
India;Cherrapunji (Meghlaya);02518;09142;N;E;+05:30
India;Chetput;01228;07921;N;E;+05:30
India;Chetro (Bihar);02428;08615;N;E;+05:30
India;Cheyur (Tamilnadu);01222;08001;N;E;+05:30
India;Chhabra (Rajasthan);02439;07650;N;E;+05:30
India;Chhachrauli (Haryana);03014;07722;N;E;+05:30
India;Chhajarsi;02838;07723;N;E;+05:30
India;Chhalera Bangar;02833;07720;N;E;+05:30
India;Chhapar (U P);02934;07746;N;E;+05:30
India;Chhapara (M P);02222;07935;N;E;+05:30
India;Chhapra (Bihar);02546;08444;N;E;+05:30
India;Chhaprauli (U P);02912;07710;N;E;+05:30
India;Chhaprawat (U P);02832;07748;N;E;+05:30
India;Chharchh (M P);02524;07712;N;E;+05:30
India;Chharra (U P);02756;07824;N;E;+05:30
India;Chhata (U P);02743;07730;N;E;+05:30
India;Chhatapur (Bihar);02612;08701;N;E;+05:30
India;Chhatarpur (M P);02454;07935;N;E;+05:30
India;Chhatna (West Bengal);02318;08658;N;E;+05:30
India;Chhatrapur (Orissa);01926;08502;N;E;+05:30
India;Chhattarpur (Bihar);02423;08411;N;E;+05:30
India;Chheharta;03138;07448;N;E;+05:30
India;Chhibraman;02709;07930;N;E;+05:30
India;Chhinamor;02248;08818;N;E;+05:30
India;Chhindwara (M P);02204;07858;N;E;+05:30
India;Chhiraman (U P);02709;07930;N;E;+05:30
India;Chhiruti;02401;08811;N;E;+05:30
India;Chhitauni (U P);02709;08358;N;E;+05:30
India;Chhota Chhindwara (M P);02303;07929;N;E;+05:30
India;Chhota Udepur (Gujarat);02219;07401;N;E;+05:30
India;Chhoti Sadri;02422;07445;N;E;+05:30
India;Chhuikhadan (M P);02132;08102;N;E;+05:30
India;Chhuri (M P);02229;08240;N;E;+05:30
India;Chiahapui (Mizoram);02402;09311;N;E;+05:30
India;Chichgarh (Maharashtra);02054;08026;N;E;+05:30
India;Chichli (M P);02248;07852;N;E;+05:30
India;Chichola (M P);02200;07741;N;E;+05:30
India;Chichot;01133;07701;N;E;+05:30
India;Chichra;02219;08653;N;E;+05:30
India;Chickmagalur (Karnataka);01329;07743;N;E;+05:30
India;Chidambaram (Tamilnadu);01125;07942;N;E;+05:30
India;Chik Ballapur (Karnataka);01328;07744;N;E;+05:30
India;Chikalda (Maharashtra);02129;07721;N;E;+05:30
India;Chikhli (Gujarat);02127;07359;N;E;+05:30
India;Chikhli (Maharashtra);02021;07615;N;E;+05:30
India;Chikli (Gujarat);02045;07301;N;E;+05:30
India;Chikmagalur (Karnataka);01319;07547;N;E;+05:30
India;Chiknayakanhalli (Karnataka);01326;07637;N;E;+05:30
India;Chikodi Road (Karnataka);01625;07451;N;E;+05:30
India;Chikodi (Karnataka);01627;07437;N;E;+05:30
India;Chilakalurupet;01605;08010;N;E;+05:30
India;Chilas (J & K);03524;07411;N;E;+05:30
India;Chilhar (Bihar);02526;08359;N;E;+05:30
India;Chilkalke (Orissa);01935;08520;N;E;+05:30
India;Chillinji (J & K);03647;07402;N;E;+05:30
India;Chillypar (U P);02617;08330;N;E;+05:30
India;Chilo (Rajasthan);02725;07334;N;E;+05:30
India;Chilpi;02215;08133;N;E;+05:30
India;Chilpi (J & K);03614;07352;N;E;+05:30
India;Chilung Pass (J & K);03354;07617;N;E;+05:30
India;Chilwaria (U P);02730;08143;N;E;+05:30
India;Chimray (J & K);03354;07758;N;E;+05:30
India;Chimur (Maharashtra);02028;07922;N;E;+05:30
India;Chincholi (Karnataka);01629;07723;N;E;+05:30
India;Chineni (J & K);03301;07520;N;E;+05:30
India;Chineni (M P);02624;07733;N;E;+05:30
India;Chingleput;01242;08001;N;E;+05:30
India;Chinhat;02652;08102;N;E;+05:30
India;Chinna Ganjam (Andra Pradesh);01543;08026;N;E;+05:30
India;Chinna Salem (Tamilnadu);01140;07852;N;E;+05:30
India;Chinnamanur (Tamilnadu);00950;07724;N;E;+05:30
India;Chinni (H. P.);03133;07816;N;E;+05:30
India;Chinnur (Andra Pradesh);01853;07949;N;E;+05:30
India;Chinpai;02350;08728;N;E;+05:30
India;Chinsura (West Bengal);02253;08825;N;E;+05:30
India;Chintalnar (M P);01821;08116;N;E;+05:30
India;Chintamani (Karnataka);01326;07805;N;E;+05:30
India;Chipa Board (Rajasthan);02435;07642;N;E;+05:30
India;Chipalgarh;02544;08152;N;E;+05:30
India;Chiplun (Maharashtra);01732;07332;N;E;+05:30
India;Chipurupalle *V Patnam (Andra;01817;08345;N;E;+05:30
India;Chirad;01909;07307;N;E;+05:30
India;Chirakhal (Kerala);01156;07522;N;E;+05:30
India;Chirala *Guntur (Andra Pradesh;01559;08005;N;E;+05:30
India;Chirala (Andra Pradesh);01552;08026;N;E;+05:30
India;Chirawa (Rajasthan);02812;07542;N;E;+05:30
India;Chirayinkil (Kerala);00840;07650;N;E;+05:30
India;Chirgaon (U P);02534;07849;N;E;+05:30
India;Chiriakot (U P);02553;08320;N;E;+05:30
India;Chirki (Bihar);02402;08609;N;E;+05:30
India;Chirle;01856;07302;N;E;+05:30
India;Chirmiri (M P);02318;08226;N;E;+05:30
India;Chitaldrug;01416;07623;N;E;+05:30
India;Chitalwana (Rajasthan);02455;07144;N;E;+05:30
India;Chitapur;01707;07705;N;E;+05:30
India;Chitarda;02150;08657;N;E;+05:30
India;Chitkul (H. P.);03121;07824;N;E;+05:30
India;Chitorgarh (Rajasthan);02453;07438;N;E;+05:30
India;Chitradurga (Karnataka);01414;07624;N;E;+05:30
India;Chitrakut (U P);02513;08048;N;E;+05:30
India;Chitrasali;02252;08809;N;E;+05:30
India;Chitrod (Gujarat);02325;07042;N;E;+05:30
India;Chittaranjan (Bihar);02352;08640;N;E;+05:30
India;Chittoor (Andra Pradesh);01312;07907;N;E;+05:30
India;Chittur (Kerala);01042;07646;N;E;+05:30
India;Chityal (Andra Pradesh);01715;07911;N;E;+05:30
India;Chknayakanhalli;01325;07636;N;E;+05:30
India;Choali;02224;08824;N;E;+05:30
India;Chodavaram (Andra Pradesh);01728;08150;N;E;+05:30
India;Chohtan;02529;07104;N;E;+05:30
India;Chokodi Road;01655;07451;N;E;+05:30
India;Cholavandan (Tamilnadu);01000;07800;N;E;+05:30
India;Chomun (Rajasthan);02709;07544;N;E;+05:30
India;Chonkham (Assam);02748;09603;N;E;+05:30
India;Chopan (U P);02431;08302;N;E;+05:30
India;Chopda (Maharashtra);02115;07520;N;E;+05:30
India;Chopra (West Bengal);02620;08819;N;E;+05:30
India;Chora Saadatpur;02836;07721;N;E;+05:30
India;Chorgallia (U P);02906;07942;N;E;+05:30
India;Chorhat (M P);02426;08138;N;E;+05:30
India;Chorhata (M P);02424;08055;N;E;+05:30
India;Chorwad (Gujarat);02100;07019;N;E;+05:30
India;Chota Udaipur (Gujarat);02219;07313;N;E;+05:30
India;Chotan;02527;07108;N;E;+05:30
India;Chotila (Gujarat);02223;07118;N;E;+05:30
India;Chowghat (Kerala);01034;07601;N;E;+05:30
India;Chulung Pass (J & K);03459;07703;N;E;+05:30
India;Chumar (J & K);03238;07836;N;E;+05:30
India;Chumatang (J & K);03325;07820;N;E;+05:30
India;Chumo Lake;03316;07805;N;E;+05:30
India;Chunar (U P);02508;08254;N;E;+05:30
India;Chunchura (West Bengal);02254;08820;N;E;+05:30
India;Churachandpur;02420;09340;N;E;+05:30
India;Churelkhera (M P);02544;07744;N;E;+05:30
India;Churi;02229;08240;N;E;+05:30
India;Churk (U P);02440;08306;N;E;+05:30
India;Churu (Rajasthan);02818;07500;N;E;+05:30
India;Chushal (J & K);03330;08330;N;E;+05:30
India;Chutia (Assam);02645;09300;N;E;+05:30
India;Chutia (Bihar);02322;08525;N;E;+05:30
India;Cnangancheri;00926;07631;N;E;+05:30
India;Cochin (Kerala);00958;07614;N;E;+05:30
India;Cohir;01735;07740;N;E;+05:30
India;Coigong;02516;08713;N;E;+05:30
India;Coimbatore (Tamilnadu);01100;07658;N;E;+05:30
India;Colaba Point (Maharashtra);01854;07249;N;E;+05:30
India;Coleganj;02707;08142;N;E;+05:30
India;Colegong;02115;08715;N;E;+05:30
India;Coleroon (Tamilnadu);01120;07944;N;E;+05:30
India;Colgong (Bihar);02516;08717;N;E;+05:30
India;Colonelganj (U P);02708;08142;N;E;+05:30
India;Comorin Cape (Tamilnadu);00804;07735;N;E;+05:30
India;Conjeeveram;01250;07943;N;E;+05:30
India;Conoor;01121;07646;N;E;+05:30
India;Contai (West Bengal);02149;08746;N;E;+05:30
India;Cooch Bihar (West Bengal);02618;08932;N;E;+05:30
India;Coondapoor (Karnataka);01338;07442;N;E;+05:30
India;Coonoor (Tamilnadu);01121;07649;N;E;+05:30
India;Coringa (Andra Pradesh);01652;08219;N;E;+05:30
India;Cosaigon (Assam);02650;09417;N;E;+05:30
India;Covelong Beach (Tamilnadu);01246;08015;N;E;+05:30
India;Cranganur (Kerala);01012;07611;N;E;+05:30
India;Cross I *Bombay (Maharashtra);01857;07252;N;E;+05:30
India;Cuddalore (Tamilnadu);01143;07946;N;E;+05:30
India;Cuddapah (Andra Pradesh);01430;07850;N;E;+05:30
India;Cumbum (Andra Pradesh);01534;07909;N;E;+05:30
India;Cuttack (Orissa);02026;08556;N;E;+05:30
India;Dabahaura (M P);02508;08118;N;E;+05:30
India;Dabhoi (Gujarat);02208;07328;N;E;+05:30
India;Dabhol (Maharashtra);01740;07310;N;E;+05:30
India;Dabi (Rajasthan);02510;07534;N;E;+05:30
India;Daboh (M P);02601;07853;N;E;+05:30
India;Dabra (M P);02556;07820;N;E;+05:30
India;Dachepalle (Andra Pradesh);01637;07945;N;E;+05:30
India;Dadahu (H. P.);03036;07727;N;E;+05:30
India;Dadari (Haryana);02552;07742;N;E;+05:30
India;Dadon (U P);02758;07827;N;E;+05:30
India;Dadori (M P);02552;07742;N;E;+05:30
India;Dadpur;02242;08833;N;E;+05:30
India;Dadra (Dadra & Nagra);02022;07300;N;E;+05:30
India;Dadri (U P);02833;07733;N;E;+05:30
India;Daflapur (Maharashtra);01659;07509;N;E;+05:30
India;Dag (Rajasthan);02357;07552;N;E;+05:30
India;Dagmara (Bihar);02623;08645;N;E;+05:30
India;Dagraha;02527;08706;N;E;+05:30
India;Dagshai (H. P.);03053;07702;N;E;+05:30
India;Dahanu (Maharashtra);01959;07246;N;E;+05:30
India;Dahibhat;02624;08741;N;E;+05:30
India;Dahijuri (West Bengal);02231;08659;N;E;+05:30
India;Dahivadi;01743;07435;N;E;+05:30
India;Daigomai;02606;09047;N;E;+05:30
India;Daigsahi (H. P.);03053;07706;N;E;+05:30
India;Daikola;02552;08751;N;E;+05:30
India;Dainhat;02337;08804;N;E;+05:30
India;Dakaur (Bihar);02248;07313;N;E;+05:30
India;Dakoank;00702;09343;N;E;+05:30
India;Dakor (Gujarat);02248;07313;N;E;+05:30
India;Dakshingram;02403;08748;N;E;+05:30
India;Dalaud (Rajasthan);02339;07452;N;E;+05:30
India;Dalauda (M P);02358;07512;N;E;+05:30
India;Dalbana;02536;07544;N;E;+05:30
India;Dalhousie (H. P.);03232;07601;N;E;+05:30
India;Dalkola (Bihar);02600;08758;N;E;+05:30
India;Dalkola (West Bengal);02553;08750;N;E;+05:30
India;Dalli Rajhara (M P);02035;08104;N;E;+05:30
India;Dalmau (U P);02604;08102;N;E;+05:30
India;Dalmi (Bihar);02303;08602;N;E;+05:30
India;Dalsingh Sarai (Bihar);02541;08550;N;E;+05:30
India;Dalsingpara;02647;08922;N;E;+05:30
India;Daltonganj (Bihar);02402;08407;N;E;+05:30
India;Dalwad (Karnataka);01635;07438;N;E;+05:30
India;Dam Dim (West Bengal);02652;08242;N;E;+05:30
India;Daman (Gujarat);02025;07251;N;E;+05:30
India;Daman (Maharashtra);02044;07245;N;E;+05:30
India;Damao Port;02025;07258;N;E;+05:30
India;Damchara (Assam);02501;09245;N;E;+05:30
India;Damoh (M P);02350;07930;N;E;+05:30
India;Damorh (Assam);02824;09517;N;E;+05:30
India;Damotapada;01903;07304;N;E;+05:30
India;Danaiwan;02526;08516;N;E;+05:30
India;Danapur (Bihar);02538;08503;N;E;+05:30
India;Danda (Maharashtra);01905;07250;N;E;+05:30
India;Dandeli (Karnataka);01515;07437;N;E;+05:30
India;Danga;02247;08828;N;E;+05:30
India;Dangadiha;02130;08619;N;E;+05:30
India;Dangraha (Bihar);02527;08706;N;E;+05:30
India;Danguri (Assam);02740;09535;N;E;+05:30
India;Daniawan (Bihar);02526;08516;N;E;+05:30
India;Dankaur (U P);02821;07734;N;E;+05:30
India;Dankhar (H. P.);03208;07812;N;E;+05:30
India;Danta (Gujarat);02413;07250;N;E;+05:30
India;Danta (Rajasthan);02716;07517;N;E;+05:30
India;Dantan (West Bengal);02157;08720;N;E;+05:30
India;Dantewara (M P);01852;08125;N;E;+05:30
India;Danua (Bihar);02427;08510;N;E;+05:30
India;Daphabum Mount (Assam);02740;09640;N;E;+05:30
India;Dapoli (Maharashtra);01749;07312;N;E;+05:30
India;Daranagar *Allahabad (U P);02541;08121;N;E;+05:30
India;Daranagar *Bijnor (U P);02918;07807;N;E;+05:30
India;Daranga (Assam);02651;09126;N;E;+05:30
India;Darauli (Bihar);02605;08408;N;E;+05:30
India;Darave;01902;07301;N;E;+05:30
India;Darbhanga (Bihar);02610;08554;N;E;+05:30
India;Dardistan (J & K);03530;07450;N;E;+05:30
India;Dargauti (Bihar);02513;08533;N;E;+05:30
India;Dargawan (M P);02425;07917;N;E;+05:30
India;Darjeeling (West Bengal);02702;08820;N;E;+05:30
India;Darkoti (H. P.);03107;07735;N;E;+05:30
India;Darmaraopet (Andra Pradesh);01823;07954;N;E;+05:30
India;Darodih;02314;08627;N;E;+05:30
India;Daroi (J & K);03640;07327;N;E;+05:30
India;Darsi (Andra Pradesh);01547;07943;N;E;+05:30
India;Darwha (Maharashtra);02019;07746;N;E;+05:30
India;Daryabad (U P);02654;08131;N;E;+05:30
India;Daryaoganj (U P);02736;07905;N;E;+05:30
India;Daryapur (Maharashtra);02056;07720;N;E;+05:30
India;Dasada (Gujarat);02318;07155;N;E;+05:30
India;Dasna (U P);02841;07731;N;E;+05:30
India;Daspalla (Orissa);02020;08458;N;E;+05:30
India;Daspar Mount (J & K);03635;07324;N;E;+05:30
India;Daspur;02058;08609;N;E;+05:30
India;Dasuya (Punjab);03148;07542;N;E;+05:30
India;Dataganj (U P);02801;07924;N;E;+05:30
India;Datha (Gujarat);02110;07201;N;E;+05:30
India;Datia (M P);02541;07828;N;E;+05:30
India;Dativli;01911;07303;N;E;+05:30
India;Datma (Assam);02630;09010;N;E;+05:30
India;Datra;02258;08816;N;E;+05:30
India;Datta Khel;03255;06951;N;E;+05:30
India;Dattapukur;02245;08833;N;E;+05:30
India;Dattapulia;02314;08843;N;E;+05:30
India;Dattapur;02046;07815;N;E;+05:30
India;Daudnagar (Bihar);02503;08424;N;E;+05:30
India;Daudpur (Bihar);02554;08437;N;E;+05:30
India;Daulatabad (Maharashtra);01957;07518;N;E;+05:30
India;Daulatpur;02226;08818;N;E;+05:30
India;Daule;01910;07303;N;E;+05:30
India;Daund (Maharashtra);01828;07436;N;E;+05:30
India;Daurani Madhipura (Bihar);02555;08643;N;E;+05:30
India;Dausa (Rajasthan);02651;07621;N;E;+05:30
India;Davangere (Karnataka);01430;07552;N;E;+05:30
India;Dawani (U P);02553;08335;N;E;+05:30
India;Dayghar;01909;07303;N;E;+05:30
India;Debagram (West Bengal);02341;08818;N;E;+05:30
India;Debanandapur;02256;08822;N;E;+05:30
India;Debiapur;02638;07932;N;E;+05:30
India;Debinagar (Bihar);02426;08738;N;E;+05:30
India;Debipur;02414;08838;N;E;+05:30
India;Debogram (West Bengal);02340;08817;N;E;+05:30
India;Debra (West Bengal);02224;08733;N;E;+05:30
India;Dechu;02647;07220;N;E;+05:30
India;Dedan (Gujarat);02101;07122;N;E;+05:30
India;Dediapada;02138;07335;N;E;+05:30
India;Deeg;02728;07720;N;E;+05:30
India;Deesa (Gujarat);02414;07213;N;E;+05:30
India;Degana (Rajasthan);02646;07417;N;E;+05:30
India;Deganga;02240;08839;N;E;+05:30
India;Deglia (Rajasthan);02403;07442;N;E;+05:30
India;Deharda;02140;08725;N;E;+05:30
India;Dehej (Gujarat);02142;07240;N;E;+05:30
India;Dehradun (U P);03019;07803;N;E;+05:30
India;Dehri (Bihar);02455;08411;N;E;+05:30
India;Dehri (M P);02443;07743;N;E;+05:30
India;Dehri *Shahabad (Bihar);02526;08350;N;E;+05:30
India;Dehu;01835;07351;N;E;+05:30
India;Dehwa (U P);02559;08357;N;E;+05:30
India;Delgur;01833;07735;N;E;+05:30
India;Delhi;02839;07713;N;E;+05:30
India;Delly Mount;01204;07513;N;E;+05:30
India;Delma Peak (Bihar);02253;08614;N;E;+05:30
India;Delugaon Raja;02001;07610;N;E;+05:30
India;Delvada (Gujarat);02046;07115;N;E;+05:30
India;Delwa (Rajasthan);02819;07404;N;E;+05:30
India;Delwara (Rajasthan);02451;07350;N;E;+05:30
India;Dening;02800;09617;N;E;+05:30
India;Denkanikota;01232;07748;N;E;+05:30
India;Deo (Bihar);02440;08427;N;E;+05:30
India;Deoband (U P);02941;07740;N;E;+05:30
India;Deobhog (M P);01953;08244;N;E;+05:30
India;Deocha;02403;08735;N;E;+05:30
India;Deodanr (Bihar);02439;08719;N;E;+05:30
India;Deodar;02408;07150;N;E;+05:30
India;Deodnar;01953;08719;N;E;+05:30
India;Deodrug (Karnataka);01625;07653;N;E;+05:30
India;Deogaon (U P);02545;08258;N;E;+05:30
India;Deogarh Peak;02331;08224;N;E;+05:30
India;Deogarh (M P);02151;07850;N;E;+05:30
India;Deogarh (Orissa);02132;08446;N;E;+05:30
India;Deogarh (Rajasthan);02531;07358;N;E;+05:30
India;Deogarh (U P);02432;07814;N;E;+05:30
India;Deoghar (Bihar);02431;08642;N;E;+05:30
India;Deola (M P);02157;07556;N;E;+05:30
India;Deolali (Maharashtra);01958;07354;N;E;+05:30
India;Deoli (Maharashtra);02037;07837;N;E;+05:30
India;Deoli (Orissa);02201;08654;N;E;+05:30
India;Deolia (Rajasthan);02402;07442;N;E;+05:30
India;Deoraha (M P);02458;07906;N;E;+05:30
India;Deori *Raipur (M P);02129;08241;N;E;+05:30
India;Deori *Sagar (M P);02323;07905;N;E;+05:30
India;Deoria (U P);02631;08348;N;E;+05:30
India;Deosil (M P);02345;08232;N;E;+05:30
India;Depal;02144;08733;N;E;+05:30
India;Depalpur (M P);02250;07533;N;E;+05:30
India;Depara;02253;08834;N;E;+05:30
India;Dera Babananak (Punjab);03201;07507;N;E;+05:30
India;Dera Gopipur;03154;07613;N;E;+05:30
India;Dera (H. P.);03152;07616;N;E;+05:30
India;Derapur (U P);02625;07948;N;E;+05:30
India;Dergaon;02642;09358;N;E;+05:30
India;Derwa (U P);02550;08142;N;E;+05:30
India;Deshiatoli (Bihar);02615;08756;N;E;+05:30
India;Deshnok (Rajasthan);02749;07322;N;E;+05:30
India;Desri (Bihar);02537;08601;N;E;+05:30
India;Desuri (Rajasthan);02514;07331;N;E;+05:30
India;Deulgaon Raja (Maharashtra);02001;07610;N;E;+05:30
India;Deulpur;02236;08810;N;E;+05:30
India;Deulti;02226;08756;N;E;+05:30
India;Devadurga (Karnataka);01625;07653;N;E;+05:30
India;Devakonda;01643;07858;N;E;+05:30
India;Devakottai (Tamilnadu);00955;07855;N;E;+05:30
India;Devalpalli (Andra Pradesh);01657;07928;N;E;+05:30
India;Devanhalli (Karnataka);01314;07740;N;E;+05:30
India;Devaprayag (U P);03009;07836;N;E;+05:30
India;Devarkonda (Andra Pradesh);01643;07558;N;E;+05:30
India;Devgad Baria (Gujarat);02242;07354;N;E;+05:30
India;Devgarh (Maharashtra);01624;07325;N;E;+05:30
India;Devikot (Rajasthan);02638;07109;N;E;+05:30
India;Devikot (West Bengal);02524;08847;N;E;+05:30
India;Devipattinam (Tamilnadu);00929;07855;N;E;+05:30
India;Devli (Rajasthan);02546;07525;N;E;+05:30
India;Devrukh (Maharashtra);01705;07340;N;E;+05:30
India;Dewa (U P);02705;08110;N;E;+05:30
India;Dewal (U P);02525;08347;N;E;+05:30
India;Dewala (Maharashtra);02006;07908;N;E;+05:30
India;Dewas (M P);02259;07603;N;E;+05:30
India;Dewgara Baria;02244;07352;N;E;+05:30
India;Dhabai;02426;08219;N;E;+05:30
India;Dhadka;02247;08630;N;E;+05:30
India;Dhahwa (U P);02835;08042;N;E;+05:30
India;Dhaka (Bihar);02641;08510;N;E;+05:30
India;Dhakauli (M P);02444;07752;N;E;+05:30
India;Dhakaunni (U P);02712;08037;N;E;+05:30
India;Dhakuakhana (Assam);02713;09426;N;E;+05:30
India;Dhalgaon (Maharashtra);01708;07500;N;E;+05:30
India;Dhamaul (Bihar);02457;08551;N;E;+05:30
India;Dhamnar (M P);02412;07532;N;E;+05:30
India;Dhamni (Bihar);02449;08729;N;E;+05:30
India;Dhamoni (M P);02411;07846;N;E;+05:30
India;Dhampur (U P);02918;07832;N;E;+05:30
India;Dhamra (Orissa);02049;08658;N;E;+05:30
India;Dhamtari (M P);02043;08136;N;E;+05:30
India;Dhanaula;03027;07535;N;E;+05:30
India;Dhanaura (U P);02857;07815;N;E;+05:30
India;Dhanbad (Bihar);02347;08632;N;E;+05:30
India;Dhanduka (Gujarat);02222;07205;N;E;+05:30
India;Dhanech (H. P.);03056;07722;N;E;+05:30
India;Dhanepur (U P);02713;08208;N;E;+05:30
India;Dhanera (Gujarat);02429;07208;N;E;+05:30
India;Dhanesa (U P);02636;08135;N;E;+05:30
India;Dhaneshari (Bihar);02559;08708;N;E;+05:30
India;Dhang (Bihar);02642;08520;N;E;+05:30
India;Dhangain *Gaya (Bihar);02514;08414;N;E;+05:30
India;Dhangain *Shahabad (Bihar);02425;08457;N;E;+05:30
India;Dhanghata (U P);02633;08301;N;E;+05:30
India;Dhaniakheli;02258;08806;N;E;+05:30
India;Dhankanal;02040;08536;N;E;+05:30
India;Dhansar;01907;07305;N;E;+05:30
India;Dhansia (Rajasthan);02855;07428;N;E;+05:30
India;Dhansua (M P);02150;08022;N;E;+05:30
India;Dhantori (Haryana);03004;07653;N;E;+05:30
India;Dhanushkodi (Tamilnadu);00912;07925;N;E;+05:30
India;Dhanwar (Bihar);02424;08558;N;E;+05:30
India;Dhanyahana;02248;08811;N;E;+05:30
India;Dhaoli (M P);02123;07530;N;E;+05:30
India;Dhar (H. P.);03129;07742;N;E;+05:30
India;Dhar (M P);02232;07524;N;E;+05:30
India;Dhara (H. P.);03150;07715;N;E;+05:30
India;Dharakota (Orissa);01941;08436;N;E;+05:30
India;Dharamkot (Punjab);03056;07514;N;E;+05:30
India;Dharampur (Gujarat);02031;07316;N;E;+05:30
India;Dharampur (M P);02215;07520;N;E;+05:30
India;Dharampura (M P);02458;08027;N;E;+05:30
India;Dharangaon;02101;07516;N;E;+05:30
India;Dharapuram (Tamilnadu);01045;07733;N;E;+05:30
India;Dharasu (U P);03037;07819;N;E;+05:30
India;Dhari (Gujarat);02120;07100;N;E;+05:30
India;Dhariwal;03157;07519;N;E;+05:30
India;Dharma Pass;03028;08030;N;E;+05:30
India;Dharmabad;01854;07751;N;E;+05:30
India;Dharmanpur (U P);02812;08114;N;E;+05:30
India;Dharmapuri (Tamilnadu);01211;07807;N;E;+05:30
India;Dharmavaram (Andra Pradesh);01427;07744;N;E;+05:30
India;Dharmjaygarh (M P);02228;08313;N;E;+05:30
India;Dharmkot (Punjab);03057;07518;N;E;+05:30
India;Dharmsala (H. P.);03214;07624;N;E;+05:30
India;Dharmsala (Orissa);02045;08613;N;E;+05:30
India;Dharnaoda (M P);02433;07705;N;E;+05:30
India;Dharni;02133;07653;N;E;+05:30
India;Dharur (Andra Pradesh);01718;07744;N;E;+05:30
India;Dharur (Maharashtra);01849;07614;N;E;+05:30
India;Dharwar (Karnataka);01530;07504;N;E;+05:30
India;Dharwas (H. P.);03308;07622;N;E;+05:30
India;Dhasa (Gujarat);02149;07138;N;E;+05:30
India;Dhata (U P);02532;08114;N;E;+05:30
India;Dhatrigram;02315;08820;N;E;+05:30
India;Dhauli;02123;07530;N;E;+05:30
India;Dhaulpur (Rajasthan);02643;07754;N;E;+05:30
India;Dhauraha;02800;08106;N;E;+05:30
India;Dhaurra (U P);02427;07818;N;E;+05:30
India;Dhekijuli (Assam);02649;09228;N;E;+05:30
India;Dhenkanal (Orissa);02040;08539;N;E;+05:30
India;Dhilwan (Punjab);03132;07524;N;E;+05:30
India;Dhiran Dzong;02725;09217;N;E;+05:30
India;Dhoa (Haryana);03011;07702;N;E;+05:30
India;Dhokra;02240;08834;N;E;+05:30
India;Dhola (Gujarat);02050;07149;N;E;+05:30
India;Dholera (Gujarat);02216;07218;N;E;+05:30
India;Dholka (Gujarat);02242;07238;N;E;+05:30
India;Dholpur (Orissa);02038;08427;N;E;+05:30
India;Dholpur (Rajasthan);02643;07753;N;E;+05:30
India;Dhond;01828;07438;N;E;+05:30
India;Dhonda (Maharashtra);01620;07340;N;E;+05:30
India;Dhone (Andra Pradesh);01528;07752;N;E;+05:30
India;Dhoraji (Gujarat);02142;07032;N;E;+05:30
India;Dhori (Gujarat);02325;06946;N;E;+05:30
India;Dhosha;02215;08833;N;E;+05:30
India;Dhowa;02403;08654;N;E;+05:30
India;Dhrangadhra (Gujarat);02259;07139;N;E;+05:30
India;Dhrol (Gujarat);02233;07030;N;E;+05:30
India;Dhubia;02052;07450;N;E;+05:30
India;Dhubian;02441;08758;N;E;+05:30
India;Dhuburi (Assam);02602;08958;N;E;+05:30
India;Dhulagarh;02235;08811;N;E;+05:30
India;Dhule (Gujarat);02054;07447;N;E;+05:30
India;Dhulian (West Bengal);02441;08758;N;E;+05:30
India;Dhullia (Maharashtra);02053;07450;N;E;+05:30
India;Dhuma (M P);02244;07945;N;E;+05:30
India;Dhumri (U P);02732;07855;N;E;+05:30
India;Dhupgari;02636;08901;N;E;+05:30
India;Dhurbi;02601;09000;N;E;+05:30
India;Dhuri (Punjab);03022;07553;N;E;+05:30
India;Dhurwai (U P);02530;07903;N;E;+05:30
India;Diamond Harbor (West Bengal);02211;08812;N;E;+05:30
India;Diawan (Bihar);02523;08516;N;E;+05:30
India;Dibai (U P);02813;07815;N;E;+05:30
India;Dibiyapur (U P);02638;07932;N;E;+05:30
India;Dibrugarh (Assam);02729;09456;N;E;+05:30
India;Didwana (Rajasthan);02723;07436;N;E;+05:30
India;Dig (Rajasthan);02728;07719;N;E;+05:30
India;Digambarpur;02157;08822;N;E;+05:30
India;Digaphandi (Orissa);01925;08436;N;E;+05:30
India;Digaura (M P);02457;07850;N;E;+05:30
India;Digawa;02457;07850;N;E;+05:30
India;Digboi (Assam);02722;09534;N;E;+05:30
India;Diggi (Rajasthan);02626;07532;N;E;+05:30
India;Digha Bank (Bihar);02627;08751;N;E;+05:30
India;Digha (West Bengal);02140;08739;N;E;+05:30
India;Dighipara;02158;08817;N;E;+05:30
India;Dighode;01854;07302;N;E;+05:30
India;Dighra;02247;08832;N;E;+05:30
India;Dighwara (Bihar);02541;08501;N;E;+05:30
India;Diglur (Maharashtra);01833;07736;N;E;+05:30
India;Dignagar;02327;08741;N;E;+05:30
India;Digra;02250;08820;N;E;+05:30
India;Digras (Maharashtra);02006;07748;N;E;+05:30
India;Digupud (Orissa);01912;08434;N;E;+05:30
India;Dihai;02813;07813;N;E;+05:30
India;Dihing Bridge;02718;09537;N;E;+05:30
India;Dikchu (Sikkim);02726;08840;N;E;+05:30
India;Diksal;01819;07450;N;E;+05:30
India;Dilara Nagar (U P);02524;08342;N;E;+05:30
India;Dilerpur;02251;08810;N;E;+05:30
India;Dimapur (Assam);02554;09345;N;E;+05:30
India;Dinanagar (Punjab);03210;07531;N;E;+05:30
India;Dinapore (Bihar);02538;08503;N;E;+05:30
India;Dindigul (Tamilnadu);01023;07800;N;E;+05:30
India;Dindori (M P);02257;08109;N;E;+05:30
India;Dindori (Maharashtra);02012;07354;N;E;+05:30
India;Dingwahi (U P);02524;08024;N;E;+05:30
India;Dinhata (West Bengal);02607;08934;N;E;+05:30
India;Diodar (Gujarat);02406;07147;N;E;+05:30
India;Diphu (Assam);02550;09325;N;E;+05:30
India;Dipnagar (Bihar);02511;08529;N;E;+05:30
India;Dipu Port;02041;07103;N;E;+05:30
India;Dirang (Assam);02725;09217;N;E;+05:30
India;Dirangdzong (Aru. Pradesh.);02714;09218;N;E;+05:30
India;Dishergarh;02341;08650;N;E;+05:30
India;Dispur (Assam);02803;09152;N;E;+05:30
India;Diu (Gujarat);02041;07103;N;E;+05:30
India;Diva;01909;07259;N;E;+05:30
India;Dive;01911;07302;N;E;+05:30
India;Divi Port (Andra Pradesh);01559;08114;N;E;+05:30
India;Diwaitha (U P);02522;08339;N;E;+05:30
India;Diyalle Chak (J & K);03225;07518;N;E;+05:30
India;Dobhi (Bihar);02434;08456;N;E;+05:30
India;Dod Ballapur (Karnataka);01318;07732;N;E;+05:30
India;Doda (J & K);03309;07536;N;E;+05:30
India;Dodabetta Mt (Tamilnadu);01126;07645;N;E;+05:30
India;Dogachia;02258;08831;N;E;+05:30
India;Dogadda;02948;07837;N;E;+05:30
India;Dohad (Gujarat);02248;07418;N;E;+05:30
India;Dohhi;02432;08454;N;E;+05:30
India;Dohrighat (U P);02615;08332;N;E;+05:30
India;Doisanagar (Bihar);02308;08452;N;E;+05:30
India;Dolia (Gujarat);02230;07124;N;E;+05:30
India;Domariaganj (U P);02712;08240;N;E;+05:30
India;Domel (J & K);03422;07322;N;E;+05:30
India;Domohani;02635;08848;N;E;+05:30
India;Dondaicha;02120;07434;N;E;+05:30
India;Dondi (M P);02030;08110;N;E;+05:30
India;Dong (Assam);02802;09702;N;E;+05:30
India;Dongargaon (M P);02058;08053;N;E;+05:30
India;Dongargarh (M P);02112;08051;N;E;+05:30
India;Dongkyala (Sikkim);02758;08851;N;E;+05:30
India;Doraha;03049;07601;N;E;+05:30
India;Doranda (Bihar);02318;08520;N;E;+05:30
India;Doriganj (Bihar);02545;08449;N;E;+05:30
India;Dornakal (Andra Pradesh);01726;08013;N;E;+05:30
India;Dostpur (U P);02617;08228;N;E;+05:30
India;Dowlishwaram (Andra Pradesh);01657;08153;N;E;+05:30
India;Drafa (Gujarat);02159;07010;N;E;+05:30
India;Drang (H. P.);03148;07655;N;E;+05:30
India;Dras (J & K);03426;07546;N;E;+05:30
India;Drummondganj (U P);02453;08210;N;E;+05:30
India;Dubaulia (U P);02642;08230;N;E;+05:30
India;Dubi Bheri;02253;08817;N;E;+05:30
India;Dubra;02332;08631;N;E;+05:30
India;Dubrajpur (West Bengal);02346;08724;N;E;+05:30
India;Dudhai (U P);02426;07822;N;E;+05:30
India;Dudhi (U P);02409;08316;N;E;+05:30
India;Dudhnai (Assam);02559;09048;N;E;+05:30
India;Dudoda;01800;07856;N;E;+05:30
India;Dudra (West Bengal);02332;08632;N;E;+05:30
India;Dudu (Rajasthan);02642;07514;N;E;+05:30
India;Dudwa (U P);02830;08040;N;E;+05:30
India;Duff Dunbar;03215;07712;N;E;+05:30
India;Dugari (Rajasthan);02542;07550;N;E;+05:30
India;Dugasra (M P);02451;07737;N;E;+05:30
India;Dujana (Haryana);02842;07642;N;E;+05:30
India;Dulampur (Bihar);02425;08627;N;E;+05:30
India;Dullabchara (Assam);02425;09222;N;E;+05:30
India;Dulmera (Rajasthan);02818;07331;N;E;+05:30
India;Dum Duma (Assam);02733;09533;N;E;+05:30
India;Dumaraon;02533;08410;N;E;+05:30
India;Dumaria (Bihar);02427;08424;N;E;+05:30
India;Dumdum (West Bengal);02237;08825;N;E;+05:30
India;Dumjor;02238;08813;N;E;+05:30
India;Dumka (Bihar);02417;08715;N;E;+05:30
India;Dummagudem (Andra Pradesh);01751;08057;N;E;+05:30
India;Dumra (Bihar);02502;08348;N;E;+05:30
India;Dumraon (Bihar);02533;08409;N;E;+05:30
India;Dumri (Bihar);02529;08505;N;E;+05:30
India;Dumurie;02211;08620;N;E;+05:30
India;Dunagiri Mt (U P);03027;07950;N;E;+05:30
India;Dundahera;02838;07726;N;E;+05:30
India;Dundwarganj (U P);02744;07856;N;E;+05:30
India;Dungarpur (Rajasthan);02355;07348;N;E;+05:30
India;Duni (Rajasthan);02552;07541;N;E;+05:30
India;Dupadu (Andra Pradesh);01557;07922;N;E;+05:30
India;Duraguti;02513;08333;N;E;+05:30
India;Duraha (M P);02327;07713;N;E;+05:30
India;Durg (M P);02112;08120;N;E;+05:30
India;Durgapur Barrage (West Bengal);02324;08727;N;E;+05:30
India;Durgapur (Bihar);02447;08744;N;E;+05:30
India;Durgapur (West Bengal);02330;08720;N;E;+05:30
India;Durjanpur (Haryana);02927;07601;N;E;+05:30
India;Durlabhpur;02247;08829;N;E;+05:30
India;Dwarbasini;02259;08814;N;E;+05:30
India;Dwarka (Gujarat);02214;06858;N;E;+05:30
India;Dwarkaganj (U P);02620;08206;N;E;+05:30
India;Dwarli;01912;07308;N;E;+05:30
India;Edavanna (Kerala);01112;07611;N;E;+05:30
India;Egra;02154;08732;N;E;+05:30
India;Eibri;02906;07703;N;E;+05:30
India;Eirauli;01910;07259;N;E;+05:30
India;Ekangar Sarai (Bihar);02514;08514;N;E;+05:30
India;Ekchari (Bihar);02513;08714;N;E;+05:30
India;Ekdari (Bihar);02651;08501;N;E;+05:30
India;Eklingji (Rajasthan);02455;07350;N;E;+05:30
India;Eksara;02238;08817;N;E;+05:30
India;Elamanchlli (Andra Pradesh);01733;08301;N;E;+05:30
India;Ellenabad (Haryana);02925;07440;N;E;+05:30
India;Elliehpur;02112;07708;N;E;+05:30
India;Ellora (Maharashtra);02004;07515;N;E;+05:30
India;Elluru (Andra Pradesh);01645;08110;N;E;+05:30
India;Elura;02001;07510;N;E;+05:30
India;Emmiganuru (Andra Pradesh);01544;07729;N;E;+05:30
India;English Bazar (West Bengal);02500;08812;N;E;+05:30
India;Ennar (Tamilnadu);01314;08020;N;E;+05:30
India;Eonti (U P);02524;08328;N;E;+05:30
India;Erachh;02547;07905;N;E;+05:30
India;Eran;02352;07818;N;E;+05:30
India;Erandol (Maharashtra);02053;07523;N;E;+05:30
India;Erich (U P);02747;07905;N;E;+05:30
India;Erinpura Road (Rajasthan);02504;07313;N;E;+05:30
India;Erinpura (Rajasthan);02509;07309;N;E;+05:30
India;Ernakulam (Kerala);01000;07616;N;E;+05:30
India;Erode (Tamilnadu);01121;07743;N;E;+05:30
India;Eruar;02328;08752;N;E;+05:30
India;Etah (U P);02733;07839;N;E;+05:30
India;Etawa (M P);02408;07813;N;E;+05:30
India;Etawah (Rajasthan);02532;07622;N;E;+05:30
India;Etawah (U P);02646;07902;N;E;+05:30
India;Etmadpur (U P);02714;07812;N;E;+05:30
India;Ettaiyapuram (Tamilnadu);00909;07801;N;E;+05:30
India;Ettumanur (Kerala);00939;07634;N;E;+05:30
India;Faizabad (U P);02646;08208;N;E;+05:30
India;Fakharpur (U P);02725;08132;N;E;+05:30
India;Fakirganj;02558;09002;N;E;+05:30
India;Fakirgram (Assam);02622;09015;N;E;+05:30
India;Falakata (West Bengal);02632;08916;N;E;+05:30
India;False Pt (Orissa);02022;08652;N;E;+05:30
India;Falta;02218;08808;N;E;+05:30
India;Farah (U P);02720;07747;N;E;+05:30
India;Farakka Barrage (West Bengal);02443;08755;N;E;+05:30
India;Farakka (West Bengal);02450;08754;N;E;+05:30
India;Faridabad (Haryana);02824;07718;N;E;+05:30
India;Faridkot (Punjab);03042;07447;N;E;+05:30
India;Faridnagar;02846;07737;N;E;+05:30
India;Faridpur (U P);02812;07932;N;E;+05:30
India;Farkawn (Mizoram);02308;09316;N;E;+05:30
India;Farrukhabad (U P);02723;07935;N;E;+05:30
India;Farrukhnagar (Haryana);02828;07651;N;E;+05:30
India;Fatahpur (U P);03003;07745;N;E;+05:30
India;Fatakata;02632;07916;N;E;+05:30
India;Fatehabad (Haryana);02931;07527;N;E;+05:30
India;Fatehbad (U P);02701;07818;N;E;+05:30
India;Fatehgarh Churian;03152;07458;N;E;+05:30
India;Fatehgarh (M P);02447;07700;N;E;+05:30
India;Fatehgarh (U P);02722;07938;N;E;+05:30
India;Fatehgarj Sharki;02806;07938;N;E;+05:30
India;Fatehpur Sikri (U P);02706;07739;N;E;+05:30
India;Fatehpur *Shahba (Bihar);02532;08520;N;E;+05:30
India;Fatehpur (Bihar);02438;08514;N;E;+05:30
India;Fatehpur *Fatehpur (U P);02556;08055;N;E;+05:30
India;Fatehpur (Rajasthan);02759;07501;N;E;+05:30
India;Fatehpur (U P);02710;08712;N;E;+05:30
India;Fathkhelda (Maharashtra);02013;07629;N;E;+05:30
India;Fatwa;02530;08518;N;E;+05:30
India;Fazilka (Punjab);03026;07404;N;E;+05:30
India;Fedusar (Rajasthan);02614;07259;N;E;+05:30
India;Ferokh (Kerala);01110;07550;N;E;+05:30
India;Ferozeshalir (Punjab);03054;07450;N;E;+05:30
India;Firozabad (Delhi);02838;07714;N;E;+05:30
India;Firozabad (U P);02709;07824;N;E;+05:30
India;Firozpur Jhirka (Haryana);02745;07658;N;E;+05:30
India;Firozpur (Punjab);03055;07438;N;E;+05:30
India;Forbesganj (Bihar);02618;08716;N;E;+05:30
India;Fort Songad (Gujarat);02112;07342;N;E;+05:30
India;Fort St David (Tamilnadu);01146;07946;N;E;+05:30
India;Fort St George (Tamilnadu);01303;08017;N;E;+05:30
India;Fort William (West Bengal);02233;08820;N;E;+05:30
India;Funde;01854;07258;N;E;+05:30
India;Gad Hinglaj (Maharashtra);01615;07427;N;E;+05:30
India;Gadag (Karnataka);01526;07542;N;E;+05:30
India;Gadarwara (M P);02252;07850;N;E;+05:30
India;Gadhada Bhavnagar (Gujarat);02159;07140;N;E;+05:30
India;Gadhada Kutch (Gujarat);02350;07025;N;E;+05:30
India;Gadhia (Gujarat);02111;07113;N;E;+05:30
India;Gadhka (Gujarat);02208;06928;N;E;+05:30
India;Gadhra (Gujarat);02053;07100;N;E;+05:30
India;Gadwal (Andra Pradesh);01615;07750;N;E;+05:30
India;Gadwin Austin (J & K);03530;07632;N;E;+05:30
India;Gagangir (J & K);03417;07512;N;E;+05:30
India;Gagaon (M P);02154;07546;N;E;+05:30
India;Gagraah (Rajasthan);02440;07612;N;E;+05:30
India;Gagret;03140;07604;N;E;+05:30
India;Gahmar (U P);02530;08349;N;E;+05:30
India;Gaighata;02256;08844;N;E;+05:30
India;Gailakot (Rajasthan);02332;07402;N;E;+05:30
India;Gainsari (U P);02731;08232;N;E;+05:30
India;Gaj Singhpur;02940;07327;N;E;+05:30
India;Gaja;02252;08810;N;E;+05:30
India;Gajapathinagaram (Andra Prades;01820;08329;N;E;+05:30
India;Gajendragarh;01544;07559;N;E;+05:30
India;Gajner (U P);02617;08004;N;E;+05:30
India;Gajol (West Bengal);02510;08816;N;E;+05:30
India;Gakuch (J & K);03610;07350;N;E;+05:30
India;Galgalia (West Bengal);02633;08810;N;E;+05:30
India;Galleri (Orissa);02006;08436;N;E;+05:30
India;Galsi;02320;08742;N;E;+05:30
India;Gamna Hanu (J & K);03439;07638;N;E;+05:30
India;Gandai (U P);02141;08110;N;E;+05:30
India;Gandarbal (J & K);03414;07447;N;E;+05:30
India;Gande;02410;07626;N;E;+05:30
India;Gandhidam (Gujarat);02307;07010;N;E;+05:30
India;Gandtevi (Gujarat);02048;07305;N;E;+05:30
India;Ganga Sagar (West Bengal);02138;08805;N;E;+05:30
India;Ganga Sara (Rajasthan);02457;07123;N;E;+05:30
India;Gangadharpur;02236;08811;N;E;+05:30
India;Gangajalghati (West Bengal);02325;08707;N;E;+05:30
India;Gangakher (Maharashtra);01858;07635;N;E;+05:30
India;Ganganagar (Rajasthan);02954;07356;N;E;+05:30
India;Gangapur (Maharashtra);01945;07504;N;E;+05:30
India;Gangapur (Rajasthan);02630;07649;N;E;+05:30
India;Gangarampur;02524;08831;N;E;+05:30
India;Gangawati (Karnataka);01530;07636;N;E;+05:30
India;Ganghar (Rajasthan);02356;07541;N;E;+05:30
India;Gangiri (U P);02751;07827;N;E;+05:30
India;Gangnapur;02309;08838;N;E;+05:30
India;Gangoh;02946;07715;N;E;+05:30
India;Gangohhat (U P);02939;08002;N;E;+05:30
India;Gangon (U P);02948;07716;N;E;+05:30
India;Gangotri Mount (U P);03052;07856;N;E;+05:30
India;Gangotri (U P);03056;07902;N;E;+05:30
India;Gangrar;02356;07542;N;E;+05:30
India;Gangtok (Sikkim);02720;08839;N;E;+05:30
India;Ganj Dinara (M P);02529;07819;N;E;+05:30
India;Ganj Dundwara;02744;07857;N;E;+05:30
India;Ganj (M P);02424;08025;N;E;+05:30
India;Ganjam (Orissa);01928;08505;N;E;+05:30
India;Ganora (Rajasthan);02344;07416;N;E;+05:30
India;Gantapara (Orissa);02034;08342;N;E;+05:30
India;Ganutia (West Bengal);02332;08753;N;E;+05:30
India;Ganwan;02438;08556;N;E;+05:30
India;Garanberia;02224;08834;N;E;+05:30
India;Garautha (U P);02535;07917;N;E;+05:30
India;Garbyang (U P);03007;08052;N;E;+05:30
India;Garden Reach (West Bengal);02233;08817;N;E;+05:30
India;Gardi (Bihar);02724;08406;N;E;+05:30
India;Gargaon;02652;09446;N;E;+05:30
India;Garh (M P);02449;08139;N;E;+05:30
India;Garh-Phuljhan (M P);02114;08253;N;E;+05:30
India;Garha (M P);02310;07957;N;E;+05:30
India;Garhakota (M P);02347;07910;N;E;+05:30
India;Garhani (Bihar);02525;08432;N;E;+05:30
India;Garhbeta;02251;08719;N;E;+05:30
India;Garhchirali (Maharashtra);02012;08000;N;E;+05:30
India;Garhdiwala (Punjab);03141;07550;N;E;+05:30
India;Garhi Harsaru (Haryana);02826;07655;N;E;+05:30
India;Garhi Jasaya;02846;07716;N;E;+05:30
India;Garhi Katiya;02845;07716;N;E;+05:30
India;Garhi Malehra;02502;07940;N;E;+05:30
India;Garhi (M P);02322;07810;N;E;+05:30
India;Garhi (Rajasthan);02336;07410;N;E;+05:30
India;Garhmukteswar (U P);02847;07806;N;E;+05:30
India;Garhshankar (Punjab);03112;07611;N;E;+05:30
India;Garhwa (U P);02444;08312;N;E;+05:30
India;Garhwal (U P);02409;08352;N;E;+05:30
India;Gariya;02228;08823;N;E;+05:30
India;Garji;02251;08819;N;E;+05:30
India;Garjia (U P);02928;07908;N;E;+05:30
India;Garkha (Bihar);02551;08451;N;E;+05:30
India;Garohills (Meghlaya);02530;09030;N;E;+05:30
India;Garola (M P);02402;07826;N;E;+05:30
India;Garrauli (M P);02506;07921;N;E;+05:30
India;Garubhesa;02633;09022;N;E;+05:30
India;Garulia;02249;08822;N;E;+05:30
India;Garwa (Bihar);02409;08352;N;E;+05:30
India;Gasherbrum Mt (J & K);03546;07638;N;E;+05:30
India;Gasigaon (Aru. Pradesh.);02745;09424;N;E;+05:30
India;Gatu (H. P.);03033;07732;N;E;+05:30
India;Gauhati (Assam);02610;09145;N;E;+05:30
India;Gaupur (Bihar);02546;08542;N;E;+05:30
India;Gaur Ruins;02454;08816;N;E;+05:30
India;Gaura Barhaj;02617;08344;N;E;+05:30
India;Gaura Ubarani (U P);02607;08110;N;E;+05:30
India;Gaurela;02245;08154;N;E;+05:30
India;Gaurhati (West Bengal);02245;08747;N;E;+05:30
India;Gauri Phanta;02841;08036;N;E;+05:30
India;Gauri Phanta (U P);02841;08036;N;E;+05:30
India;Gauribidanur (Karnataka);01337;07726;N;E;+05:30
India;Gauriganj;02612;08142;N;E;+05:30
India;Gaurihar (M P);02516;08012;N;E;+05:30
India;Gauripur;02605;08958;N;E;+05:30
India;Gavanpada;01857;07301;N;E;+05:30
India;Gawan (Bihar);02437;08555;N;E;+05:30
India;Gawngarh (Maharashtra);02128;07725;N;E;+05:30
India;Gaya (Bihar);02448;08500;N;E;+05:30
India;Gayal Garh (J & K);03535;07337;N;E;+05:30
India;Gazralla;01633;07936;N;E;+05:30
India;Geankhali;02212;08803;N;E;+05:30
India;Gejah;02831;07723;N;E;+05:30
India;Gendoli (Rajasthan);02532;07602;N;E;+05:30
India;Genji (Rajasthan);02342;07342;N;E;+05:30
India;Geonkhali;02148;08757;N;E;+05:30
India;Geria Nij;02356;08655;N;E;+05:30
India;Gersoppa Falls (Karnataka);01413;07435;N;E;+05:30
India;Gersoppa (Karnataka);01412;07441;N;E;+05:30
India;Gethaoli;01908;07301;N;E;+05:30
India;Gevrai (Maharashtra);01918;07548;N;E;+05:30
India;Ghafe;01905;07307;N;E;+05:30
India;Ghaghar Reservoir (U P);02438;08311;N;E;+05:30
India;Ghagra (U P);02317;08433;N;E;+05:30
India;Ghaibnath Siva (West Bengal);02515;08644;N;E;+05:30
India;Ghairatganj;02324;07813;N;E;+05:30
India;Ghaisila;02236;08633;N;E;+05:30
India;Ghandinagar (Gujarat);02315;07245;N;E;+05:30
India;Ghandisapar Dham (Rajasthan);02439;07541;N;E;+05:30
India;Ghanliala (Rajasthan);02720;07254;N;E;+05:30
India;Ghansar (M P);02240;07950;N;E;+05:30
India;Ghansoli;01908;07259;N;E;+05:30
India;Ghantila (Gujarat);02310;07119;N;E;+05:30
India;Ghantwar (Gujarat);02056;07050;N;E;+05:30
India;Gharapuri;01854;07256;N;E;+05:30
India;Gharaunda (Haryana);02932;07658;N;E;+05:30
India;Gharghoda;02210;08321;N;E;+05:30
India;Ghari Ghat (U P);02701;08230;N;E;+05:30
India;Ghasar;01909;07305;N;E;+05:30
India;Ghaswani (M P);02554;07731;N;E;+05:30
India;Ghat Bamori (M P);02415;07757;N;E;+05:30
India;Ghatal (West Bengal);02240;08744;N;E;+05:30
India;Ghatampur (U P);02610;08011;N;E;+05:30
India;Ghatgan (M P);02121;08558;N;E;+05:30
India;Ghatigaon (M P);02630;07756;N;E;+05:30
India;Ghatsila;02236;08634;N;E;+05:30
India;Ghauliala;02720;07254;N;E;+05:30
India;Ghausganj *Hardoi (U P);02704;08018;N;E;+05:30
India;Ghausganj *Kanpur (U P);02610;07958;N;E;+05:30
India;Ghautila;02310;07110;N;E;+05:30
India;Ghautwar;02056;07050;N;E;+05:30
India;Ghaziabad (U P);02840;07726;N;E;+05:30
India;Ghazipur *Fatehpur (U P);02548;08045;N;E;+05:30
India;Ghazipur *Ghazipur (U P);02536;08336;N;E;+05:30
India;Gherdi (Maharashtra);01717;07522;N;E;+05:30
India;Ghiror (U P);02711;07847;N;E;+05:30
India;Ghizar (J & K);03610;07248;N;E;+05:30
India;Ghod (Maharashtra);01904;07350;N;E;+05:30
India;Ghoja (Bihar);02513;08709;N;E;+05:30
India;Gholjar Bara;02356;08706;N;E;+05:30
India;Gholvad (Maharashtra);02003;07248;N;E;+05:30
India;Ghora (M P);02225;07434;N;E;+05:30
India;Ghorari (M P);02113;08208;N;E;+05:30
India;Ghorasahan (Bihar);02650;08509;N;E;+05:30
India;Ghorawal (U P);02446;08246;N;E;+05:30
India;Ghoshpur;02223;08829;N;E;+05:30
India;Ghotaru (Rajasthan);02722;07002;N;E;+05:30
India;Ghugas (Maharashtra);01957;07912;N;E;+05:30
India;Ghurna (Bihar);02627;08706;N;E;+05:30
India;Ghushuri;02237;08822;N;E;+05:30
India;Ghutipari (M P);02252;08130;N;E;+05:30
India;Giddalur (Andra Pradesh);01523;07856;N;E;+05:30
India;Giddarbaha;03012;07440;N;E;+05:30
India;Gidhaur (Bihar);02451;08611;N;E;+05:30
India;Gidhni;02229;08651;N;E;+05:30
India;Gilghit (J & K);03554;07420;N;E;+05:30
India;Gingee (Tamilnadu);01216;07924;N;E;+05:30
India;Girab (Rajasthan);02602;07040;N;E;+05:30
India;Girar (Maharashtra);02040;07911;N;E;+05:30
India;Girar (U P);02419;07855;N;E;+05:30
India;Giriak (Bihar);02503;08533;N;E;+05:30
India;Giridih (Bihar);02410;08620;N;E;+05:30
India;Girwan (U P);02519;08023;N;E;+05:30
India;Goa (Maharashtra);01531;07356;N;E;+05:30
India;Goalpara (Assam);02610;09038;N;E;+05:30
India;Gobardanga (West Bengal);02252;08846;N;E;+05:30
India;Gobardhana (Bihar);02720;08419;N;E;+05:30
India;Gobindapur;02316;08758;N;E;+05:30
India;Gobindganj (Bihar);02629;08439;N;E;+05:30
India;Gobindgarh;03041;07618;N;E;+05:30
India;Gobindpur *Dhanbad (Bihar);02315;08632;N;E;+05:30
India;Gobindpur *Gaya (Bihar);02448;08542;N;E;+05:30
India;Gobindpur *Ranchi (Bihar);02303;08503;N;E;+05:30
India;Gobltor;02243;08710;N;E;+05:30
India;Godadharpur (West Bengal);02400;08742;N;E;+05:30
India;Godavari Cape (Andra Pradesh);01641;08225;N;E;+05:30
India;Godda (Bihar);02450;08713;N;E;+05:30
India;Godhinglaj (Maharashtra);01612;07420;N;E;+05:30
India;Godhra (Gujarat);02249;07340;N;E;+05:30
India;Gogaon;02154;07546;N;E;+05:30
India;Gogha (Gujarat);02140;07220;N;E;+05:30
India;Gogi;01643;07642;N;E;+05:30
India;Gogola Port (Gujarat);02043;07108;N;E;+05:30
India;Gogri (Bihar);02527;08636;N;E;+05:30
India;Gogunda (Rajasthan);02449;07338;N;E;+05:30
India;Goh (Bihar);02459;08438;N;E;+05:30
India;Gohad (M P);02625;07826;N;E;+05:30
India;Gohana (Haryana);02906;07643;N;E;+05:30
India;Gohand (U P);02542;07933;N;E;+05:30
India;Goharganj (M P);02302;07742;N;E;+05:30
India;Gohpur;02653;09338;N;E;+05:30
India;Goichran;03104;07807;N;E;+05:30
India;Gokak (Karnataka);01613;07454;N;E;+05:30
India;Gokaran (Karnataka);01434;07421;N;E;+05:30
India;Gokarn (West Bengal);02403;08807;N;E;+05:30
India;Gokul;02727;07744;N;E;+05:30
India;Gola Bazar (U P);02621;08320;N;E;+05:30
India;Gola Gokarannath (U P);02804;08028;N;E;+05:30
India;Gola (Bihar);02332;08544;N;E;+05:30
India;Golabari;02236;08820;N;E;+05:30
India;Golaghat (Assam);02630;09359;N;E;+05:30
India;Golakganj (Assam);02609;08955;N;E;+05:30
India;Golden Rock;01048;07844;N;E;+05:30
India;Golden Throne Mt (J & K);03537;07640;N;E;+05:30
India;Goljor Bara (Bihar);02356;08706;N;E;+05:30
India;Golkonda (Andra Pradesh);01724;07823;N;E;+05:30
India;Gomoh (Bihar);02352;08610;N;E;+05:30
India;Gompa;03502;07720;N;E;+05:30
India;Gona (U P);02424;07833;N;E;+05:30
India;Gonawan (Bihar);02522;08537;N;E;+05:30
India;Gonda (U P);02708;08158;N;E;+05:30
India;Gondal (Gujarat);02158;07048;N;E;+05:30
India;Gondia (Maharashtra);02123;08014;N;E;+05:30
India;Gonianamandi;03019;07454;N;E;+05:30
India;Gonour (M P);02427;08015;N;E;+05:30
India;Goomsur (Orissa);01950;08440;N;E;+05:30
India;Gooty (Andra Pradesh);01508;07736;N;E;+05:30
India;Gop (Gujarat);01959;08600;N;E;+05:30
India;Gopalganj (Bihar);02628;08426;N;E;+05:30
India;Gopalnagar;02250;08814;N;E;+05:30
India;Gopalpur (Orissa);01920;08500;N;E;+05:30
India;Gopamau (U P);02731;08018;N;E;+05:30
India;Gopiballabhpur;02213;08654;N;E;+05:30
India;Gopichettipalayam;01128;07727;N;E;+05:30
India;Gopiganj (U P);02515;08239;N;E;+05:30
India;Gopinagar;02250;08807;N;E;+05:30
India;Gora (M P);02516;07743;N;E;+05:30
India;Gorakhpur (U P);02645;08323;N;E;+05:30
India;Goramahasani (Orissa);02221;08622;N;E;+05:30
India;Goras;02531;07659;N;E;+05:30
India;Gorhar (Bihar);02407;08543;N;E;+05:30
India;Goria;02224;08829;N;E;+05:30
India;Gormi (M P);02636;07830;N;E;+05:30
India;Gorna (Orissa);02020;08300;N;E;+05:30
India;Gosaba;02210;08848;N;E;+05:30
India;Gosiaganj *Faizabad (U P);02646;08106;N;E;+05:30
India;Gosiaganj *Lucknow (U P);02718;07002;N;E;+05:30
India;Gotitoria (M P);02242;07850;N;E;+05:30
India;Gour-Ruins (West Bengal);02454;08816;N;E;+05:30
India;Govardhan (U P);02730;07727;N;E;+05:30
India;Govindgarh (M P);02422;08118;N;E;+05:30
India;Govindgarh (Rajasthan);02731;07700;N;E;+05:30
India;Govindpur (Bihar);02351;08634;N;E;+05:30
India;Goyerkata;02642;08902;N;E;+05:30
India;Gua;02212;08523;N;E;+05:30
India;Gubbi (Karnataka);01320;07656;N;E;+05:30
India;Gudalur Madura (Tamilnadu);00941;07718;N;E;+05:30
India;Gudalur Nilgiris (Tamilnadu);01130;07630;N;E;+05:30
India;Gudari (Orissa);01924;08350;N;E;+05:30
India;Gudha (Rajasthan);02658;07510;N;E;+05:30
India;Gudivada (Andra Pradesh);01627;08103;N;E;+05:30
India;Gudiyattam (Tamilnadu);01300;07851;N;E;+05:30
India;Gudur Kurnood (Andra Pradesh);01410;07941;N;E;+05:30
India;Gudur Nellore (Andra Pradesh);01545;07830;N;E;+05:30
India;Gugauli-Kalan (U P);02739;08218;N;E;+05:30
India;Gugi (Karnataka);01643;07642;N;E;+05:30
India;Guhisar (M P);02615;07832;N;E;+05:30
India;Gula (Haryana);03002;07621;N;E;+05:30
India;Gulabgarh (J & K);03317;07612;N;E;+05:30
India;Gulavthi (U P);02836;07747;N;E;+05:30
India;Gulbarga (Karnataka);01720;07650;N;E;+05:30
India;Guledagudda;01603;07548;N;E;+05:30
India;Gulganj (M P);02442;07922;N;E;+05:30
India;Gulmarg (J & K);03404;07425;N;E;+05:30
India;Gumia (Bihar);02348;08550;N;E;+05:30
India;Gumla (Bihar);02303;08436;N;E;+05:30
India;Gun Sangari (Maharashtra);01930;07602;N;E;+05:30
India;Guna (M P);02439;07718;N;E;+05:30
India;Gundardehi (M P);02056;08121;N;E;+05:30
India;Gunderi (Karnataka);01359;07609;N;E;+05:30
India;Gundlupet (Karnataka);01148;07641;N;E;+05:30
India;Gunial (J & K);03443;07549;N;E;+05:30
India;Gunjrauliya;02635;08434;N;E;+05:30
India;Gunnaur (U P);02814;07825;N;E;+05:30
India;Gunri (Bihar);02539;08438;N;E;+05:30
India;Guntakal (Andra Pradesh);01511;07724;N;E;+05:30
India;Guntur (Andra Pradesh);01620;08027;N;E;+05:30
India;Gunupur (Orissa);01904;08352;N;E;+05:30
India;Gupis (J & K);03617;07329;N;E;+05:30
India;Gurais (J & K);03437;07453;N;E;+05:30
India;Gurdaspur (Punjab);03204;07528;N;E;+05:30
India;Gurgaon (Haryana);02827;07701;N;E;+05:30
India;Gurh (M P);02430;08130;N;E;+05:30
India;Gurha (Rajasthan);02511;07149;N;E;+05:30
India;Gurmatkal (Karnataka);01655;07725;N;E;+05:30
India;Gurramkonda (Andra Pradesh);01348;07935;N;E;+05:30
India;Gursarai (U P);02337;07912;N;E;+05:30
India;Guru Har Sahai;03043;07425;N;E;+05:30
India;Guru Sikhar (Rajasthan);02443;07253;N;E;+05:30
India;Gurua (Bihar);02441;08447;N;E;+05:30
India;Gurubakshganj (U P);02618;08110;N;E;+05:30
India;Guruzala (Andra Pradesh);01632;07938;N;E;+05:30
India;Guskhara (West Bengal);02330;08745;N;E;+05:30
India;Gustia;02259;08826;N;E;+05:30
India;Gutni (U P);02542;08124;N;E;+05:30
India;Gwaldam (U P);03002;07934;N;E;+05:30
India;Gwalior *Chittorgarh (M P);02454;07455;N;E;+05:30
India;Gwalior (M P);02612;07809;N;E;+05:30
India;Gyanpur (U P);02520;08228;N;E;+05:30
India;Gyaraspur (M P);02344;07810;N;E;+05:30
India;Gyarisingh (Assam);02859;09544;N;E;+05:30
India;Habibnagar (Bihar);02611;08419;N;E;+05:30
India;Habibpur (West Bengal);02500;08820;N;E;+05:30
India;Habra;02250;08838;N;E;+05:30
India;Hachi;02746;09401;N;E;+05:30
India;Hadgalli (Karnataka);01504;07554;N;E;+05:30
India;Hadgaon (Maharashtra);01930;07742;N;E;+05:30
India;Hadol (Gujarat);02355;07313;N;E;+05:30
India;Haflong (Assam);02507;09251;N;E;+05:30
India;Hahipur;02247;08810;N;E;+05:30
India;Haibatpur;02837;07726;N;E;+05:30
India;Haidargarh (U P);02636;08121;N;E;+05:30
India;Hailakandi (Assam);02441;09234;N;E;+05:30
India;Hajipur (Bihar);02541;08513;N;E;+05:30
India;Hajo (Assam);02616;09135;N;E;+05:30
India;Halalkere;01403;07611;N;E;+05:30
India;Haldia (West Bengal);02202;08853;N;E;+05:30
India;Haldibari (West Bengal);02619;08853;N;E;+05:30
India;Haldwani (U P);02913;07931;N;E;+05:30
India;Halena (Rajasthan);02707;07710;N;E;+05:30
India;Hali Sahar (West Bengal);02226;08827;N;E;+05:30
India;Halia (U P);02450;08219;N;E;+05:30
India;Haliapur (U P);02631;08147;N;E;+05:30
India;Haliyal (Karnataka);01521;07451;N;E;+05:30
India;Halog (H. P.);03110;07711;N;E;+05:30
India;Halvad (Gujarat);02302;07118;N;E;+05:30
India;Hamidnagar (Bihar);02504;08439;N;E;+05:30
India;Hamirpur (H. P.);03138;07636;N;E;+05:30
India;Hamirpur (U P);02557;08008;N;E;+05:30
India;Hampi (Karnataka);01520;07625;N;E;+05:30
India;Hamta Pass (H. P.);03215;07727;N;E;+05:30
India;Hanamkonda (Andra Pradesh);01804;07934;N;E;+05:30
India;Handapa (Orissa);02059;08444;N;E;+05:30
India;Handawor;03424;07417;N;E;+05:30
India;Handia (U P);02522;08212;N;E;+05:30
India;Hangal (Karnataka);01449;07514;N;E;+05:30
India;Hanle (J & K);03248;07900;N;E;+05:30
India;Hansdiha (Bihar);02436;08705;N;E;+05:30
India;Hansi (Haryana);02906;07601;N;E;+05:30
India;Hansia;02248;08824;N;E;+05:30
India;Hanskhali;02321;08837;N;E;+05:30
India;Hansna;02039;08652;N;E;+05:30
India;Hansua (Orissa);02039;08652;N;E;+05:30
India;Hanti (Bihar);02555;08615;N;E;+05:30
India;Hanumangarh (Rajasthan);02933;07421;N;E;+05:30
India;Haora (West Bengal);02235;08820;N;E;+05:30
India;Hapoli (Assam);02736;09342;N;E;+05:30
India;Happy Velley (Meghlaya);02533;09155;N;E;+05:30
India;Hapur (U P);02843;07747;N;E;+05:30
India;Haraiya (U P);02648;08228;N;E;+05:30
India;Haramukh Mount (J & K);03425;07453;N;E;+05:30
India;Harangajo (Assam);02507;09251;N;E;+05:30
India;Harat;02253;08811;N;E;+05:30
India;Harbati;02255;08833;N;E;+05:30
India;Harchoka (M P);02348;08145;N;E;+05:30
India;Harda Khas (M P);02222;07708;N;E;+05:30
India;Hardoi (U P);02723;08006;N;E;+05:30
India;Harduaganj (U P);02756;07809;N;E;+05:30
India;Hardwar (U P);02958;07809;N;E;+05:30
India;Hargam (U P);02745;08044;N;E;+05:30
India;Hariana;03138;07551;N;E;+05:30
India;Harihar (Karnataka);01433;07544;N;E;+05:30
India;Harihargan (Bihar);02433;08417;N;E;+05:30
India;Hariharpara;02402;08827;N;E;+05:30
India;Hariharpur (Karnataka);01331;07514;N;E;+05:30
India;Harij (Gujarat);02345;07156;N;E;+05:30
India;Harike Barrage (Punjab);03110;07457;N;E;+05:30
India;Harinagab;02709;08419;N;E;+05:30
India;Haripad (Kerala);00918;07628;N;E;+05:30
India;Haripal;02249;08807;N;E;+05:30
India;Haripur;02600;07404;N;E;+05:30
India;Harisal (Maharashtra);02130;07705;N;E;+05:30
India;Harlkahi (Bihar);02638;08559;N;E;+05:30
India;Harlpur;02242;08810;N;E;+05:30
India;Harnahalli (Karnataka);01315;07613;N;E;+05:30
India;Harnai (Maharashtra);01745;07307;N;E;+05:30
India;Harnatanr;02719;08401;N;E;+05:30
India;Harola;02836;07719;N;E;+05:30
India;Harpalpur;02517;07920;N;E;+05:30
India;Harpanahalli (Karnataka);01448;07556;N;E;+05:30
India;Harrai;02237;07913;N;E;+05:30
India;Harrai (M P);02238;07919;N;E;+05:30
India;Harsud (M P);02202;07642;N;E;+05:30
India;Harur (Tamilnadu);01201;07829;N;E;+05:30
India;Hasanparti (Andra Pradesh);01808;07933;N;E;+05:30
India;Hasanpur Road (Bihar);02543;08612;N;E;+05:30
India;Hasanpur (Haryana);02758;07730;N;E;+05:30
India;Hasanpur (U P);02843;07817;N;E;+05:30
India;Hasanur (Tamilnadu);01140;07706;N;E;+05:30
India;Hasayan (U P);02737;07816;N;E;+05:30
India;Hasnabad (West Bengal);02235;08855;N;E;+05:30
India;Hasnacha;02226;08809;N;E;+05:30
India;Hassan (Karnataka);01301;07603;N;E;+05:30
India;Hassanganj (U P);02646;08038;N;E;+05:30
India;Haswa (U P);02552;08052;N;E;+05:30
India;Hat Kot (Haryana);03104;07657;N;E;+05:30
India;Hat Piplia;02246;07618;N;E;+05:30
India;Hata (U P);02645;08345;N;E;+05:30
India;Hatewa Ghat (U P);02718;08332;N;E;+05:30
India;Hath (M P);02216;08310;N;E;+05:30
India;Hathras (U P);02736;07802;N;E;+05:30
India;Hathwa (Bihar);02621;08419;N;E;+05:30
India;Hatiagaon;02603;07756;N;E;+05:30
India;Hatiara;02237;08827;N;E;+05:30
India;Hatin (Haryana);02802;07717;N;E;+05:30
India;Hatisala;02233;08832;N;E;+05:30
India;Hatkori (Bihar);02411;08502;N;E;+05:30
India;Hatta *Balaghat (M P);02142;08021;N;E;+05:30
India;Hatta *Panna (M P);02409;07940;N;E;+05:30
India;Hattin (Haryana);02802;07713;N;E;+05:30
India;Hatua Yua;02729;09345;N;E;+05:30
India;Haudullapur;02225;08833;N;E;+05:30
India;Haveri (Karnataka);01446;07526;N;E;+05:30
India;Hazaribagh (Bihar);02400;08523;N;E;+05:30
India;Hedutne;01910;07306;N;E;+05:30
India;Heggadadevan Kote (Karnataka);01205;07618;N;E;+05:30
India;Helam (Assam);02750;09320;N;E;+05:30
India;Helem (Assam);02652;09330;N;E;+05:30
India;Helena;02707;07710;N;E;+05:30
India;Hempur (U P);02738;08034;N;E;+05:30
India;Herbertabad;01143;09237;N;E;+05:30
India;Herbertpur (U P);03026;07743;N;E;+05:30
India;Hesadi (Bihar);02245;08520;N;E;+05:30
India;Hilsa (Bihar);02519;08517;N;E;+05:30
India;Himatnagar (Gujarat);02335;07302;N;E;+05:30
India;Hindaun (Rajasthan);02644;07702;N;E;+05:30
India;Hindola (Orissa);02040;08516;N;E;+05:30
India;Hindoli (Rajasthan);02534;07538;N;E;+05:30
India;Hindoria (M P);02352;07938;N;E;+05:30
India;Hindu Malkot;03009;07355;N;E;+05:30
India;Hindupur (Andra Pradesh);01349;07729;N;E;+05:30
India;Hinghanghat (Maharashtra);02032;07852;N;E;+05:30
India;Hingoli (Maharashtra);01945;07712;N;E;+05:30
India;Hirakud Dam (Orissa);02131;08357;N;E;+05:30
India;Hirapur (U P);02421;07912;N;E;+05:30
India;Hirekerur (Karnataka);01429;07526;N;E;+05:30
India;Hiriyur (Karnataka);01356;07635;N;E;+05:30
India;Hisabpur;02251;08832;N;E;+05:30
India;Hispar Glacier (J & K);03651;07520;N;E;+05:30
India;Hissar (Haryana);02910;07545;N;E;+05:30
India;Hisua (Bihar);02451;08526;N;E;+05:30
India;Hiwarkhed (Maharashtra);02110;07658;N;E;+05:30
India;Hnahlan (Assam);02344;09324;N;E;+05:30
India;Hodal (Haryana);02752;07722;N;E;+05:30
India;Hojai (Assam);02600;09254;N;E;+05:30
India;Holalkere (Karnataka);01402;07611;N;E;+05:30
India;Hole Narsipur (Karnataka);01247;07615;N;E;+05:30
India;Holiyar (Karnataka);01331;07628;N;E;+05:30
India;Homnabad (Karnataka);01744;07711;N;E;+05:30
India;Honavar (Karnataka);01419;07427;N;E;+05:30
India;Honawalli (Karnataka);01320;07622;N;E;+05:30
India;Honda (Orissa);02122;08539;N;E;+05:30
India;Hondapa;02059;08444;N;E;+05:30
India;Honnali (Karnataka);01415;07535;N;E;+05:30
India;Honwad (Karnataka);01649;07530;N;E;+05:30
India;Hooghly (West Bengal);02254;08824;N;E;+05:30
India;Hosanagara (Karnataka);01356;07500;N;E;+05:30
India;Hosdurga (Karnataka);01349;07614;N;E;+05:30
India;Hoshangabad (M P);02244;07745;N;E;+05:30
India;Hoshiarpur (Punjab);03130;07559;N;E;+05:30
India;Hoskote (Karnataka);01306;07747;N;E;+05:30
India;Hospet (Karnataka);01516;07620;N;E;+05:30
India;Hostigram;02226;08831;N;E;+05:30
India;Hosur (Tamilnadu);01245;07751;N;E;+05:30
India;Hotgi (Maharashtra);01737;07603;N;E;+05:30
India;Howrah (West Bengal);02235;08820;N;E;+05:30
India;Hubli (Karnataka);01520;07514;N;E;+05:30
India;Huliagaon (Assam);02735;09430;N;E;+05:30
India;Hungund (Karnataka);01604;07609;N;E;+05:30
India;Hunsur (Karnataka);01220;07619;N;E;+05:30
India;Hunterganj (Bihar);02427;08449;N;E;+05:30
India;Hunza.J&K;03623;07443;N;E;+05:30
India;Hupu (Assam);02846;09550;N;E;+05:30
India;Hura (West Bengal);02318;08640;N;E;+05:30
India;Hurshi;02417;08828;N;E;+05:30
India;Husain;02737;07816;N;E;+05:30
India;Husainabad Monghyr (Bihar);02506;08552;N;E;+05:30
India;Husainabad Palamu (Bihar);02432;08401;N;E;+05:30
India;Husainiwala;03059;07434;N;E;+05:30
India;Husepur (Bihar);02628;08410;N;E;+05:30
India;Hutar (Bihar);02345;08426;N;E;+05:30
India;Huzurabad (Andra Pradesh);01813;07922;N;E;+05:30
India;Huzurnagar (Andra Pradesh);01702;07958;N;E;+05:30
India;Hyderabad (Andra Pradesh);01722;07826;N;E;+05:30
India;Hydernagar (Bihar);02435;08400;N;E;+05:30
India;Ichak (Bihar);02408;08526;N;E;+05:30
India;Ichallkaranji (Maharashtra);01640;07433;N;E;+05:30
India;Ichapur (U P);02247;08823;N;E;+05:30
India;Ichauli (U P);02532;08010;N;E;+05:30
India;Ichchapuram (Orissa);01910;08443;N;E;+05:30
India;Ichhawar;02301;07701;N;E;+05:30
India;Ichwaro;02542;07732;N;E;+05:30
India;Idakki (Kerala);00955;07658;N;E;+05:30
India;Idappadi;01135;07751;N;E;+05:30
India;Idar (Gujarat);02347;07303;N;E;+05:30
India;Igatpuri (Maharashtra);01941;07738;N;E;+05:30
India;Iglas (U P);02743;07756;N;E;+05:30
India;Ihinjak;02633;07944;N;E;+05:30
India;Ikauna;02732;08158;N;E;+05:30
India;Ikra;02342;08707;N;E;+05:30
India;Ilaiyankudi (Tamilnadu);00938;07838;N;E;+05:30
India;Ilam Bazar;02338;08732;N;E;+05:30
India;Ilayangudi;00937;07840;N;E;+05:30
India;Ilkal (Karnataka);01558;07608;N;E;+05:30
India;Ilong (Assam);02731;09351;N;E;+05:30
India;Iluppur (Tamilnadu);01032;07837;N;E;+05:30
India;Imis Pass;03219;07905;N;E;+05:30
India;Imphal (Manipur);02447;09355;N;E;+05:30
India;Indapur (Maharashtra);01800;07450;N;E;+05:30
India;Indara (U P);02600;08338;N;E;+05:30
India;Indargarh (M P);02555;07834;N;E;+05:30
India;Indargarh (Rajasthan);02540;07614;N;E;+05:30
India;Indas (West Bengal);02307;08740;N;E;+05:30
India;Indi (Karnataka);01713;07601;N;E;+05:30
India;Indore (M P);02242;07554;N;E;+05:30
India;Indragarh (U P);02656;07940;N;E;+05:30
India;Indri (Haryana);02951;07702;N;E;+05:30
India;Indupur (West Bengal);02310;08657;N;E;+05:30
India;Indurti (Andra Pradesh);01701;07855;N;E;+05:30
India;Ingraj Bazar (West Bengal);02500;08810;N;E;+05:30
India;Inhauna (U P);02631;08128;N;E;+05:30
India;Irinjalakkuda (Kerala);01022;07614;N;E;+05:30
India;Isagarh (M P);02450;07753;N;E;+05:30
India;Isanagar (M P);02451;07922;N;E;+05:30
India;Isanagar (U P);02754;08113;N;E;+05:30
India;Isauli (U P);02625;08151;N;E;+05:30
India;Ishkuman (J & K);03635;07350;N;E;+05:30
India;Islamnagar (U P);02819;07842;N;E;+05:30
India;Islampur *Patna (Bihar);02509;08513;N;E;+05:30
India;Islampur *Purnea (Bihar);02617;08811;N;E;+05:30
India;Italia Pass (J & K);03527;07718;N;E;+05:30
India;Itanagar (Aru. Pradesh.);02702;09338;N;E;+05:30
India;Itarsi (M P);02239;07748;N;E;+05:30
India;Itaunia (U P);02705;08053;N;E;+05:30
India;Itiathok (U P);02718;08202;N;E;+05:30
India;Itimadpur;02714;07812;N;E;+05:30
India;Itkhari (Bihar);02419;08511;N;E;+05:30
India;Itwa (U P);02720;08242;N;E;+05:30
India;Jabalpur (M P);02310;07957;N;E;+05:30
India;Jadcherla (Andra Pradesh);01646;07805;N;E;+05:30
India;Jaddangi (Andra Pradesh);07730;08212;N;E;+05:30
India;Jadiala (Punjab);03151;07537;N;E;+05:30
India;Jafarabad (Gujarat);02051;07127;N;E;+05:30
India;Jagadhri (Haryana);03011;07718;N;E;+05:30
India;Jagalur (Karnataka);01432;07615;N;E;+05:30
India;Jagamanpur (U P);02624;07913;N;E;+05:30
India;Jagannathpur;02243;08819;N;E;+05:30
India;Jagat (U P);02758;07913;N;E;+05:30
India;Jagatnagar;02247;08813;N;E;+05:30
India;Jagatpur (U P);02603;08116;N;E;+05:30
India;Jagatsingpur;02016;08610;N;E;+05:30
India;Jagdalpur (M P);01904;08205;N;E;+05:30
India;Jagdishpur (Bihar);02529;08425;N;E;+05:30
India;Jagdishpur (U P);02627;08137;N;E;+05:30
India;Jaggayyapeta (Andra Pradesh);01656;08008;N;E;+05:30
India;Jagnair (U P);02652;07736;N;E;+05:30
India;Jagraon (Punjab);03048;07536;N;E;+05:30
India;Jagtial (Andra Pradesh);01848;07856;N;E;+05:30
India;Jaguli;02256;08832;N;E;+05:30
India;Jagulia;02244;08832;N;E;+05:30
India;Jahajpur;02538;07520;N;E;+05:30
India;Jahanabad (Bihar);02513;08459;N;E;+05:30
India;Jahanabad *Bareilly (U P);02838;07943;N;E;+05:30
India;Jahanabad *Kanpur (U P);02606;08021;N;E;+05:30
India;Jahangirabad (U P);02825;07806;N;E;+05:30
India;Jahangirpur (U P);02812;07742;N;E;+05:30
India;Jahazpur (Rajasthan);02538;07519;N;E;+05:30
India;Jaiganj;02416;08819;N;E;+05:30
India;Jaigarh (Maharashtra);01718;07313;N;E;+05:30
India;Jaijon Doaba (Punjab);03121;07609;N;E;+05:30
India;Jainagar (Bihar);02423;08539;N;E;+05:30
India;Jainganj (West Bengal);02414;08816;N;E;+05:30
India;Jainti;02642;08936;N;E;+05:30
India;Jaipur (Assam);02714;09524;N;E;+05:30
India;Jaipur (Rajasthan);02653;07550;N;E;+05:30
India;Jaipur (West Bengal);02325;08610;N;E;+05:30
India;Jais (U P);02616;08632;N;E;+05:30
India;Jaisalmer (Rajasthan);02652;07055;N;E;+05:30
India;Jaisingh Nagar (M P);02338;07833;N;E;+05:30
India;Jait (U P);02736;07736;N;E;+05:30
India;Jaitaran (Rajasthan);02614;07400;N;E;+05:30
India;Jaitgarh Hill (Maharashtra);02058;07840;N;E;+05:30
India;Jaithwari (M P);02310;07840;N;E;+05:30
India;Jaitiya (Bihar);02455;08438;N;E;+05:30
India;Jaito;03028;07453;N;E;+05:30
India;Jaitpur (M P);02419;07950;N;E;+05:30
India;Jaitpur (U P);02515;07934;N;E;+05:30
India;Jaiwan;02420;08217;N;E;+05:30
India;Jajau (U P);02656;07756;N;E;+05:30
India;Jajpur (Orissa);02050;08625;N;E;+05:30
India;Jakhal (Haryana);02946;07551;N;E;+05:30
India;Jakhau (Gujarat);02315;06848;N;E;+05:30
India;Jakhaura (U P);02454;07820;N;E;+05:30
India;Jakhlaun (U P);02434;07818;N;E;+05:30
India;Jalahali (Karnataka);01305;07730;N;E;+05:30
India;Jalalabad *Farrukhabad (U P);02706;07947;N;E;+05:30
India;Jalalabad (Punjab);03036;07417;N;E;+05:30
India;Jalalabad *Shahjahanpur (U P);02743;07939;N;E;+05:30
India;Jalalabad (U P);02937;07725;N;E;+05:30
India;Jalalgarh (Bihar);02559;08731;N;E;+05:30
India;Jalali (U P);02751;07815;N;E;+05:30
India;Jalalpur Dhai (U P);02600;08109;N;E;+05:30
India;Jalalpur *Faizabad (U P);02619;08244;N;E;+05:30
India;Jalalpur (Gujarat);02058;07259;N;E;+05:30
India;Jalalpur *Hamirpur (U P);02552;07948;N;E;+05:30
India;Jalangi;02408;08842;N;E;+05:30
India;Jalarpet (Tamilnadu);01235;07833;N;E;+05:30
India;Jalaun (U P);02609;07920;N;E;+05:30
India;Jalda;02156;08730;N;E;+05:30
India;Jaldrug (Karnataka);01617;07629;N;E;+05:30
India;Jale (Bihar);02623;08544;N;E;+05:30
India;Jalesar (U P);02729;07818;N;E;+05:30
India;Jaleswar (Orissa);02148;08714;N;E;+05:30
India;Jalgaon Akola (Maharashtra);02101;07635;N;E;+05:30
India;Jalgaon (Maharashtra);02101;07539;N;E;+05:30
India;Jalna (Maharashtra);01950;07558;N;E;+05:30
India;Jalor (Rajasthan);02521;07243;N;E;+05:30
India;Jalpaiguri (West Bengal);02630;08850;N;E;+05:30
India;Jalpes (West Bengal);02630;08859;N;E;+05:30
India;Jalsur (Karnataka);01235;07520;N;E;+05:30
India;Jamaibati;02251;08808;N;E;+05:30
India;Jamalpur (Bihar);02519;08630;N;E;+05:30
India;Jamalpur (West Bengal);02304;08759;N;E;+05:30
India;Jambad;02242;08635;N;E;+05:30
India;Jambo (Rajasthan);02714;07230;N;E;+05:30
India;Jambusar (Gujarat);02200;07250;N;E;+05:30
India;Jamda;02200;08525;N;E;+05:30
India;Jamdaha (Bihar);02445;08654;N;E;+05:30
India;Jamekunti (Andra Pradesh);01817;07930;N;E;+05:30
India;Jamjodhpur;02154;07001;N;E;+05:30
India;Jamkhandi (Karnataka);01631;07521;N;E;+05:30
India;Jamkhed (Maharashtra);01844;07524;N;E;+05:30
India;Jammalamadugu (Andra Pradesh);01451;07821;N;E;+05:30
India;Jammu (J & K);03242;07452;N;E;+05:30
India;Jamnagar (Gujarat);02228;07006;N;E;+05:30
India;Jamner (Maharashtra);02047;07552;N;E;+05:30
India;Jamni;02457;08614;N;E;+05:30
India;Jamnotri (U P);03101;07827;N;E;+05:30
India;Jampur;02256;08812;N;E;+05:30
India;Jamshedpur (Bihar);02247;08612;N;E;+05:30
India;Jamtali (U P);02550;08208;N;E;+05:30
India;Jamtara (Bihar);02358;08649;N;E;+05:30
India;Jamuani;02157;08614;N;E;+05:30
India;Jamui (Bihar);02455;08613;N;E;+05:30
India;Jamunai (M P);02310;08002;N;E;+05:30
India;Jamuria;02344;08702;N;E;+05:30
India;Janai;02243;08816;N;E;+05:30
India;Janakpur (M P);02340;08150;N;E;+05:30
India;Jandiala (Punjab);03136;07503;N;E;+05:30
India;Jangaon (Andra Pradesh);01744;07910;N;E;+05:30
India;Janghai (U P);02532;08218;N;E;+05:30
India;Jangi (H. P.);03137;07826;N;E;+05:30
India;Jangipara;02245;08804;N;E;+05:30
India;Jangipur (West Bengal);02428;08808;N;E;+05:30
India;Jangla (J & K);03346;07700;N;E;+05:30
India;Janjgir (M P);02202;08233;N;E;+05:30
India;Janjira (Maharashtra);01816;07259;N;E;+05:30
India;Janka;02152;08756;N;E;+05:30
India;Jankapur;02154;08723;N;E;+05:30
India;Janpur;02610;08318;N;E;+05:30
India;Jansath (U P);02920;07750;N;E;+05:30
India;Janwada (Karnataka);01801;07732;N;E;+05:30
India;Jaora (M P);02340;07510;N;E;+05:30
India;Japla (Bihar);02404;08338;N;E;+05:30
India;Japog (Rajasthan);02652;07508;N;E;+05:30
India;Japyo Mount (Nagaland);02532;09407;N;E;+05:30
India;Jaradi (Rajasthan);01240;07840;N;E;+05:30
India;Jaram (Assam);02802;09410;N;E;+05:30
India;Jareru (M P);02603;07741;N;E;+05:30
India;Jaridih;02338;08604;N;E;+05:30
India;Jarmundi (Bihar);02425;08703;N;E;+05:30
India;Jarod (Gujarat);02225;07321;N;E;+05:30
India;Jarwa (U P);02738;08232;N;E;+05:30
India;Jasai;01856;07301;N;E;+05:30
India;Jasdan (Gujarat);02204;07119;N;E;+05:30
India;Jashpurnagar (M P);02252;08414;N;E;+05:30
India;Jasidih (Bihar);02432;08639;N;E;+05:30
India;Jaskhar;01854;07259;N;E;+05:30
India;Jaso (M P);02429;08030;N;E;+05:30
India;Jasol (Rajasthan);02549;07218;N;E;+05:30
India;Jaspur;02917;07849;N;E;+05:30
India;Jaspura (U P);02548;08082;N;E;+05:30
India;Jasra;02517;08148;N;E;+05:30
India;Jasrana (U P);02715;07838;N;E;+05:30
India;Jasrasar (Rajasthan);02743;07352;N;E;+05:30
India;Jasrota (J & K);03229;07527;N;E;+05:30
India;Jaswantnagar (U P);02654;07854;N;E;+05:30
India;Jaswantpura (Rajasthan);02450;07232;N;E;+05:30
India;Jatara (M P);02500;07903;N;E;+05:30
India;Jatarabad (Gujarat);02051;07127;N;E;+05:30
India;Jath (Maharashtra);01701;07520;N;E;+05:30
India;Jathwara (U P);02549;08147;N;E;+05:30
India;Jatni;02010;08542;N;E;+05:30
India;Jaugram;02306;08805;N;E;+05:30
India;Jaula (U P);02916;07724;N;E;+05:30
India;Jauli;02844;07721;N;E;+05:30
India;Jaunpur (U P);02544;08241;N;E;+05:30
India;Jawad (M P);02435;07457;N;E;+05:30
India;Jawalamukhi (U P);03151;07622;N;E;+05:30
India;Jawalapur (U P);02956;07806;N;E;+05:30
India;Jawar (M P);02157;07630;N;E;+05:30
India;Jawhar (Maharashtra);01956;07319;N;E;+05:30
India;Jayamkondacholapuram;01113;07922;N;E;+05:30
India;Jayanti (West Bengal);02645;08940;N;E;+05:30
India;Jayantipur (Meghlaya);02504;09205;N;E;+05:30
India;Jaynagar Majllpur;02211;08825;N;E;+05:30
India;Jaynagar (Bihar);02636;08608;N;E;+05:30
India;Jaynagar (West Bengal);02210;08821;N;E;+05:30
India;Jaypur;02303;08727;N;E;+05:30
India;Jeeram Kangri Mt;03542;07703;N;E;+05:30
India;Jejur;02253;08808;N;E;+05:30
India;Jetalsar (Gujarat);02142;07040;N;E;+05:30
India;Jetpur (Gujarat);02143;07042;N;E;+05:30
India;Jeur (Maharashtra);01815;07514;N;E;+05:30
India;Jewar (U P);02808;07733;N;E;+05:30
India;Jeypore (Assam);02715;09526;N;E;+05:30
India;Jeypore (Orissa);01852;08238;N;E;+05:30
India;Jeypou;01851;08241;N;E;+05:30
India;Jhabua (M P);02244;07437;N;E;+05:30
India;Jhagar (M P);02440;07708;N;E;+05:30
India;Jhahtipahari;02322;08654;N;E;+05:30
India;Jhainti;02645;08940;N;E;+05:30
India;Jhajha (Bihar);02446;08622;N;E;+05:30
India;Jhajhar (U P);02816;07740;N;E;+05:30
India;Jhajjar (Haryana);02836;07642;N;E;+05:30
India;Jhajju (Rajasthan);02748;07304;N;E;+05:30
India;Jhalawar (Rajasthan);02436;07609;N;E;+05:30
India;Jhalida (West Bengal);02321;08558;N;E;+05:30
India;Jhalod;02306;07409;N;E;+05:30
India;Jhalpo (Bihar);02428;08530;N;E;+05:30
India;Jhalrapatan (Rajasthan);02433;07610;N;E;+05:30
India;Jhanjharpur (Bihar);02616;08617;N;E;+05:30
India;Jhankari;02246;08818;N;E;+05:30
India;Jhansi (U P);02527;07834;N;E;+05:30
India;Jharda (M P);02336;07546;N;E;+05:30
India;Jhargram (West Bengal);02227;08659;N;E;+05:30
India;Jharia (Bihar);02345;08624;N;E;+05:30
India;Jharpokharia;02210;08638;N;E;+05:30
India;Jharsuguda (Orissa);02156;08404;N;E;+05:30
India;Jhikra;02237;08755;N;E;+05:30
India;Jhilimili;02249;08637;N;E;+05:30
India;Jhinjhak (U P);02633;07944;N;E;+05:30
India;Jhinjhana (U P);02931;07713;N;E;+05:30
India;Jhinjhuvada (Gujarat);02329;07139;N;E;+05:30
India;Jhinjhwada;02321;07143;N;E;+05:30
India;Jhinkpani;02225;08547;N;E;+05:30
India;Jhiri (M P);02533;07729;N;E;+05:30
India;Jhiri (Rajasthan);02714;07611;N;E;+05:30
India;Jhirka (Haryana);02747;07700;N;E;+05:30
India;Jhund (Gujarat);02310;07158;N;E;+05:30
India;Jhunjhunu (Rajasthan);02805;07530;N;E;+05:30
India;Jhusi (U P);02526;08154;N;E;+05:30
India;Jiawan (M P);02420;08217;N;E;+05:30
India;Jido (Assam);02858;09458;N;E;+05:30
India;Jigna *Rewa (M P);02423;08114;N;E;+05:30
India;Jigna *Shivpuri (M P);02539;07821;N;E;+05:30
India;Jigni (U P);02548;07924;N;E;+05:30
India;Jilo (Rajasthan);02750;07558;N;E;+05:30
India;Jind (Haryana);02919;07622;N;E;+05:30
India;Jintur (Maharashtra);01938;07640;N;E;+05:30
India;Jiyanpur (U P);02610;08318;N;E;+05:30
India;Jobat (M P);02227;07434;N;E;+05:30
India;Joda (Orissa);02208;08522;N;E;+05:30
India;Jodhpur (Rajasthan);02618;07308;N;E;+05:30
India;Jodiya (Gujarat);02242;07018;N;E;+05:30
India;Jogalur (Karnataka);01431;07622;N;E;+05:30
India;Jogbani (Bihar);02623;08716;N;E;+05:30
India;Jogighopa (Assam);02614;09035;N;E;+05:30
India;Jogindernagar (H. P.);03151;07647;N;E;+05:30
India;Joka;02227;08818;N;E;+05:30
India;Jolarpettai (Tamilnadu);01234;07835;N;E;+05:30
India;Jonk (Orissa);02052;08233;N;E;+05:30
India;Jora (M P);02621;07748;N;E;+05:30
India;Jordiha (Bihar);02448;08733;N;E;+05:30
India;Jorhat (Assam);02645;09412;N;E;+05:30
India;Jorikalan (Bihar);02422;08447;N;E;+05:30
India;Joshimath (U P);03034;07934;N;E;+05:30
India;Joshipur (West Bengal);02159;08604;N;E;+05:30
India;Jowai (Assam);02526;09214;N;E;+05:30
India;Juba Ruins (M P);02342;08329;N;E;+05:30
India;Jubbal (H. P.);03105;07740;N;E;+05:30
India;Juddangi;01730;08212;N;E;+05:30
India;Juggenath;01956;08602;N;E;+05:30
India;Julana;02908;07625;N;E;+05:30
India;Jullundur (Punjab);03118;07540;N;E;+05:30
India;Jume Koonta;01817;07930;N;E;+05:30
India;Junagarh (Gujarat);02132;07032;N;E;+05:30
India;Junagarh (Orissa);01950;08300;N;E;+05:30
India;Junga;03101;07711;N;E;+05:30
India;Junnar (Maharashtra);01915;07358;N;E;+05:30
India;Jutogh;03106;07707;N;E;+05:30
India;Jwalamukhi (H. P.);03153;07622;N;E;+05:30
India;Kab (Bihar);02523;08447;N;E;+05:30
India;Kabrai (U P);02524;08400;N;E;+05:30
India;Kachanara (M P);02353;07517;N;E;+05:30
India;Kachchhi Dhana;02135;07830;N;E;+05:30
India;Kachchola (Rajasthan);02526;07512;N;E;+05:30
India;Kachhwa;02513;08243;N;E;+05:30
India;Kachnar (M P);02426;07738;N;E;+05:30
India;Kadaiyanallur (Tamilnadu);00905;07721;N;E;+05:30
India;Kadakkal (Kerala);00847;07655;N;E;+05:30
India;Kadalgori (Bihar);02421;08457;N;E;+05:30
India;Kadana (Gujarat);02322;07352;N;E;+05:30
India;Kaddam (Andra Pradesh);01912;07841;N;E;+05:30
India;Kadi (Gujarat);02320;07222;N;E;+05:30
India;Kadiapattam (Tamilnadu);00807;07721;N;E;+05:30
India;Kadipur (U P);02611;08222;N;E;+05:30
India;Kadirabad (Maharashtra);01952;07559;N;E;+05:30
India;Kadiri (Andra Pradesh);01408;07807;N;E;+05:30
India;Kadur (Karnataka);01334;07601;N;E;+05:30
India;Kadusam Mount;02827;09637;N;E;+05:30
India;Kadwaha (M P);02457;07755;N;E;+05:30
India;Kafara (U P);02804;08102;N;E;+05:30
India;Kagaznagar;01918;07950;N;E;+05:30
India;Kaghzipur (U P);02546;08337;N;E;+05:30
India;Kagraul (U P);02702;07750;N;E;+05:30
India;Kahalgaon (Bihar);02515;08715;N;E;+05:30
India;Kahao (Assam);02817;09702;N;E;+05:30
India;Kaiahasti;01345;07943;N;E;+05:30
India;Kaiamboli;01901;07306;N;E;+05:30
India;Kaij (Maharashtra);01842;07605;N;E;+05:30
India;Kailana (U P);03040;07752;N;E;+05:30
India;Kailang (H. P.);03230;07700;N;E;+05:30
India;Kailaras (M P);02619;07737;N;E;+05:30
India;Kailashahar (Tripura);02433;09201;N;E;+05:30
India;Kailot;01223;07507;N;E;+05:30
India;Kailtiya (U P);02557;07900;N;E;+05:30
India;Kaimganj (U P);02734;07921;N;E;+05:30
India;Kaintiara;02044;08436;N;E;+05:30
India;Kaintragarh (Orissa);02043;08432;N;E;+05:30
India;Kaira (Gujarat);02255;07250;N;E;+05:30
India;Kairabani;02408;08702;N;E;+05:30
India;Kairana (U P);02924;07712;N;E;+05:30
India;Kaisarganj (U P);02715;08133;N;E;+05:30
India;Kaithal (Haryana);02947;07629;N;E;+05:30
India;Kaitwara (Delhi);02840;07715;N;E;+05:30
India;Kajlagarh;02202;08747;N;E;+05:30
India;Kaka Amb;03030;07712;N;E;+05:30
India;Kakana;00907;09249;N;E;+05:30
India;Kakarwao (M P);02427;07858;N;E;+05:30
India;Kakdwip (West Bengal);02153;08811;N;E;+05:30
India;Kakhra;02138;08727;N;E;+05:30
India;Kakinada (Andra Pradesh);01659;08220;N;E;+05:30
India;Kakora (U P);02753;07902;N;E;+05:30
India;Kakori (U P);02754;08048;N;E;+05:30
India;Kakrala (U P);02754;07912;N;E;+05:30
India;Kaksa (West Bengal);02326;08726;N;E;+05:30
India;Kakwan (U P);02644;07957;N;E;+05:30
India;Kala Amb (H. P.);03030;07712;N;E;+05:30
India;Kala Naga (Maharashtra);02445;09320;N;E;+05:30
India;Kalabgur (Andra Pradesh);01739;07802;N;E;+05:30
India;Kaladgi (Karnataka);01612;07535;N;E;+05:30
India;Kalahasti (Andra Pradesh);01348;07942;N;E;+05:30
India;Kalakankar (U P);02548;08121;N;E;+05:30
India;Kalam (Maharashtra);02028;07820;N;E;+05:30
India;Kalamnuri (Maharashtra);01942;07721;N;E;+05:30
India;Kalanaur *Gurdaspur (Punjab);03201;07513;N;E;+05:30
India;Kalanaur *Rohtak (Haryana);02855;07625;N;E;+05:30
India;Kalanwali (Haryana);02951;07500;N;E;+05:30
India;Kalatse;03425;06653;N;E;+05:30
India;Kalava Kol;01616;07819;N;E;+05:30
India;Kalchini (West Bengal);02643;08926;N;E;+05:30
India;Kale (Maharashtra);01712;07414;N;E;+05:30
India;Kalenwali;02951;07457;N;E;+05:30
India;Kalghatgi (Karnataka);01511;07500;N;E;+05:30
India;Kalhe;01552;07306;N;E;+05:30
India;Kaliachak (West Bengal);02452;08801;N;E;+05:30
India;Kaliaganj (Bihar);02620;08737;N;E;+05:30
India;Kaliagara;02320;07422;N;E;+05:30
India;Kalidaikurichchi (Tamilnadu);00841;07729;N;E;+05:30
India;Kaliganj;02344;08814;N;E;+05:30
India;Kaligiri (Andra Pradesh);01451;07940;N;E;+05:30
India;Kalikapur;02237;08617;N;E;+05:30
India;Kalimpang (West Bengal);02702;08830;N;E;+05:30
India;Kalinagar;02226;08851;N;E;+05:30
India;Kalingapatnam (Andra Pradesh);01821;08411;N;E;+05:30
India;Kalinjar (M P);02500;08029;N;E;+05:30
India;Kalinjara (Rajasthan);02320;07422;N;E;+05:30
India;Kaliof (Kerala);01223;07507;N;E;+05:30
India;Kalipur;02241;08817;N;E;+05:30
India;Kaliyaganj;02538;08819;N;E;+05:30
India;Kalka (H. P.);03050;07655;N;E;+05:30
India;Kalkalighat (Assam);02431;09216;N;E;+05:30
India;Kallakkurichchi (Tamilnadu);01144;07858;N;E;+05:30
India;Kallam (Maharashtra);01831;07600;N;E;+05:30
India;Kallana (Kerala);01016;07639;N;E;+05:30
India;Kallar (Kerala);00841;07709;N;E;+05:30
India;Kallikota;01938;08508;N;E;+05:30
India;Kallur (Karnataka);01612;07708;N;E;+05:30
India;Kalmeshwar (Maharashtra);02115;07901;N;E;+05:30
India;Kalna (West Bengal);02313;08823;N;E;+05:30
India;Kalnai (M P);02245;08330;N;E;+05:30
India;Kalol Panch Mahals (Gujarat);02238;07332;N;E;+05:30
India;Kalol (Gujarat);02315;07232;N;E;+05:30
India;Kalpa (H. P.);03133;07816;N;E;+05:30
India;Kalpi (U P);02607;07944;N;E;+05:30
India;Kalsi (U P);03032;07750;N;E;+05:30
India;Kalu (Rajasthan);02823;07356;N;E;+05:30
India;Kalundri;01859;07308;N;E;+05:30
India;Kalva Kol;01616;07819;N;E;+05:30
India;Kalvan (Maharashtra);02030;07406;N;E;+05:30
India;Kalwa;01912;07259;N;E;+05:30
India;Kalwakurthi (Andra Pradesh);01639;07827;N;E;+05:30
India;Kalwari (U P);02638;08241;N;E;+05:30
India;Kalyan Durg (Andra Pradesh);01433;07705;N;E;+05:30
India;Kalyan (Maharashtra);01917;07311;N;E;+05:30
India;Kalyani (Karnataka);01753;07657;N;E;+05:30
India;Kalyansingurpuram (Orissa);01934;08321;N;E;+05:30
India;Kamalapuram (Andra Pradesh);01438;07840;N;E;+05:30
India;Kamalganj (U P);02715;07937;N;E;+05:30
India;Kaman (Rajasthan);02739;07716;N;E;+05:30
India;Kamareddi (Andra Pradesh);01819;07822;N;E;+05:30
India;Kamarhati (West Bengal);02240;08822;N;E;+05:30
India;Kamarkunda;02249;08813;N;E;+05:30
India;Kambam (Tamilnadu);00944;07719;N;E;+05:30
India;Kambang (Assam);02812;09440;N;E;+05:30
India;Kamdebpur;02254;08820;N;E;+05:30
India;Kamet (U P);03056;07926;N;E;+05:30
India;Kamku;02730;09630;N;E;+05:30
India;Kamlanagar (Karnataka);01813;07715;N;E;+05:30
India;Kamlapur (U P);02724;08048;N;E;+05:30
India;Kampa;02256;08828;N;E;+05:30
India;Kampil;02737;07917;N;E;+05:30
India;Kampli (Karnataka);01524;07634;N;E;+05:30
India;Kamptee (Maharashtra);02112;07916;N;E;+05:30
India;Kamredi;01819;07820;N;E;+05:30
India;Kamriaon (Bihar);02533;08423;N;E;+05:30
India;Kamsin (U P);02531;08054;N;E;+05:30
India;Kamtaul (Bihar);02620;08550;N;E;+05:30
India;Kamtha (Maharashtra);02130;08023;N;E;+05:30
India;Kamthi;02114;07912;N;E;+05:30
India;Kamudi (Tamilnadu);00925;07823;N;E;+05:30
India;Kamusin (U P);02531;08054;N;E;+05:30
India;Kanadi (M P);02339;07613;N;E;+05:30
India;Kanakapura (Karnataka);01233;07725;N;E;+05:30
India;Kanarak;01953;08610;N;E;+05:30
India;Kanaudi;02336;08123;N;E;+05:30
India;Kanchipuram (Tamilnadu);01250;07944;N;E;+05:30
India;Kanchrapara (West Bengal);02227;08828;N;E;+05:30
India;Kandaghat (H. P.);03057;07706;N;E;+05:30
India;Kandahar (Maharashtra);01854;07714;N;E;+05:30
India;Kandaura (U P);02620;08110;N;E;+05:30
India;Kandhla (U P);02919;07717;N;E;+05:30
India;Kandi (Andra Pradesh);01735;07805;N;E;+05:30
India;Kandi (West Bengal);02357;08804;N;E;+05:30
India;Kandkurt;01853;07756;N;E;+05:30
India;Kandla (Gujarat);02303;07011;N;E;+05:30
India;Kandra (Bihar);02251;08608;N;E;+05:30
India;Kandri (M P);02332;08353;N;E;+05:30
India;Kandukur (Andra Pradesh);01515;07947;N;E;+05:30
India;Kanera (Rajasthan);02442;07456;N;E;+05:30
India;Kangayam (Tamilnadu);01101;07735;N;E;+05:30
India;Kangdu Mount;02754;09232;N;E;+05:30
India;Kanglatongbi (Maharashtra);02500;09355;N;E;+05:30
India;Kangmar (J & K);03330;07830;N;E;+05:30
India;Kangpat (Manipur);02444;09430;N;E;+05:30
India;Kangpokpi (Manipur);02508;09358;N;E;+05:30
India;Kangra (H. P.);03204;07616;N;E;+05:30
India;Kanhangad;01219;07504;N;E;+05:30
India;Kanharia (Bihar);02547;08742;N;E;+05:30
India;Kanhergaon (Maharashtra);01956;07711;N;E;+05:30
India;Kanigiri (Andra Pradesh);01525;07930;N;E;+05:30
India;Kanina;02820;07619;N;E;+05:30
India;Kaniwara (M P);02210;07946;N;E;+05:30
India;Kanjarda (M P);02439;07518;N;E;+05:30
India;Kanjia (M P);02424;07812;N;E;+05:30
India;Kanker (M P);02017;08130;N;E;+05:30
India;Kankhyanagar (Orissa);02026;08535;N;E;+05:30
India;Kankroli (Rajasthan);02503;07358;N;E;+05:30
India;Kankuppa;01435;07615;N;E;+05:30
India;Kannad (Maharashtra);02018;07512;N;E;+05:30
India;Kannaji;02702;07956;N;E;+05:30
India;Kannauj (U P);02704;07955;N;E;+05:30
India;Kanniyakumari (Tamilnadu);00805;07734;N;E;+05:30
India;Kannod (M P);02242;07645;N;E;+05:30
India;Kanpoli;01904;07309;N;E;+05:30
India;Kanpur (Orissa);02025;08515;N;E;+05:30
India;Kanpur (U P);02628;08041;N;E;+05:30
India;Kansaripara;02256;08814;N;E;+05:30
India;Kanso (U P);02555;08348;N;E;+05:30
India;Kantabanji;02029;08255;N;E;+05:30
India;Kantalvi;01854;07303;N;E;+05:30
India;Kantaphor (M P);02235;07634;N;E;+05:30
India;Kanth (U P);02904;07838;N;E;+05:30
India;Kantha (U P);02634;08045;N;E;+05:30
India;Kanthi (West Bengal);02149;08746;N;E;+05:30
India;Kanti (Bihar);02613;08521;N;E;+05:30
India;Kantilo (Orissa);02020;08516;N;E;+05:30
India;Kanuparthi (Andra Pradesh);01538;08010;N;E;+05:30
India;Kanur (Andra Pradesh);01503;07722;N;E;+05:30
India;Kapadvanj (Gujarat);02303;07309;N;E;+05:30
India;Kapasan (Rajasthan);02452;07422;N;E;+05:30
India;Kapran (Rajasthan);02526;07615;N;E;+05:30
India;Kapsi (Maharashtra);01858;07725;N;E;+05:30
India;Kaptanganj (U P);02656;03844;N;E;+05:30
India;Kaptipada (Orissa);02131;08632;N;E;+05:30
India;Kapuriya (Rajasthan);02652;07308;N;E;+05:30
India;Kapurthala (Punjab);03120;07526;N;E;+05:30
India;Kara (U P);02542;08122;N;E;+05:30
India;Karachand (U P);02528;08154;N;E;+05:30
India;Karad (Maharashtra);01717;07412;N;E;+05:30
India;Karagola (Bihar);02526;08724;N;E;+05:30
India;Karahal (M P);02529;07703;N;E;+05:30
India;Karaia;02554;07801;N;E;+05:30
India;Karaikal (Tamilnadu);01058;07950;N;E;+05:30
India;Karaikkudi (Tamilnadu);01004;07847;N;E;+05:30
India;Karajgi (Karnataka);01455;07531;N;E;+05:30
India;Karakbel (M P);02257;07922;N;E;+05:30
India;Karakoram Shankou (J & K);03533;07751;N;E;+05:30
India;Karangarh (Bihar);02437;08629;N;E;+05:30
India;Karanja Island (Maharashtra);01852;07245;N;E;+05:30
India;Karanja (Maharashtra);02028;07732;N;E;+05:30
India;Karanjia (M P);02222;08050;N;E;+05:30
India;Karanjia (Orissa);02152;08559;N;E;+05:30
India;Karanpur (U P);02656;08231;N;E;+05:30
India;Karanpura (Bihar);02349;08512;N;E;+05:30
India;Karanpura (Rajasthan);02947;07330;N;E;+05:30
India;Karari (U P);02527;08125;N;E;+05:30
India;Kararkhera (M P);02518;07813;N;E;+05:30
India;Karasgaon (Maharashtra);02121;07740;N;E;+05:30
India;Karaunda (U P);02922;07724;N;E;+05:30
India;Karaundi (U P);02628;08355;N;E;+05:30
India;Karave;01901;07301;N;E;+05:30
India;Karavli (Rajasthan);02630;07700;N;E;+05:30
India;Karbigwan (U P);02613;08028;N;E;+05:30
India;Karbindha (Bihar);02426;08719;N;E;+05:30
India;Karchana (U P);02517;08155;N;E;+05:30
India;Kardikal (Tamilnadu);01055;07952;N;E;+05:30
India;Karea;02242;08833;N;E;+05:30
India;Kareli;02255;07904;N;E;+05:30
India;Karen;01251;09253;N;E;+05:30
India;Karera (M P);02527;07809;N;E;+05:30
India;Kargia (J & K);03300;07717;N;E;+05:30
India;Kargil (J & K);03431;07613;N;E;+05:30
India;Karhal (U P);02700;07856;N;E;+05:30
India;Karharbhari (Bihar);02410;08618;N;E;+05:30
India;Karihari (Bihar);02427;08602;N;E;+05:30
India;Karikal;01058;07950;N;E;+05:30
India;Karimganj (Assam);02452;09220;N;E;+05:30
India;Karimnagar (Andra Pradesh);01827;07906;N;E;+05:30
India;Karimpur (West Bengal);02358;08837;N;E;+05:30
India;Karjat Konkan (Maharashtra);01854;07323;N;E;+05:30
India;Karjat (Maharashtra);01834;07504;N;E;+05:30
India;Karkal (Karnataka);01312;07459;N;E;+05:30
India;Karkamb (Maharashtra);01751;07521;N;E;+05:30
India;Karkhanda;02850;07744;N;E;+05:30
India;Karlidi (M P);02357;08320;N;E;+05:30
India;Karmala (Maharashtra);01825;07515;N;E;+05:30
India;Karmatam (Bihar);02405;08644;N;E;+05:30
India;Karmatanr;02405;08642;N;E;+05:30
India;Karnal (Haryana);02941;07659;N;E;+05:30
India;Karnaprayag (U P);03015;07913;N;E;+05:30
India;Karon;02407;08644;N;E;+05:30
India;Karonda (M P);02420;07816;N;E;+05:30
India;Karong (Maharashtra);02518;09405;N;E;+05:30
India;Karpi (Bihar);02510;08443;N;E;+05:30
India;Karsado (Rajasthan);02650;07704;N;E;+05:30
India;Karsiyangi (West Bengal);02654;08821;N;E;+05:30
India;Karsog (H. P.);03123;07712;N;E;+05:30
India;Kartal (U P);02502;08020;N;E;+05:30
India;Kartarpur (Punjab);03128;07533;N;E;+05:30
India;Kartse;03418;07608;N;E;+05:30
India;Karumbhar Island (Gujarat);02227;06940;N;E;+05:30
India;Karunagapalli (Kerala);00903;07633;N;E;+05:30
India;Karur (Tamilnadu);01058;07803;N;E;+05:30
India;Karvetnagar (Andra Pradesh);01327;07925;N;E;+05:30
India;Karwar (Karnataka);01450;07409;N;E;+05:30
India;Karwi (U P);02513;08054;N;E;+05:30
India;Karzok (J & K);03259;07816;N;E;+05:30
India;Kasa (Maharashtra);01956;07302;N;E;+05:30
India;Kasaragod (Kerala);01230;07500;N;E;+05:30
India;Kasauli (H. P.);03054;07657;N;E;+05:30
India;Kasba;02551;08733;N;E;+05:30
India;Kasba Kamarda;02146;08721;N;E;+05:30
India;Kasba Mirgoda;02142;08728;N;E;+05:30
India;Kasba Nerayangarh;02210;08723;N;E;+05:30
India;Kasba Pataspur;02202;08732;N;E;+05:30
India;Kasbagoas;02411;08830;N;E;+05:30
India;Kasbar;02521;08732;N;E;+05:30
India;Kasganj (U P);02748;07838;N;E;+05:30
India;Kashipur (Orissa);01922;08311;N;E;+05:30
India;Kashipur (U P);02913;07858;N;E;+05:30
India;Kashipur (West Bengal);02326;08641;N;E;+05:30
India;Kasia (U P);02645;08355;N;E;+05:30
India;Kasiari;02208;08714;N;E;+05:30
India;Kasimpur;02246;08831;N;E;+05:30
India;Kasinathpur;02235;08831;N;E;+05:30
India;Kasipur;02225;08810;N;E;+05:30
India;Kasmar (Bihar);02336;08600;N;E;+05:30
India;Kasta (U P);02750;08031;N;E;+05:30
India;Kasumpatti (H. P.);03057;07706;N;E;+05:30
India;Katai;01910;07305;N;E;+05:30
India;Kataklik (J & K);03459;07802;N;E;+05:30
India;Katana (Gujarat);02217;07249;N;E;+05:30
India;Katangi (M P);02146;07950;N;E;+05:30
India;Katanimara;02217;08711;N;E;+05:30
India;Katarnian Ghat (U P);02819;08109;N;E;+05:30
India;Katghora (M P);02233;08234;N;E;+05:30
India;Katgi (M P);02142;08233;N;E;+05:30
India;Kathar (Bihar);02536;08413;N;E;+05:30
India;Kathgodam (U P);02915;07932;N;E;+05:30
India;Kathi (Maharashtra);02148;07402;N;E;+05:30
India;Kathiwara (M P);02229;07412;N;E;+05:30
India;Kathla;03159;07647;N;E;+05:30
India;Kathor;02118;07256;N;E;+05:30
India;Kathua (J & K);03222;07531;N;E;+05:30
India;Katihar (Bihar);02533;08734;N;E;+05:30
India;Katni (M P);02347;08029;N;E;+05:30
India;Katol (H. P.);03112;07805;N;E;+05:30
India;Katol (Maharashtra);02116;07835;N;E;+05:30
India;Katosan (Gujarat);02330;07218;N;E;+05:30
India;Katoya (West Bengal);02339;08811;N;E;+05:30
India;Katpur (Gujarat);02129;07246;N;E;+05:30
India;Katra (Bihar);02613;08539;N;E;+05:30
India;Katra *Gonda (U P);02731;08203;N;E;+05:30
India;Katra (M P);02454;08140;N;E;+05:30
India;Katra *Shahjahanpur (U P);02801;07939;N;E;+05:30
India;Katras (Bihar);02349;08619;N;E;+05:30
India;Kattuputtur (Tamilnadu);01100;07813;N;E;+05:30
India;Katumbar;02718;07702;N;E;+05:30
India;Katuria (Bihar);02446;08644;N;E;+05:30
India;Katwa;02339;08808;N;E;+05:30
India;Kaua Kol (Bihar);02451;08554;N;E;+05:30
India;Kaudahalli (Karnataka);01204;07727;N;E;+05:30
India;Kaudia (M P);02253;07853;N;E;+05:30
India;Kaulas (Andra Pradesh);01819;07738;N;E;+05:30
India;Kaunkavan (Gujarat);02138;07059;N;E;+05:30
India;Kauria (M P);02115;08234;N;E;+05:30
India;Kauriala Ghat (U P);02822;08101;N;E;+05:30
India;Kausa;01910;07302;N;E;+05:30
India;Kavali (Andra Pradesh);01457;08003;N;E;+05:30
India;Kaveripattinam;01225;07812;N;E;+05:30
India;Kavi (Gujarat);02211;07241;N;E;+05:30
India;Kawardha (M P);02200;08101;N;E;+05:30
India;Kayalpatnam (Tamilnadu);00834;07807;N;E;+05:30
India;Kayamba;02241;08832;N;E;+05:30
India;Kayankulam (Kerala);00910;07631;N;E;+05:30
India;Kayar (Maharashtra);01954;07859;N;E;+05:30
India;Kayetha;02311;07607;N;E;+05:30
India;Kazipara;02243;08831;N;E;+05:30
India;Kazipet (Andra Pradesh);01758;07929;N;E;+05:30
India;Kebang (Assam);02809;09501;N;E;+05:30
India;Kedarnath (U P);03044;07903;N;E;+05:30
India;Kedgeree;02157;08800;N;E;+05:30
India;Kekpera;02227;08635;N;E;+05:30
India;Kekri (Rajasthan);02558;07509;N;E;+05:30
India;Kelgawan (U P);02450;07845;N;E;+05:30
India;Kelod (Maharashtra);02130;07858;N;E;+05:30
India;Kelve Mahim;01940;07246;N;E;+05:30
India;Kelwara (Rajasthan);02502;07336;N;E;+05:30
India;Kelwara (U P);02444;07815;N;E;+05:30
India;Kemai (M P);02546;07724;N;E;+05:30
India;Kenda (M P);02231;08210;N;E;+05:30
India;Kendai;02245;08237;N;E;+05:30
India;Kendghata (Bihar);02404;08710;N;E;+05:30
India;Kendrapara (Orissa);02030;08625;N;E;+05:30
India;Kendua;02234;08810;N;E;+05:30
India;Kendujhar (Bihar);02138;08535;N;E;+05:30
India;Keonchi;02238;08147;N;E;+05:30
India;Keonjhar (Orissa);02130;08530;N;E;+05:30
India;Keoripur;02602;08221;N;E;+05:30
India;Kera (Bihar);02244;08358;N;E;+05:30
India;Keran (J & K);03436;07400;N;E;+05:30
India;Kerur (Karnataka);01601;07536;N;E;+05:30
India;Kesariya (Bihar);02621;08452;N;E;+05:30
India;Keshahipet (Andra Pradesh);01657;07870;N;E;+05:30
India;Keshod (Gujarat);02118;07015;N;E;+05:30
India;Keshoria Patan (Rajasthan);02521;07601;N;E;+05:30
India;Keshpur (West Bengal);02234;08729;N;E;+05:30
India;Keslabori (Maharashtra);02024;07920;N;E;+05:30
India;Kethwara (Delhi);02841;07715;N;E;+05:30
India;Khachrod (M P);02325;07520;N;E;+05:30
India;Khadar;02833;07722;N;E;+05:30
India;Khadki (Maharashtra);01834;07352;N;E;+05:30
India;Khaga (U P);02547;08105;N;E;+05:30
India;Khagaria (Bihar);02531;08627;N;E;+05:30
India;Khagaul (Bihar);02534;08502;N;E;+05:30
India;Khagramuri;02226;08814;N;E;+05:30
India;Khagreda (Gujarat);02403;07204;N;E;+05:30
India;Khahilabad (U P);02647;08304;N;E;+05:30
India;Khair (U P);02757;07750;N;E;+05:30
India;Khaira (Bihar);02453;08613;N;E;+05:30
India;Khairabad (U P);02732;08045;N;E;+05:30
India;Khairagarh (U P);02657;07249;N;E;+05:30
India;Khairbani;02414;08705;N;E;+05:30
India;Khairgarh (M P);02128;08100;N;E;+05:30
India;Khairgarh (U P);02657;07747;N;E;+05:30
India;Khairigarh (U P);02820;08050;N;E;+05:30
India;Khairna;01906;07301;N;E;+05:30
India;Khairwara (Rajasthan);02358;07338;N;E;+05:30
India;Khajraho (M P);02450;07958;N;E;+05:30
India;Khajuha (U P);02603;08031;N;E;+05:30
India;Khajurhat (U P);02632;08208;N;E;+05:30
India;Khajuri (Bihar);02433;08606;N;E;+05:30
India;Khajuri (West Bengal);02157;08800;N;E;+05:30
India;Khajuria (West Bengal);02458;08755;N;E;+05:30
India;Khalatse (J & K);03420;07649;N;E;+05:30
India;Khalilabad (U P);02647;08304;N;E;+05:30
India;Khallikot (Orissa);01938;08508;N;E;+05:30
India;Khalsar;03431;07741;N;E;+05:30
India;Khambhaliya (Gujarat);02212;06939;N;E;+05:30
India;Khambhat (Gujarat);02219;07239;N;E;+05:30
India;Khamgaon (Maharashtra);02042;07640;N;E;+05:30
India;Khammam (Andra Pradesh);01716;08013;N;E;+05:30
India;Khana (West Bengal);02312;08750;N;E;+05:30
India;Khanaghosh (West Bengal);02313;08743;N;E;+05:30
India;Khanakul;02243;08751;N;E;+05:30
India;Khanapur (Karnataka);01541;07438;N;E;+05:30
India;Khanapur (Maharashtra);01719;07445;N;E;+05:30
India;Khanbar;02747;07936;N;E;+05:30
India;Khanbari Pass (J & K);03552;07356;N;E;+05:30
India;Khandala Satara (Maharashtra);01801;07404;N;E;+05:30
India;Khandala (Maharashtra);01845;07325;N;E;+05:30
India;Khandamala (Orissa);02024;08420;N;E;+05:30
India;Khandar (U P);02421;08257;N;E;+05:30
India;Khandauli (U P);02719;07802;N;E;+05:30
India;Khandela (Rajasthan);02733;07532;N;E;+05:30
India;Khandganj;02506;08514;N;E;+05:30
India;Khandgiri Hill (Orissa);02020;08550;N;E;+05:30
India;Khandhar (U P);02747;07936;N;E;+05:30
India;Khandparah (Orissa);02015;08511;N;E;+05:30
India;Khandu (Rajasthan);02328;07432;N;E;+05:30
India;Khandwa (M P);02149;07623;N;E;+05:30
India;Khaniadhana (M P);02502;07808;N;E;+05:30
India;Khankar (M P);02534;07743;N;E;+05:30
India;Khankurda;02200;08725;N;E;+05:30
India;Khanna (Punjab);03042;07616;N;E;+05:30
India;Khanna (U P);02534;08004;N;E;+05:30
India;Khanpur;01541;07438;N;E;+05:30
India;Khanpur (Rajasthan);02440;07632;N;E;+05:30
India;Khanua;02704;07726;N;E;+05:30
India;Khapa (Rajasthan);02128;07902;N;E;+05:30
India;Khapalu (J & K);03510;07620;N;E;+05:30
India;Khar *Bombay (Maharashtra);01902;07251;N;E;+05:30
India;Kharag (H. P.);03131;07724;N;E;+05:30
India;Kharagdiha (Bihar);02425;08610;N;E;+05:30
India;Kharaghoda (Gujarat);02311;07146;N;E;+05:30
India;Kharagpur (Bihar);02507;08633;N;E;+05:30
India;Kharagpur (West Bengal);02223;08722;N;E;+05:30
India;Kharai (M P);02507;07744;N;E;+05:30
India;Kharak Wasla (Maharashtra);01830;07345;N;E;+05:30
India;Kharar (Punjab);03044;07638;N;E;+05:30
India;Kharar (West Bengal);02240;08745;N;E;+05:30
India;Kharari (U P);02532;07831;N;E;+05:30
India;Kharda (Maharashtra);01838;07532;N;E;+05:30
India;Khardah;02244;08822;N;E;+05:30
India;Khardi (Maharashtra);01935;07327;N;E;+05:30
India;Khardung Pa Pass (J & K);03418;07738;N;E;+05:30
India;Khargapur (M P);02450;07909;N;E;+05:30
India;Kharghar;01903;07304;N;E;+05:30
India;Khargone (M P);02149;07539;N;E;+05:30
India;Khargupur (U P);02722;08159;N;E;+05:30
India;Khariar (Orissa);02019;08250;N;E;+05:30
India;Kharik (Bihar);02523;08701;N;E;+05:30
India;Kharkauda (Haryana);02855;07656;N;E;+05:30
India;Kharkhauda (U P);08850;07744;N;E;+05:30
India;Kharna (J & K);03336;07731;N;E;+05:30
India;Kharora (M P);02128;08158;N;E;+05:30
India;Kharri;02255;08814;N;E;+05:30
India;Kharsawan (Bihar);02246;08549;N;E;+05:30
India;Kharsia;02158;08307;N;E;+05:30
India;Khartaksho (J & K);03455;07614;N;E;+05:30
India;Khartasksu (J & K);03453;07620;N;E;+05:30
India;Khasbati;02255;08825;N;E;+05:30
India;Khatai (M P);02432;08234;N;E;+05:30
India;Khataia (Bihar);02619;08645;N;E;+05:30
India;Khatauli (U P);02916;07742;N;E;+05:30
India;Khategaon;02236;07655;N;E;+05:30
India;Khatima (U P);02856;07958;N;E;+05:30
India;Khatpa Thanbo (J & K);03332;07810;N;E;+05:30
India;Khatra (West Bengal);02259;08651;N;E;+05:30
India;Khavda (Gujarat);02350;06949;N;E;+05:30
India;Khawasa (M P);02305;07442;N;E;+05:30
India;Khayerpur;02235;08833;N;E;+05:30
India;Khayrasole;02348;08716;N;E;+05:30
India;Kheardaha;02229;08828;N;E;+05:30
India;Khed (Maharashtra);01854;07356;N;E;+05:30
India;Khed *Ratangir (Maharashtra);01745;07325;N;E;+05:30
India;Khedbrahma (Gujarat);02403;07303;N;E;+05:30
India;Khefapur;02830;07705;N;E;+05:30
India;Khejurdaha;02259;08810;N;E;+05:30
India;Khekra (U P);02851;07717;N;E;+05:30
India;Khela (Assam);02700;09525;N;E;+05:30
India;Khela (U P);02957;08035;N;E;+05:30
India;Khem Karan;03109;07434;N;E;+05:30
India;Khendla (Rajasthan);02736;07532;N;E;+05:30
India;Khenyen;02259;08819;N;E;+05:30
India;Kheralu (Gujarat);02357;07238;N;E;+05:30
India;Kheri *Lakhimpur (U P);02754;08048;N;E;+05:30
India;Kherli;02712;07702;N;E;+05:30
India;Khernkaran (Punjab);03112;07436;N;E;+05:30
India;Kherwara;02538;07338;N;E;+05:30
India;Khetia;02140;07435;N;E;+05:30
India;Khetri (Rajasthan);02800;07545;N;E;+05:30
India;Khetwi;02800;07549;N;E;+05:30
India;Khichina (Orissa);02154;08554;N;E;+05:30
India;Khichpur;02403;07632;N;E;+05:30
India;Khijaria (Gujarat);02144;07114;N;E;+05:30
India;Khilchipur (M P);02402;07634;N;E;+05:30
India;Khilkapur;02246;08829;N;E;+05:30
India;Khinyan (Rajasthan);02719;07050;N;E;+05:30
India;Khirhar (Bihar);02631;08558;N;E;+05:30
India;Khiri (U P);02502;08149;N;E;+05:30
India;Khirkiya (M P);02212;07658;N;E;+05:30
India;Khirpai (West Bengal);02242;08736;N;E;+05:30
India;Khitai Pass (J & K);03549;07928;N;E;+05:30
India;Khokhaha (Bihar);02610;08632;N;E;+05:30
India;Khoksar (Punjab);03227;07715;N;E;+05:30
India;Kholapur (Maharashtra);02100;07752;N;E;+05:30
India;Kholvi (Rajasthan);02358;07550;N;E;+05:30
India;Khondar (U P);02508;08159;N;E;+05:30
India;Khoni;01910;07307;N;E;+05:30
India;Khonra (Assam);02659;09538;N;E;+05:30
India;Khordha (Orissa);02010;08542;N;E;+05:30
India;Khorel;02242;08819;N;E;+05:30
India;Khoru;02251;08831;N;E;+05:30
India;Khot (Haryana);02922;07610;N;E;+05:30
India;Khotkhaha;02610;08632;N;E;+05:30
India;Khowai (Tripura);02404;09136;N;E;+05:30
India;Khowang;02715;09455;N;E;+05:30
India;Khuagaon (Maharashtra);02011;08015;N;E;+05:30
India;Khudaganj (U P);02712;07940;N;E;+05:30
India;Khudoganj (Bihar);02506;08514;N;E;+05:30
India;Khuldabad (Maharashtra);02001;07516;N;E;+05:30
India;Khundaur;02602;08202;N;E;+05:30
India;Khunti (Bihar);02302;08519;N;E;+05:30
India;Khurai (M P);02404;07818;N;E;+05:30
India;Khurasa (U P);02706;08202;N;E;+05:30
India;Khurda (Orissa);02010;08542;N;E;+05:30
India;Khurigachi;02249;08820;N;E;+05:30
India;Khurja (U P);02815;07751;N;E;+05:30
India;Khurmabad (Bihar);02501;08351;N;E;+05:30
India;Khusalgarh (Punjab);02311;07428;N;E;+05:30
India;Khusalnagar;01227;07558;N;E;+05:30
India;Khusrpour (Bihar);02529;08523;N;E;+05:30
India;Khutagaon (Orissa);02218;08458;N;E;+05:30
India;Khutauna (Bihar);02630;08624;N;E;+05:30
India;Khutia (Bihar);02531;08633;N;E;+05:30
India;Kiajori (Bihar);03432;08627;N;E;+05:30
India;Kibar (H. P.);03220;07801;N;E;+05:30
India;Kichcha (U P);02854;07930;N;E;+05:30
India;Kichhauchha (U P);02625;08246;N;E;+05:30
India;Kidmang (J & K);03320;08012;N;E;+05:30
India;Kihunian (U P);02501;08057;N;E;+05:30
India;Kilikollur;00854;07630;N;E;+05:30
India;Killakarai (Tamilnadu);00914;07847;N;E;+05:30
India;Killar (H. P.);03300;07626;N;E;+05:30
India;Kinauni;02839;07723;N;E;+05:30
India;Kinchara;02253;08832;N;E;+05:30
India;Kinhi (M P);02139;08031;N;E;+05:30
India;Kinjar (Bihar);02514;08450;N;E;+05:30
India;Kinnaur (H. P.);03130;07820;N;E;+05:30
India;Kinwat (Maharashtra);01938;07816;N;E;+05:30
India;Kirakat (U P);02539;08255;N;E;+05:30
India;Kiranpur (West Bengal);02346;08753;N;E;+05:30
India;Kiratpur (U P);02930;07812;N;E;+05:30
India;Kirkee (Maharashtra);01836;07357;N;E;+05:30
India;Kirnahar;02345;08752;N;E;+05:30
India;Kisampet;01657;07817;N;E;+05:30
India;Kisanganj *Saharsa (Bihar);02541;08657;N;E;+05:30
India;Kishanganj *Purnia (Bihar);02606;08757;N;E;+05:30
India;Kishangarh (M P);02422;07945;N;E;+05:30
India;Kishangarh (Rajasthan);02633;07452;N;E;+05:30
India;Kishanpur Bara (U P);02911;07718;N;E;+05:30
India;Kishanpur (U P);02539;08102;N;E;+05:30
India;Kishni (M P);02702;07915;N;E;+05:30
India;Kishtwar (J & K);03319;07546;N;E;+05:30
India;Kislingarh (Rajasthan);02752;07034;N;E;+05:30
India;Kisoripur;02205;08834;N;E;+05:30
India;Kistna;01625;07719;N;E;+05:30
India;Kistnapuram;01421;08009;N;E;+05:30
India;Kithaur (U P);02851;07755;N;E;+05:30
India;Kittur (Karnataka);01538;07453;N;E;+05:30
India;Kiul (Bihar);02510;08606;N;E;+05:30
India;Kkadaiyanallur;00904;07725;N;E;+05:30
India;Knargram;02401;08759;N;E;+05:30
India;Ko Hao;02817;09702;N;E;+05:30
India;Koath (Bihar);02520;08416;N;E;+05:30
India;Kobo (Assam);02748;09520;N;E;+05:30
India;Koch Bihar (West Bengal);02618;08932;N;E;+05:30
India;Koch (Bihar);02456;08446;N;E;+05:30
India;Kochinda (Orissa);02145;08338;N;E;+05:30
India;Kochugaon;02634;09004;N;E;+05:30
India;Kod (Karnataka);01433;07527;N;E;+05:30
India;Kodad (Andra Pradesh);01700;07958;N;E;+05:30
India;Kodaikanal (Tamilnadu);01014;07729;N;E;+05:30
India;Kodala (Orissa);01936;08455;N;E;+05:30
India;Kodangal;01707;07735;N;E;+05:30
India;Kodarma (Bihar);02428;08536;N;E;+05:30
India;Kodikkori (Tamilnadu);01017;07952;N;E;+05:30
India;Kodinar (Gujarat);02047;07042;N;E;+05:30
India;Kodiyakharai (Tamilnadu);01017;07949;N;E;+05:30
India;Kodumuru (Andra Pradesh);01543;07746;N;E;+05:30
India;Koduru (Andra Pradesh);01453;07808;N;E;+05:30
India;Koelwar;02536;08447;N;E;+05:30
India;Kohar Gari;02704;08352;N;E;+05:30
India;Kohdaur (U P);02602;08202;N;E;+05:30
India;Kohima (Nagaland);02540;09408;N;E;+05:30
India;Kohir (Andra Pradesh);01736;07738;N;E;+05:30
India;Kohra (H. P.);03053;07649;N;E;+05:30
India;Koihoa;00812;09329;N;E;+05:30
India;Koilawan (Bihar);02500;08431;N;E;+05:30
India;Koilkonda (Andra Pradesh);01645;07750;N;E;+05:30
India;Koilkuntla (Andra Pradesh);01515;07816;N;E;+05:30
India;Koilpatti;00912;07755;N;E;+05:30
India;Koiripur (U P);02602;08221;N;E;+05:30
India;Kokkaniserri (Kerala);01208;07513;N;E;+05:30
India;Kokpara;02231;08633;N;E;+05:30
India;Kokrajhar;02624;09016;N;E;+05:30
India;Kolabira (Orissa);02149;08414;N;E;+05:30
India;Kolachel;00810;07715;N;E;+05:30
India;Kolahoi Mount (J & K);03412;07521;N;E;+05:30
India;Kolar Gold Fields (Karnataka);01254;07816;N;E;+05:30
India;Kolar (H. P.);03030;07724;N;E;+05:30
India;Kolar (Karnataka);01310;07810;N;E;+05:30
India;Kolar (M P);01955;08111;N;E;+05:30
India;Kolaras (M P);02514;07736;N;E;+05:30
India;Kolari (Rajasthan);02653;07749;N;E;+05:30
India;Kolatupuzha (Kerala);00853;07704;N;E;+05:30
India;Kolayat (Rajasthan);02756;07302;N;E;+05:30
India;Kolebira;02243;08442;N;E;+05:30
India;Kolhapur (Andra Pradesh);01606;07820;N;E;+05:30
India;Kolhapur (Maharashtra);01642;07419;N;E;+05:30
India;Kolhui (U P);02719;08319;N;E;+05:30
India;Kollangod (Kerala);01036;07643;N;E;+05:30
India;Kollegal (Karnataka);01208;07706;N;E;+05:30
India;Kollur (Andra Pradesh);01355;07455;N;E;+05:30
India;Kolora;02255;08822;N;E;+05:30
India;Kolosib (Mizoram);02414;09242;N;E;+05:30
India;Koluahi (Bihar);02628;08604;N;E;+05:30
India;Kolur;01955;08111;N;E;+05:30
India;Kolvan (Maharashtra);01836;07335;N;E;+05:30
India;Komdhara;02253;08814;N;E;+05:30
India;Komdi mt (Assam);02842;09512;N;E;+05:30
India;Komsing;02814;09504;N;E;+05:30
India;Kon (U P);02422;08322;N;E;+05:30
India;Kona;02237;08818;N;E;+05:30
India;Konad (Kerala);01056;07625;N;E;+05:30
India;Konada (Andra Pradesh);01802;08341;N;E;+05:30
India;Konark (Orissa);01954;08607;N;E;+05:30
India;Konch (U P);02559;07909;N;E;+05:30
India;Kondagaon (M P);01936;08140;N;E;+05:30
India;Kondakambaeruon;01807;08215;N;E;+05:30
India;Kondalwadi (Maharashtra);01850;07744;N;E;+05:30
India;Kondapalle (Andra Pradesh);01638;08036;N;E;+05:30
India;Kondavid (Andra Pradesh);01617;08016;N;E;+05:30
India;Konnagar;02242;08822;N;E;+05:30
India;Konnur (Tamilnadu);01306;08013;N;E;+05:30
India;Konpara (M P);02223;08355;N;E;+05:30
India;Kopaganj (U P);02601;08334;N;E;+05:30
India;Kopargaon (Maharashtra);01955;07432;N;E;+05:30
India;Kopari;02116;08628;N;E;+05:30
India;Koparkhairna;01906;07259;N;E;+05:30
India;Koparpada;01902;07304;N;E;+05:30
India;Koppa;02537;08725;N;E;+05:30
India;Koppa (Karnataka);01331;07516;N;E;+05:30
India;Koppal (Karnataka);01521;07609;N;E;+05:30
India;Kopri;01911;07258;N;E;+05:30
India;Kora (U P);02606;08022;N;E;+05:30
India;Kora (Bihar);02537;08725;N;E;+05:30
India;Koracho (M P);02022;08041;N;E;+05:30
India;Koral (Gujarat);02155;07312;N;E;+05:30
India;Korangal (Andra Pradesh);01708;07736;N;E;+05:30
India;Korapatti (Bihar);02607;08700;N;E;+05:30
India;Koraput (Orissa);01848;08241;N;E;+05:30
India;Koratla (Andra Pradesh);01851;07841;N;E;+05:30
India;Korba (M P);02222;08246;N;E;+05:30
India;Koregaon *Satara (Maharashtra);01742;07416;N;E;+05:30
India;Korwai (M P);02408;07801;N;E;+05:30
India;Kosam (U P);02520;08124;N;E;+05:30
India;Kosgi (Andra Pradesh);01701;07743;N;E;+05:30
India;Kosi (U P);02748;07726;N;E;+05:30
India;Kosigi (Andra Pradesh);01551;07716;N;E;+05:30
India;Kot Fateh;03007;07505;N;E;+05:30
India;Kot Kapura (Punjab);03035;07454;N;E;+05:30
India;Kot Kasim (Rajasthan);02801;07647;N;E;+05:30
India;Kot Putli (Rajasthan);02743;07612;N;E;+05:30
India;Kota Bagh (U P);02923;07917;N;E;+05:30
India;Kota Barrage (Rajasthan);02506;07551;N;E;+05:30
India;Kota Dam (Rajasthan);02501;07543;N;E;+05:30
India;Kota (U P);02427;08308;N;E;+05:30
India;Kota (Andra Pradesh);01404;08003;N;E;+05:30
India;Kota (Rajasthan);02511;07558;N;E;+05:30
India;Kotagiri (Tamilnadu);01121;07644;N;E;+05:30
India;Kotalpur (West Bengal);02300;08735;N;E;+05:30
India;Kotapad (Orissa);01906;08226;N;E;+05:30
India;Kotdwara (U P);02944;07833;N;E;+05:30
India;Kotgar (Orissa);01953;08346;N;E;+05:30
India;Kotgarh (H. P.);03118;07729;N;E;+05:30
India;Kotgod;02212;08531;N;E;+05:30
India;Kothai (H. P.);03108;07736;N;E;+05:30
India;Kothi (Bihar);02424;08433;N;E;+05:30
India;Kothi (M P);02445;08046;N;E;+05:30
India;Kothia (Bihar);02551;08537;N;E;+05:30
India;Kothili (U P);02700;08241;N;E;+05:30
India;Kotipalle (Andra Pradesh);01644;08203;N;E;+05:30
India;Kotkapura (Punjab);03035;07450;N;E;+05:30
India;Kotkhai (H. P.);03106;07731;N;E;+05:30
India;Kotla (H. P.);03143;07716;N;E;+05:30
India;Kotli (J & K);03313;07351;N;E;+05:30
India;Kotma (M P);02310;08200;N;E;+05:30
India;Kotra Pitha (Gujarat);02057;07118;N;E;+05:30
India;Kotra (Rajasthan);02549;07918;N;E;+05:30
India;Kotra (U P);02549;07918;N;E;+05:30
India;Kotrung;02240;08821;N;E;+05:30
India;Kottagudem (Andra Pradesh);01732;08039;N;E;+05:30
India;Kottaipattinam (Tamilnadu);00957;07911;N;E;+05:30
India;Kottapatam;01524;08007;N;E;+05:30
India;Kottarakara (Karnataka);00859;07645;N;E;+05:30
India;Kottayam (Kerala);00934;07631;N;E;+05:30
India;Kottur;01032;07659;N;E;+05:30
India;Kotturu (Karnataka);01449;07613;N;E;+05:30
India;Kotwa Peak (M P);02310;08359;N;E;+05:30
India;Kotwa (Bihar);02631;08452;N;E;+05:30
India;Kotwa (M P);02502;08190;N;E;+05:30
India;Kovilipatti (Tamilnadu);00910;07752;N;E;+05:30
India;Kovur (Andra Pradesh);01429;07959;N;E;+05:30
India;Kovvur (Andra Pradesh);01715;08144;N;E;+05:30
India;Kowar;02413;08611;N;E;+05:30
India;Koyambattur;01160;07658;N;E;+05:30
India;Kozhikonde (Kerala);01115;07546;N;E;+05:30
India;Krishanagarh (Bihar);02612;08501;N;E;+05:30
India;Krishna (Andra Pradesh);01625;07719;N;E;+05:30
India;Krishnachaadrapur;02150;08649;N;E;+05:30
India;Krishnagiri (Tamilnadu);01232;07814;N;E;+05:30
India;Krishnamati;02240;08832;N;E;+05:30
India;Krishnanagar (West Bengal);02322;08832;N;E;+05:30
India;Krishnapur;02236;08826;N;E;+05:30
India;Krishnaraja Dam (Karnataka);01225;07633;N;E;+05:30
India;Krishnarajpet (Karnataka);01240;07625;N;E;+05:30
India;Krishnarampur;02243;08814;N;E;+05:30
India;Kronli (Assam);02825;09550;N;E;+05:30
India;Kuari (Bihar);02624;08726;N;E;+05:30
India;Kuchai (Bihar);02250;08545;N;E;+05:30
India;Kuchaiburi;02216;08610;N;E;+05:30
India;Kuchaman Road (Rajasthan);02701;07458;N;E;+05:30
India;Kuchaman (Rajasthan);02710;07454;N;E;+05:30
India;Kuda (Gujarat);02308;07130;N;E;+05:30
India;Kudal (Maharashtra);01601;07344;N;E;+05:30
India;Kudala;01936;08455;N;E;+05:30
India;Kudchi (Karnataka);01639;07454;N;E;+05:30
India;Kudh (J & K);03305;07517;N;E;+05:30
India;Kudligi (Karnataka);01455;07622;N;E;+05:30
India;Kudremukh Mount (Karnataka);01309;07512;N;E;+05:30
India;Kuilapal (West Bengal);02250;08639;N;E;+05:30
India;Kujang (Orissa);02012;08638;N;E;+05:30
India;Kuju (Bihar);02344;08531;N;E;+05:30
India;Kukshi (M P);02210;07448;N;E;+05:30
India;Kukunuru (Andra Pradesh);01734;08111;N;E;+05:30
India;Kulaha Hill (Bihar);02423;08456;N;E;+05:30
India;Kulaisila (Orissa);02221;08622;N;E;+05:30
India;Kulasekharapatinam (Tamilnadu);00823;07805;N;E;+05:30
India;Kulgam (J & K);03339;07501;N;E;+05:30
India;Kulharia (Bihar);02536;08447;N;E;+05:30
India;Kullattur (Tamilnadu);01028;07848;N;E;+05:30
India;Kullu (H. P.);03158;07706;N;E;+05:30
India;Kulpahar (U P);02520;07938;N;E;+05:30
India;Kulpi;02206;08815;N;E;+05:30
India;Kulti (West Bengal);02345;08650;N;E;+05:30
India;Kultikri;02210;08709;N;E;+05:30
India;Kulutalai.T N;01057;07875;N;E;+05:30
India;Kumaragam (Kerala);00939;07628;N;E;+05:30
India;Kumargan;02259;08744;N;E;+05:30
India;Kumargram;02637;08950;N;E;+05:30
India;Kumari (Bihar);02540;08743;N;E;+05:30
India;Kumbakonam (Tamilnadu);01059;07924;N;E;+05:30
India;Kumbhalgarh (Rajasthan);02508;07337;N;E;+05:30
India;Kumbharli Ghat Mount;01730;07345;N;E;+05:30
India;Kumbla (Kerala);01237;07457;N;E;+05:30
India;Kumbraj (M P);02425;07700;N;E;+05:30
India;Kumedpur (West Bengal);02526;08750;N;E;+05:30
India;Kumerapalaiyam;01128;07743;N;E;+05:30
India;Kumguri (Assam);02638;09208;N;E;+05:30
India;Kumharsin (H. P.);03120;07720;N;E;+05:30
India;Kumher (Rajasthan);02719;07723;N;E;+05:30
India;Kumki (Aru. Pradesh.);02710;09350;N;E;+05:30
India;Kumrabad;02410;08716;N;E;+05:30
India;Kumritar Mount (Orissa);02143;08512;N;E;+05:30
India;Kumta (Karnataka);01425;07425;N;E;+05:30
India;Kumund (Orissa);02031;08243;N;E;+05:30
India;Kunch (U P);02559;07908;N;E;+05:30
India;Kunda (U P);02543;08131;N;E;+05:30
India;Kundahit;02358;08710;N;E;+05:30
India;Kundam;02313;08021;N;E;+05:30
India;Kundan Ganj (U P);02623;08109;N;E;+05:30
India;Kundanvad (Maharashtra);01638;07432;N;E;+05:30
India;Kundara;00857;07641;N;E;+05:30
India;Kundaria (U P);02750;07928;N;E;+05:30
India;Kundgol (Karnataka);01515;07519;N;E;+05:30
India;Kundia (Rajasthan);02502;07411;N;E;+05:30
India;Kundla (Gujarat);02120;07122;N;E;+05:30
India;Kundla (U P);02547;08130;N;E;+05:30
India;Kunigai (Karnataka);01301;07659;N;E;+05:30
India;Kunjabar (Orissa);02026;08453;N;E;+05:30
India;Kunkavav (Gujarat);02138;07105;N;E;+05:30
India;Kunkuri;02245;08357;N;E;+05:30
India;Kunma (Bihar);02640;08538;N;E;+05:30
India;Kunnam (Kerala);01040;07600;N;E;+05:30
India;Kunnamkulam;01039;07605;N;E;+05:30
India;Kunnan (Mizoram);02357;09320;N;E;+05:30
India;Kupari (Orissa);02116;08628;N;E;+05:30
India;Kuppam (Andra Pradesh);01245;07820;N;E;+05:30
India;Kuppiti (Andra Pradesh);01813;08358;N;E;+05:30
India;Kurali;03050;07635;N;E;+05:30
India;Kuranga (Gujarat);02207;06912;N;E;+05:30
India;Kuraon (U P);02500;08204;N;E;+05:30
India;Kurauli;02724;07859;N;E;+05:30
India;Kurauli (Rajasthan);02630;07700;N;E;+05:30
India;Kurduvadi (Maharashtra);01806;07531;N;E;+05:30
India;Kurebhar (U P);02624;08207;N;E;+05:30
India;Kurhad (Maharashtra);02010;07813;N;E;+05:30
India;Kuri (Rajasthan);02637;07042;N;E;+05:30
India;Kuriasol;02206;08639;N;E;+05:30
India;Kurinjippadi;01134;07936;N;E;+05:30
India;Kurla (Maharashtra);01905;07253;N;E;+05:30
India;Kurnool (Andra Pradesh);01551;07801;N;E;+05:30
India;Kurra  Jirawan (U P);02701;07906;N;E;+05:30
India;Kursela (Bihar);02527;08715;N;E;+05:30
India;Kurseong;02653;08817;N;E;+05:30
India;Kursi (U P);02703;08102;N;E;+05:30
India;Kurson (Bihar);02608;08617;N;E;+05:30
India;Kurtha (Bihar);02508;08449;N;E;+05:30
India;Kurud (M P);02052;08142;N;E;+05:30
India;Kurukshetra (Haryana);02959;07651;N;E;+05:30
India;Kurundvad (Maharashtra);01642;07437;N;E;+05:30
India;Kurupam (Andra Pradesh);01856;08337;N;E;+05:30
India;Kushalgarh (Rajasthan);02313;07429;N;E;+05:30
India;Kushmahar (M P);02418;08143;N;E;+05:30
India;Kushtagi (Karnataka);01544;07610;N;E;+05:30
India;Kusiyara (U P);02442;08230;N;E;+05:30
India;Kusria;02258;08814;N;E;+05:30
India;Kusthalia;02329;08703;N;E;+05:30
India;Kusumba;02227;08824;N;E;+05:30
India;Kuthara (M P);02410;07916;N;E;+05:30
India;Kuthaund (U P);02621;07924;N;E;+05:30
India;Kutiyana (Gujarat);02138;06959;N;E;+05:30
India;Kutru (M P);01903;08052;N;E;+05:30
India;Kuttalam (Tamilnadu);00855;07717;N;E;+05:30
India;Kuttyadi (Kerala);01838;07543;N;E;+05:30
India;Kuyali;02231;08611;N;E;+05:30
India;Kuzhittura (Tamilnadu);00818;07715;N;E;+05:30
India;Kyam (J & K);03418;07900;N;E;+05:30
India;Kyelang (H. P.);03233;07703;N;E;+05:30
India;Kzmt (J & K);03553;07632;N;E;+05:30
India;Labpur;02350;08749;N;E;+05:30
India;Lachen (Sikkim);02746;08836;N;E;+05:30
India;Lachhmangarh (Rajasthan);02749;07502;N;E;+05:30
India;Lachmangarh *Alwar (Rajasthan);02720;07651;N;E;+05:30
India;Lachung (Sikkim);02742;08848;N;E;+05:30
India;Ladania (Bihar);02637;08620;N;E;+05:30
India;Laddakh (J & K);03400;07715;N;E;+05:30
India;Ladhuria;02504;07851;N;E;+05:30
India;Ladhurka;02322;08632;N;E;+05:30
India;Ladnun (Rajasthan);02736;07426;N;E;+05:30
India;Ladu Mount (Assam);02755;09344;N;E;+05:30
India;Ladwa (Haryana);03000;07702;N;E;+05:30
India;Lagaragawan (M P);02426;08048;N;E;+05:30
India;Lagucha;02749;08049;N;E;+05:30
India;Lahar (M P);02612;07856;N;E;+05:30
India;Lahara;02121;08518;N;E;+05:30
India;Laharibo (Rajasthan);02356;07552;N;E;+05:30
India;Laharpur (U P);02743;08054;N;E;+05:30
India;Lahchurghat (U P);02521;07916;N;E;+05:30
India;Laheria Sarai;02607;08554;N;E;+05:30
India;Lahir (Maharashtra);01925;08048;N;E;+05:30
India;Lai (Bihar);02531;08448;N;E;+05:30
India;Laichanpur (Orissa);02112;08642;N;E;+05:30
India;Laimkuri (Assam);02742;09501;N;E;+05:30
India;Laju (Assam);02655;09536;N;E;+05:30
India;Lakadiya;02322;07039;N;E;+05:30
India;Lakh (Rajasthan);02932;07320;N;E;+05:30
India;Lakha (Rajasthan);02609;07054;N;E;+05:30
India;Lakheri;02540;07610;N;E;+05:30
India;Lakhimpur(North) (Assam);02714;09415;N;E;+05:30
India;Lakhimpur (U P);02757;08047;N;E;+05:30
India;Lakhipur;02602;09018;N;E;+05:30
India;Lakhisarai;02512;08606;N;E;+05:30
India;Lakhmeswar;01510;07516;N;E;+05:30
India;Lakhna (U P);02639;07909;N;E;+05:30
India;Lakhnadon (M P);02234;07938;N;E;+05:30
India;Lakhnauti (U P);02948;07712;N;E;+05:30
India;Lakhpat (Gujarat);02349;06854;N;E;+05:30
India;Lakhsetipet (Andra Pradesh);01857;07906;N;E;+05:30
India;Lakhtar (Gujarat);02253;07053;N;E;+05:30
India;Lakhuara (Bihar);02646;08458;N;E;+05:30
India;Lakhuti (Nagaland);02616;09419;N;E;+05:30
India;Laksar (U P);02948;07732;N;E;+05:30
India;Lakshamannath;02151;08713;N;E;+05:30
India;Lakshmanpur;02238;08816;N;E;+05:30
India;Lakshmeshwar (Karnataka);01508;07528;N;E;+05:30
India;Lakshmikantapur (West Bengal);02205;08819;N;E;+05:30
India;Lakshmipura (Andra Pradesh);01823;08228;N;E;+05:30
India;Lakshmisagar;02255;08701;N;E;+05:30
India;Lal Dhang (U P);02950;07819;N;E;+05:30
India;Lala Ghat (Assam);02434;09235;N;E;+05:30
India;Lalam (Kerala);00942;07646;N;E;+05:30
India;Lalauli (U P);02549;08033;N;E;+05:30
India;Lalbairo (Bihar);02453;08632;N;E;+05:30
India;Lalbara (M P);02158;08008;N;E;+05:30
India;Lalganj *Mirzapur (U P);02501;08221;N;E;+05:30
India;Lalganj *Rai Barielly (U P);02610;08058;N;E;+05:30
India;Lalganj (Bihar);02552;08210;N;E;+05:30
India;Lalgarh;02235;08703;N;E;+05:30
India;Lalgopalganj;02539;08137;N;E;+05:30
India;Lalgudi (Tamilnadu);01052;07852;N;E;+05:30
India;Lalitpur (U P);02442;07824;N;E;+05:30
India;Lalkua (U P);02904;07931;N;E;+05:30
India;Lalpur;02212;06958;N;E;+05:30
India;Lalpura (U P);02551;08003;N;E;+05:30
India;Lalsot (Rajasthan);02631;07622;N;E;+05:30
India;Lambhua (U P);02608;08214;N;E;+05:30
India;Lambi (Punjab);03003;07435;N;E;+05:30
India;Lamta (M P);02206;08010;N;E;+05:30
India;Landour (U P);03027;07806;N;E;+05:30
India;Langting (Assam);02528;09310;N;E;+05:30
India;Lanji (M P);02130;08036;N;E;+05:30
India;Lanka La Pass;03427;07932;N;E;+05:30
India;Lanka Ransar (Punjab);02827;07348;N;E;+05:30
India;Lansdowne (U P);02949;07842;N;E;+05:30
India;Lapchaura (M P);02456;07710;N;E;+05:30
India;Lar (U P);02611;08357;N;E;+05:30
India;Larji (H. P.);03143;07713;N;E;+05:30
India;Laruri;02544;09429;N;E;+05:30
India;Lashkar (M P);02612;07808;N;E;+05:30
India;Laswari (Rajasthan);02732;07650;N;E;+05:30
India;Latehar;02345;08430;N;E;+05:30
India;Lathi (Gujarat);02145;07128;N;E;+05:30
India;Lathi (Rajasthan);02659;07137;N;E;+05:30
India;Latho (J & K);03342;07743;N;E;+05:30
India;Latur (Maharashtra);01824;07634;N;E;+05:30
India;Laukaha (Bihar);02633;08628;N;E;+05:30
India;Laukahi (Bihar);02628;08633;N;E;+05:30
India;Laungowal;03013;07541;N;E;+05:30
India;Lauri (M P);02509;08000;N;E;+05:30
India;Lauriya *Nandangarh (Bihar);02659;08424;N;E;+05:30
India;Lavara (Maharashtra);01800;07623;N;E;+05:30
India;Lawa (Rajasthan);02620;07538;N;E;+05:30
India;Lawan (M P);02140;08227;N;E;+05:30
India;Lebong (West Bengal);02703;08825;N;E;+05:30
India;Ledo;02718;09542;N;E;+05:30
India;Leh (J & K);03409;07735;N;E;+05:30
India;Lehra Gaga;02955;07549;N;E;+05:30
India;Lehra (Bihar);02609;08607;N;E;+05:30
India;Lephori (Nagaland);02535;09440;N;E;+05:30
India;Liakzun (J & K);03435;07740;N;E;+05:30
India;Likma (M P);02012;08202;N;E;+05:30
India;Liluah;02235;08823;N;E;+05:30
India;Limbda (Gujarat);02149;07143;N;E;+05:30
India;Limbdi (Gujarat);02236;07200;N;E;+05:30
India;Lingagiri;01653;07953;N;E;+05:30
India;Lingampeth (Andra Pradesh);01813;07805;N;E;+05:30
India;Lingaparthi (Andra Pradesh);01720;08211;N;E;+05:30
India;Lingapur (Andra Pradesh);01903;07808;N;E;+05:30
India;Linsugur (Karnataka);01611;07633;N;E;+05:30
India;Lisket (U P);02948;07910;N;E;+05:30
India;Litipara;02442;08737;N;E;+05:30
India;Lobang (Assam);02529;09239;N;E;+05:30
India;Lodhesuli;02219;08703;N;E;+05:30
India;Lodhika (Gujarat);02205;07041;N;E;+05:30
India;Lodhikeda (M P);02135;07856;N;E;+05:30
India;Lodrani (Gujarat);02352;07040;N;E;+05:30
India;Logai (Bihar);02456;08735;N;E;+05:30
India;Lohardaga (Bihar);02327;08442;N;E;+05:30
India;Loharu (Haryana);02828;07550;N;E;+05:30
India;Lohawt (Rajasthan);02657;07230;N;E;+05:30
India;Lohba (U P);03003;07917;N;E;+05:30
India;Lohian;03110;07511;N;E;+05:30
India;Lohra (U P);02529;08058;N;E;+05:30
India;Lohria (Punjab);02346;07412;N;E;+05:30
India;Lokapur (Karnataka);01609;07525;N;E;+05:30
India;Lokar;03055;08108;N;E;+05:30
India;Lokbar (U P);03050;07757;N;E;+05:30
India;Lonar (Maharashtra);01959;07638;N;E;+05:30
India;Lonawale (Maharashtra);01845;07327;N;E;+05:30
India;Londa (Karnataka);01538;07432;N;E;+05:30
India;Loni;02845;07717;N;E;+05:30
India;Losar (H. P.);03225;07750;N;E;+05:30
India;Lowada;02227;08737;N;E;+05:30
India;Luckeesarai (Bihar);02511;08605;N;E;+05:30
India;Lucknow (U P);02650;08054;N;E;+05:30
India;Ludhiana (Punjab);03056;07552;N;E;+05:30
India;Lugasi;02506;07935;N;E;+05:30
India;Lugu Hill;02346;08540;N;E;+05:30
India;Lukwasa;02507;07736;N;E;+05:30
India;Lumding (Assam);02546;09310;N;E;+05:30
India;Lunavada (Gujarat);02308;07337;N;E;+05:30
India;Lundra (J & K);03307;07510;N;E;+05:30
India;Lungleh (Mizoram);02255;09249;N;E;+05:30
India;Luni (Rajasthan);02602;07309;N;E;+05:30
India;Lunkaransar (Rajasthan);02832;07350;N;E;+05:30
India;Lunkha (Rajasthan);02842;07256;N;E;+05:30
India;Lusa (U P);02456;08249;N;E;+05:30
India;Machalpur;02408;07618;N;E;+05:30
India;Macheri;02716;07638;N;E;+05:30
India;Macherla;01629;07925;N;E;+05:30
India;Machgaon;02003;08622;N;E;+05:30
India;Machhand;02620;07903;N;E;+05:30
India;Machhilskar;02542;08224;N;E;+05:30
India;Machhiwara (Punjab);03055;07612;N;E;+05:30
India;Machhlishahr (U P);02541;08225;N;E;+05:30
India;Machilipatnam (Andra Pradesh);01613;08112;N;E;+05:30
India;Machilpur (Rajasthan);02638;07713;N;E;+05:30
India;Machiwara (Punjab);03055;07615;N;E;+05:30
India;Machkund Dam (Andra Pradesh);01832;08234;N;E;+05:30
India;Madakasira (Andra Pradesh);01356;07715;N;E;+05:30
India;Madanapalle (Andra Pradesh);01333;07830;N;E;+05:30
India;Madanpur (Bihar);02612;08731;N;E;+05:30
India;Madanpur (U P);02416;07841;N;E;+05:30
India;Madanpur (West Bengal);02300;08829;N;E;+05:30
India;Madaora;02423;07848;N;E;+05:30
India;Madarihat (West Bengal);02638;08920;N;E;+05:30
India;Madarpur;02254;08827;N;E;+05:30
India;Madawari;02214;07508;N;E;+05:30
India;Maddairi;01341;07741;N;E;+05:30
India;Madded (M P);01845;08039;N;E;+05:30
India;Maddupur (U P);02451;08303;N;E;+05:30
India;Maddur (Karnataka);01236;07700;N;E;+05:30
India;Madgaon;01518;07357;N;E;+05:30
India;Madha (Maharashtra);01803;07535;N;E;+05:30
India;Madhavpur (Gujarat);02118;07001;N;E;+05:30
India;Madhepur (Bihar);02611;08623;N;E;+05:30
India;Madhepura (Bihar);02555;08647;N;E;+05:30
India;Madhira (Andra Pradesh);01658;08025;N;E;+05:30
India;Madhoganj (U P);02707;08008;N;E;+05:30
India;Madhogarh (M P);02434;08054;N;E;+05:30
India;Madhogarh (U P);02617;07911;N;E;+05:30
India;Madhopur (Bihar);02418;08754;N;E;+05:30
India;Madhopur (Punjab);03222;07540;N;E;+05:30
India;Madhosagar (M P);02614;07759;N;E;+05:30
India;Madhra (Andra Pradesh);01654;08025;N;E;+05:30
India;Madhubani (Bihar);02627;08508;N;E;+05:30
India;Madhudaha;02231;08825;N;E;+05:30
India;Madhugiri (Karnataka);01340;07712;N;E;+05:30
India;Madhupar;02256;08628;N;E;+05:30
India;Madhupur (Bihar);02417;08638;N;E;+05:30
India;Madhura (Bihar);02620;08706;N;E;+05:30
India;Madhyamaheshwar (U P);03037;07912;N;E;+05:30
India;Madhyamgram;02242;08627;N;E;+05:30
India;Madikeri (Karnataka);01229;07540;N;E;+05:30
India;Madipur (Delhi);02840;07708;N;E;+05:30
India;Madnapur (U P);02752;07940;N;E;+05:30
India;Madnur (Andra Pradesh);01831;07737;N;E;+05:30
India;Madonpur (Orissa);02020;08335;N;E;+05:30
India;Madpura (Rajasthan);02555;07132;N;E;+05:30
India;Madras (Tamilnadu);01305;08018;N;E;+05:30
India;Madugula (Andra Pradesh);01753;08254;N;E;+05:30
India;Madurai (Tamilnadu);00955;07807;N;E;+05:30
India;Madurantakam (Tamilnadu);01231;07954;N;E;+05:30
India;Madwas (M P);02405;08147;N;E;+05:30
India;Magara;02234;08734;N;E;+05:30
India;Magedi (Karnataka);01255;07715;N;E;+05:30
India;Maghar (U P);02645;08308;N;E;+05:30
India;Magori (Gujarat);02317;07323;N;E;+05:30
India;Magra (West Bengal);02259;08824;N;E;+05:30
India;Mahabaleshwar (Maharashtra);01756;07342;N;E;+05:30
India;Mahabalipuram (Tamilnadu);01237;08012;N;E;+05:30
India;Mahaban (U P);02727;07746;N;E;+05:30
India;Mahabubabad (Andra Pradesh);01740;08002;N;E;+05:30
India;Mahabubnagar (Andra Pradesh);01645;07757;N;E;+05:30
India;Mahad (Maharashtra);01805;07329;N;E;+05:30
India;Mahadeopur (Andra Pradesh);01844;08004;N;E;+05:30
India;Mahadewal (U P);02658;08310;N;E;+05:30
India;Mahagaon (Karnataka);01733;07653;N;E;+05:30
India;Mahajan (Rajasthan);02847;07358;N;E;+05:30
India;Mahalandi;02404;08807;N;E;+05:30
India;Maham (Haryana);02900;07620;N;E;+05:30
India;Mahanadpati;02300;08816;N;E;+05:30
India;Maharajganj (Bihar);02607;08437;N;E;+05:30
India;Maharajganj *G Pur (U P);02709;08334;N;E;+05:30
India;Maharajganj *R Bareilly (U P);02623;08117;N;E;+05:30
India;Maharajnagar (U P);02734;08046;N;E;+05:30
India;Maharajpur (Bihar);02513;08744;N;E;+05:30
India;Maharajpur (U P);02620;08027;N;E;+05:30
India;Mahasamund (M P);02106;08206;N;E;+05:30
India;Mahasvad (Maharashtra);01738;07448;N;E;+05:30
India;Mahava;02103;07150;N;E;+05:30
India;Mahbubabad (Andra Pradesh);01737;08001;N;E;+05:30
India;Mahbubnagar (Andra Pradesh);01644;07759;N;E;+05:30
India;Mahe (Kerala);01141;07531;N;E;+05:30
India;Mahendraganj (Meghlaya);02520;08951;N;E;+05:30
India;Mahendragarh (Haryana);02817;07614;N;E;+05:30
India;Mahendragarh (M P);02321;08221;N;E;+05:30
India;Mahendragiri Mount (Orissa);01900;08419;N;E;+05:30
India;Mahesana (Gujarat);02337;07228;N;E;+05:30
India;Mahesgadi;02239;08833;N;E;+05:30
India;Maheshmunda;02413;08624;N;E;+05:30
India;Maheshpur (Bihar);02429;08745;N;E;+05:30
India;Maheshtala;02230;08815;N;E;+05:30
India;Maheshwar (Bihar);02632;08428;N;E;+05:30
India;Maheshwar (M P);02211;07540;N;E;+05:30
India;Mahewa (M P);02423;08009;N;E;+05:30
India;Mahgalpur (U P);02631;07941;N;E;+05:30
India;Mahgawan (M P);02630;07836;N;E;+05:30
India;Mahiari;02235;08814;N;E;+05:30
India;Mahikpur;02232;08814;N;E;+05:30
India;Mahim (Maharashtra);01942;07236;N;E;+05:30
India;Mahishadal;02211;08759;N;E;+05:30
India;Mahishdanga;02254;08811;N;E;+05:30
India;Mahiya (J & K);03318;07832;N;E;+05:30
India;Mahmudabad (U P);02718;08107;N;E;+05:30
India;Mahmudpur;02241;08809;N;E;+05:30
India;Mahoba (U P);02518;07953;N;E;+05:30
India;Maholi (U P);02739;08028;N;E;+05:30
India;Mahroni (U P);02436;07843;N;E;+05:30
India;Mahrua (U P);02623;08223;N;E;+05:30
India;Mahson (U P);02644;08247;N;E;+05:30
India;Mahuda (Bihar);02345;08615;N;E;+05:30
India;Mahul *Bombay (Maharashtra);01905;07253;N;E;+05:30
India;Mahul (U P);02609;08249;N;E;+05:30
India;Mahuli (U P);02638;08300;N;E;+05:30
India;Mahulia (Bihar);02240;08625;N;E;+05:30
India;Mahumadabad (U P);02720;08104;N;E;+05:30
India;Mahur (Assam);02511;09307;N;E;+05:30
India;Mahur (Maharashtra);01950;07759;N;E;+05:30
India;Mahuva (Gujarat);02105;07148;N;E;+05:30
India;Mahuwa (Bihar);02549;08525;N;E;+05:30
India;Mahwah;02703;07656;N;E;+05:30
India;Maibang (Assam);02516;09310;N;E;+05:30
India;Maigalganj (U P);02742;08022;N;E;+05:30
India;Maihar (M P);02414;08050;N;E;+05:30
India;Maihaua;02548;08424;N;E;+05:30
India;Maihgawan Tank (U P);02511;07933;N;E;+05:30
India;Mailan Hill (M P);02330;08340;N;E;+05:30
India;Mailani (U P);02817;08020;N;E;+05:30
India;Mainaguri (U P);02634;08849;N;E;+05:30
India;Mainanagar (Bihar);02528;08743;N;E;+05:30
India;Mainatanr (Bihar);02707;08439;N;E;+05:30
India;Maindargi (Maharashtra);01726;07615;N;E;+05:30
India;Mainpuri (U P);02714;07901;N;E;+05:30
India;Maira;02543;08722;N;E;+05:30
India;Mairabari (Assam);02628;09226;N;E;+05:30
India;Mairwa (Bihar);02613;08410;N;E;+05:30
India;Majalgudu (Maharashtra);01909;07614;N;E;+05:30
India;Majhaua (U P);02548;08424;N;E;+05:30
India;Majhaul (Bihar);02534;08608;N;E;+05:30
India;Majhauli (U P);02618;08357;N;E;+05:30
India;Majhgawan (M P);02455;08048;N;E;+05:30
India;Majhiaon Kalan (Bihar);02420;08349;N;E;+05:30
India;Majitha (Punjab);03146;07457;N;E;+05:30
India;Majna (M P);02449;07900;N;E;+05:30
India;Majnan;02259;08809;N;E;+05:30
India;Majra (Bihar);02543;08722;N;E;+05:30
India;Maju;02237;08805;N;E;+05:30
India;Makanapur (U P);02838;07721;N;E;+05:30
India;Makanpur;02654;07959;N;E;+05:30
India;Makarachal (Kerala);01014;07642;N;E;+05:30
India;Maker (Bihar);02558;08503;N;E;+05:30
India;Makhalpur;02256;08810;N;E;+05:30
India;Makhdumnagar;02628;08246;N;E;+05:30
India;Makhi (U P);02639;08029;N;E;+05:30
India;Makhtal (Andra Pradesh);01630;07728;N;E;+05:30
India;Makrai (M P);02204;07708;N;E;+05:30
India;Makrana (Rajasthan);02702;07444;N;E;+05:30
India;Makri (M P);01946;08158;N;E;+05:30
India;Maksi (M P);02320;07636;N;E;+05:30
India;Maksudangarh (M P);02400;07710;N;E;+05:30
India;Makum (Assam);02728;09528;N;E;+05:30
India;Mal (U P);02702;08044;N;E;+05:30
India;Malab (Haryana);02802;07700;N;E;+05:30
India;Malabar Point *Bombay (Maharas;01857;07248;N;E;+05:30
India;Malad (Maharashtra);01920;07258;N;E;+05:30
India;Malakanagiri (Orissa);01822;08157;N;E;+05:30
India;Malakhera (Rajasthan);02716;07638;N;E;+05:30
India;Malancha;02255;08826;N;E;+05:30
India;Malandighi (West Bengal);02333;08724;N;E;+05:30
India;Malaon (U P);02635;08326;N;E;+05:30
India;Malappuram (Kerala);01100;07602;N;E;+05:30
India;Malaut (Punjab);03012;07440;N;E;+05:30
India;Malavalli (Karnataka);01223;07705;N;E;+05:30
India;Malawan (U P);02729;07849;N;E;+05:30
India;Malayagiri Mount (Orissa);02126;08524;N;E;+05:30
India;Maldah (West Bengal);02503;08812;N;E;+05:30
India;Malegaon Nasik (Maharashtra);02032;07438;N;E;+05:30
India;Malehra (M P);02434;07918;N;E;+05:30
India;Malepur (Bihar);02459;08615;N;E;+05:30
India;Malerkotla (Punjab);03034;07556;N;E;+05:30
India;Malhara (M P);02502;07941;N;E;+05:30
India;Malhargarh Bilsa (M P);02417;07804;N;E;+05:30
India;Malhargarh *Mandasor (M P);02418;07502;N;E;+05:30
India;Malighatl;02233;08740;N;E;+05:30
India;Malihabad (U P);02654;08042;N;E;+05:30
India;Malipara;02257;08814;N;E;+05:30
India;Malipur (U P);02617;08239;N;E;+05:30
India;Maliya (Gujarat);02303;07048;N;E;+05:30
India;Malkalganj;02742;08022;N;E;+05:30
India;Malkangiri;01822;08157;N;E;+05:30
India;Malkapur *Buldana (Maharashtra;02052;07618;N;E;+05:30
India;Malkapur *Kolhapur (Maharashtr;01657;07400;N;E;+05:30
India;Malkapuram;01742;08316;N;E;+05:30
India;Mallanpur (U P);02742;08151;N;E;+05:30
India;Mallanwan (U P);02702;08008;N;E;+05:30
India;Malpe;01321;07443;N;E;+05:30
India;Malpur (Gujarat);02320;07326;N;E;+05:30
India;Malpura (Rajasthan);02619;07524;N;E;+05:30
India;Malsar (Gujarat);02200;07322;N;E;+05:30
India;Malsiras (Maharashtra);01753;07455;N;E;+05:30
India;Malthon (M P);02418;07832;N;E;+05:30
India;Maluti;02409;08741;N;E;+05:30
India;Malvan (Maharashtra);01605;07330;N;E;+05:30
India;Malwa (U P);02602;08042;N;E;+05:30
India;Mambat (Kerala);01115;07611;N;E;+05:30
India;Mamdot (Punjab);03052;07430;N;E;+05:30
India;Man (Maharashtra);01749;07432;N;E;+05:30
India;Mana (U P);03045;07930;N;E;+05:30
India;Manakpur Basantnagar;02834;07710;N;E;+05:30
India;Manali (H. P.);03216;07710;N;E;+05:30
India;Manamdurai (Tamilnadu);00940;07827;N;E;+05:30
India;Manamelkudi (Tamilnadu);01003;07915;N;E;+05:30
India;Manantavadi (Kerala);01149;07601;N;E;+05:30
India;Manapparai (Tamilnadu);01036;07825;N;E;+05:30
India;Manawar (J & K);03253;07422;N;E;+05:30
India;Manawar (M P);02214;07508;N;E;+05:30
India;Manbazar (West Bengal);02304;08641;N;E;+05:30
India;Manchar (Maharashtra);01900;07356;N;E;+05:30
India;Mancheral (Andra Pradesh);01852;07926;N;E;+05:30
India;Manda (U P);02506;08215;N;E;+05:30
India;Mandal (Rajasthan);02529;07438;N;E;+05:30
India;Mandalgarh (Rajasthan);02516;07509;N;E;+05:30
India;Mandalkia;02243;08808;N;E;+05:30
India;Mandapam (Tamilnadu);00918;07908;N;E;+05:30
India;Mandapeta;01652;08156;N;E;+05:30
India;Mandapur;02300;08829;N;E;+05:30
India;Mandargiri Hills (Bihar);02451;08703;N;E;+05:30
India;Mandasa (Andra Pradesh);01853;08431;N;E;+05:30
India;Mandasor (M P);02404;07504;N;E;+05:30
India;Mandawa (Rajasthan);02802;07513;N;E;+05:30
India;Mandawar (Rajasthan);02752;07636;N;E;+05:30
India;Mandawra (U P);02423;07848;N;E;+05:30
India;Mandha (Rajasthan);02719;07059;N;E;+05:30
India;Mandhana (U P);02634;08014;N;E;+05:30
India;Mandhata (M P);02214;07611;N;E;+05:30
India;Mandi Dabwali (Haryana);02958;07442;N;E;+05:30
India;Mandi (H. P.);03143;07655;N;E;+05:30
India;Mandiradam (M P);02217;08444;N;E;+05:30
India;Mandla (M P);02235;08028;N;E;+05:30
India;Mandleshwar (M P);02210;07542;N;E;+05:30
India;Mandor (Rajasthan);02625;07307;N;E;+05:30
India;Mandra;02255;08807;N;E;+05:30
India;Mandreal (Rajasthan);02619;07714;N;E;+05:30
India;Mandro (Bihar);02513;08730;N;E;+05:30
India;Mandsaur (M P);02403;07510;N;E;+05:30
India;Mandu (Bihar);02348;08529;N;E;+05:30
India;Mandu (M P);02222;07524;N;E;+05:30
India;Mandurda;02117;07132;N;E;+05:30
India;Mandvi *Kutch (Gujarat);02250;06925;N;E;+05:30
India;Mandvi *Surat (Gujarat);02116;07322;N;E;+05:30
India;Mandya (Karnataka);01234;07655;N;E;+05:30
India;Manekwara (Gujarat);02128;07056;N;E;+05:30
India;Manendragarh (M P);02320;08222;N;E;+05:30
India;Maner (Bihar);02538;08453;N;E;+05:30
India;Mangahpett (Andra Pradesh);01816;08033;N;E;+05:30
India;Mangal (West Bengal);02331;08755;N;E;+05:30
India;Mangalagiri (Andra Pradesh);01629;08035;N;E;+05:30
India;Mangaldai (Assam);02626;09202;N;E;+05:30
India;Mangalkot;02333;08754;N;E;+05:30
India;Mangalore (Karnataka);01254;07451;N;E;+05:30
India;Mangalur;02945;07752;N;E;+05:30
India;Mangalvedha (Maharashtra);01732;07532;N;E;+05:30
India;Mangaon (Maharashtra);01815;07320;N;E;+05:30
India;Mangawan (M P);02439;08133;N;E;+05:30
India;Mangen (Sikkim);02730;08833;N;E;+05:30
India;Manglaur (U P);02948;07752;N;E;+05:30
India;Mangoli (Karnataka);01644;07554;N;E;+05:30
India;Mangral (Gujarat);02105;07008;N;E;+05:30
India;Mangrol (M P);02615;07720;N;E;+05:30
India;Mangrol (Rajasthan);02522;07632;N;E;+05:30
India;Mangrul Pir (Maharashtra);02020;07724;N;E;+05:30
India;Mangrul (Maharashtra);02036;07752;N;E;+05:30
India;Mani Majra;03043;07650;N;E;+05:30
India;Mania (Rajasthan);02649;07755;N;E;+05:30
India;Maniari Tank (M P);02225;08140;N;E;+05:30
India;Manigachi (Bihar);02613;08608;N;E;+05:30
India;Manihari (Bihar);02521;08738;N;E;+05:30
India;Manikanali;02319;08703;N;E;+05:30
India;Manikarchar;02535;08954;N;E;+05:30
India;Manikpur (U P);02504;08106;N;E;+05:30
India;Maniyachi (Tamilnadu);00851;07756;N;E;+05:30
India;Maniyari Aliganj;02620;08151;N;E;+05:30
India;Manjarabad (Karnataka);01256;07541;N;E;+05:30
India;Manjeri (Kerala);01106;07606;N;E;+05:30
India;Manjeshwara (Kerala);01242;07453;N;E;+05:30
India;Manjhanpur (U P);02532;08122;N;E;+05:30
India;Manjhi (Bihar);02550;08434;N;E;+05:30
India;Mankachar (Assam);02535;08954;N;E;+05:30
India;Mankapur (U P);02703;08212;N;E;+05:30
India;Mankarnacha Mount (Orissa);02146;08516;N;E;+05:30
India;Mankheri (Bihar);02341;08432;N;E;+05:30
India;Mankundu;02250;08822;N;E;+05:30
India;Mankur;02320;08733;N;E;+05:30
India;Manmad (Maharashtra);02015;07429;N;E;+05:30
India;Mannargudi (Tamilnadu);01040;07926;N;E;+05:30
India;Manohar Thana (Rajasthan);02418;07646;N;E;+05:30
India;Manoharpur (Rajasthan);02719;07600;N;E;+05:30
India;Manpur (Bihar);02449;08502;N;E;+05:30
India;Manpur (Haryana);02758;07717;N;E;+05:30
India;Manpur (M P);02223;07538;N;E;+05:30
India;Mansa (Gujarat);02324;07242;N;E;+05:30
India;Mansa (Punjab);02959;07523;N;E;+05:30
India;Mansar (Maharashtra);02127;07924;N;E;+05:30
India;Mansinhapur;02239;08809;N;E;+05:30
India;Manteswar (West Bengal);02325;08808;N;E;+05:30
India;Manthani (Andra Pradesh);01840;07940;N;E;+05:30
India;Mantri;02139;08649;N;E;+05:30
India;Manulia (Bihar);02239;08630;N;E;+05:30
India;Manushmuria;02222;08647;N;E;+05:30
India;Manvi (Karnataka);01557;07659;N;E;+05:30
India;Manwat (Maharashtra);01920;07632;N;E;+05:30
India;Mapuca (Goa);01537;07350;N;E;+05:30
India;Mara (Assam);02811;09414;N;E;+05:30
India;Mara (M P);02351;08234;N;E;+05:30
India;Marahra (U P);02744;07833;N;E;+05:30
India;Marakkaham (Tamilnadu);01215;07959;N;E;+05:30
India;Maram (Manipur);02525;09406;N;E;+05:30
India;Marang Buru Mount (Bihar);02332;08530;N;E;+05:30
India;Maraur (H. P.);03148;07732;N;E;+05:30
India;Marbalrocks (M P);02308;07952;N;E;+05:30
India;Marbul Pass (J & K);03333;07527;N;E;+05:30
India;Marcha (U P);03018;08029;N;E;+05:30
India;Mardhan (Bihar);02300;08546;N;E;+05:30
India;Margao (Maharashtra);01550;07359;N;E;+05:30
India;Margherita (Assam);02717;09540;N;E;+05:30
India;Margram (West Bengal);02406;08750;N;E;+05:30
India;Marhaura (Bihar);02558;08452;N;E;+05:30
India;Mariadoh (M P);02417;07941;N;E;+05:30
India;Mariahan;02456;08241;N;E;+05:30
India;Mariahu (M P);02537;08237;N;E;+05:30
India;Mariani (Assam);02639;09418;N;E;+05:30
India;Marihan (U P);02456;08241;N;E;+05:30
India;Marikuppam;01255;07816;N;E;+05:30
India;Marka (U P);02540;08053;N;E;+05:30
India;Markandi;01952;07952;N;E;+05:30
India;Markapur (Andra Pradesh);01544;07917;N;E;+05:30
India;Marmagao (Goa);01526;07350;N;E;+05:30
India;Marniu (Assam);02754;09426;N;E;+05:30
India;Marnju;02754;09426;N;E;+05:30
India;Marol (J & K);03443;07618;N;E;+05:30
India;Marot (Rajasthan);02706;07510;N;E;+05:30
India;Martandam;00818;07715;N;E;+05:30
India;Marthapal;01924;08137;N;E;+05:30
India;Martoli (U P);03018;08011;N;E;+05:30
India;Maru (J & K);03340;07546;N;E;+05:30
India;Marwar (Rajasthan);02544;07342;N;E;+05:30
India;Marwari;02418;08021;N;E;+05:30
India;Marwas;02405;08147;N;E;+05:30
India;Masalhada Bazar (West Bengal);02520;08755;N;E;+05:30
India;Masanjor;02407;08719;N;E;+05:30
India;Masar (Bihar);02533;08435;N;E;+05:30
India;Masarkh (Bihar);02606;08449;N;E;+05:30
India;Masharbrum Mount (J & K);03535;07620;N;E;+05:30
India;Masina;02255;08832;N;E;+05:30
India;Masjid Moth (Delhi);02833;07313;N;E;+05:30
India;Mat (U P);02739;07743;N;E;+05:30
India;Matabhanga (West Bengal);02618;08920;N;E;+05:30
India;Matatila Dam (M P);02505;07820;N;E;+05:30
India;Mataura (U P);02526;08009;N;E;+05:30
India;Matera Bazar (U P);02746;08133;N;E;+05:30
India;Math (U P);02545;07859;N;E;+05:30
India;Mathaji (Rajasthan);02630;07115;N;E;+05:30
India;Matheran (Maharashtra);01859;07328;N;E;+05:30
India;Mathila (Bihar);02528;08409;N;E;+05:30
India;Mathle;02235;08814;N;E;+05:30
India;Mathura *Gonda (U P);02735;08204;N;E;+05:30
India;Mathura *Mathura (U P);01057;07827;N;E;+05:30
India;Mathurai;00956;07807;N;E;+05:30
India;Mathurapaur (Bihar);02438;08447;N;E;+05:30
India;Mathwar (M P);02201;07410;N;E;+05:30
India;Matiakhola;02316;08656;N;E;+05:30
India;Matiali (West Bengal);02656;08856;N;E;+05:30
India;Matiana (H. P.);03112;07724;N;E;+05:30
India;Matigara (West Bengal);02644;08824;N;E;+05:30
India;Matin (M P);02245;08229;N;E;+05:30
India;Mattancheri (Kerala);00951;07616;N;E;+05:30
India;Matundh;02526;08009;N;E;+05:30
India;Mau Aimma (U P);02542;08155;N;E;+05:30
India;Mau Ranipur (U P);02515;07908;N;E;+05:30
India;Mau *Bhind (M P);02616;07840;N;E;+05:30
India;Mau *Azamgarh (U P);02557;08333;N;E;+05:30
India;Mau (Bihar);02501;08449;N;E;+05:30
India;Mau *Balaghat (M P);02214;08011;N;E;+05:30
India;Mau *Banda (U P);02517;08123;N;E;+05:30
India;Maudaha (U P);02541;08007;N;E;+05:30
India;Maugaldai (Assam);02628;09202;N;E;+05:30
India;Mauganj (M P);02440;08153;N;E;+05:30
India;Maunath Bhanjan;02557;08333;N;E;+05:30
India;Maunda (Maharashtra);02110;07930;N;E;+05:30
India;Maur;03005;07515;N;E;+05:30
India;Mauranipur (U P);02515;07911;N;E;+05:30
India;Maurawan (U P);02626;08053;N;E;+05:30
India;Mavelikara (Kerala);00914;07633;N;E;+05:30
India;Mawana (U P);02906;07754;N;E;+05:30
India;Mawhati (Assam);02551;09207;N;E;+05:30
India;Mawi;02839;07725;N;E;+05:30
India;Mawphlang (Meghlaya);02526;09142;N;E;+05:30
India;Maya Bhiki (U P);02640;08219;N;E;+05:30
India;Mayna;02214;08747;N;E;+05:30
India;Mayni (Maharashtra);01726;07435;N;E;+05:30
India;Mayuram (Tamilnadu);01108;07914;N;E;+05:30
India;Mazalgaon;01909;07614;N;E;+05:30
India;Mebu (Assam);02809;09526;N;E;+05:30
India;Mechcher (Tamilnadu);01150;07758;N;E;+05:30
India;Medak (Andra Pradesh);01803;07815;N;E;+05:30
India;Medchal (Andra Pradesh);01741;07827;N;E;+05:30
India;Medinpur (West Bengal);02225;08724;N;E;+05:30
India;Mednipur (Bihar);02506;08424;N;E;+05:30
India;Meerut (U P);02900;07742;N;E;+05:30
India;Meghasani Hills (Orissa);02138;08626;N;E;+05:30
India;Meghatari (Bihar);02435;08536;N;E;+05:30
India;Mehda (M P);02625;07856;N;E;+05:30
India;Mehdia (U P);02626;08327;N;E;+05:30
India;Mehekar (Maharashtra);02011;07639;N;E;+05:30
India;Mehidpur (M P);02330;07542;N;E;+05:30
India;Mehmadabad (Gujarat);02251;07246;N;E;+05:30
India;Mehnagar;02553;08307;N;E;+05:30
India;Mehnaipur Khas (U P);02541;08307;N;E;+05:30
India;Mehnar (Bihar);02537;08529;N;E;+05:30
India;Mehndawal (U P);02659;08306;N;E;+05:30
India;Mehpalpur;02832;07708;N;E;+05:30
India;Mehrawan (U P);02553;08242;N;E;+05:30
India;Mehsana (Gujarat);02337;07228;N;E;+05:30
India;Meja (U P);02509;08206;N;E;+05:30
India;Mejia;02334;08706;N;E;+05:30
India;Mekhliganj;02621;08855;N;E;+05:30
India;Melappalaiyam;00842;07743;N;E;+05:30
India;Mele;02249;08809;N;E;+05:30
India;Melghat (Maharashtra);02144;07712;N;E;+05:30
India;Melur (Tamilnadu);01004;07823;N;E;+05:30
India;Memari (West Bengal);02310;08807;N;E;+05:30
India;Mendarda (Gujarat);02119;02026;N;E;+05:30
India;Mendhar (J & K);03336;07408;N;E;+05:30
India;Menkar (Maharashtra);02005;07632;N;E;+05:30
India;Meola Agri;02842;07723;N;E;+05:30
India;Mercara (Karnataka);01225;07544;N;E;+05:30
India;Merhatti;01908;08011;N;E;+05:30
India;Meria;02259;08820;N;E;+05:30
India;Merkanam;01215;07959;N;E;+05:30
India;Merlara;01229;07540;N;E;+05:30
India;Meroe;00730;09329;N;E;+05:30
India;Merpatti (Maharashtra);01908;08011;N;E;+05:30
India;Merta Road (Rajasthan);02642;07354;N;E;+05:30
India;Merta (Rajasthan);02639;07407;N;E;+05:30
India;Metagacha;02238;08831;N;E;+05:30
India;Metalli;02654;08856;N;E;+05:30
India;Metra;02640;07407;N;E;+05:30
India;Mettuppalayam (Tamilnadu);01118;07657;N;E;+05:30
India;Mettur (Tamilnadu);01153;07751;N;E;+05:30
India;Mevelikara;00916;07633;N;E;+05:30
India;Meyapur;02227;08808;N;E;+05:30
India;Mhasvad (Maharashtra);01740;07450;N;E;+05:30
India;Mhow (M P);02232;07549;N;E;+05:30
India;Miajlar;02616;07021;N;E;+05:30
India;Miana (M P);02450;07728;N;E;+05:30
India;Miani (Punjab);03142;07539;N;E;+05:30
India;Michinberi (M P);01932;08108;N;E;+05:30
India;Middle Ground Island (Maharash;01856;07251;N;E;+05:30
India;Midnapore (West Bengal);02226;08720;N;E;+05:30
India;Midnapur;02225;08724;N;E;+05:30
India;Miging (Assam);02849;09442;N;E;+05:30
India;Milak (U P);02837;07911;N;E;+05:30
India;Milam (U P);03026;08008;N;E;+05:30
India;Milkipur (U P);02636;08154;N;E;+05:30
India;Milsika (Orissa);02019;08350;N;E;+05:30
India;Mimisal (Tamilnadu);00955;07909;N;E;+05:30
India;Mintaka Mount;03658;07454;N;E;+05:30
India;Minutang (Assam);02813;09632;N;E;+05:30
India;Minzong (Assam);02757;09658;N;E;+05:30
India;Mipi;02857;09548;N;E;+05:30
India;Mir Wali;03633;07325;N;E;+05:30
India;Mira-Watan (J & K);03633;07325;N;E;+05:30
India;Miraj (Maharashtra);01651;07442;N;E;+05:30
India;Miranpur (U P);02918;07756;N;E;+05:30
India;Mirchaduri (M P);02418;08246;N;E;+05:30
India;Mirganj (Bihar);02622;08421;N;E;+05:30
India;Mirial Guda (Andra Pradesh);01653;07933;N;E;+05:30
India;Mirjan (Karnataka);01433;07426;N;E;+05:30
India;Mirmau (U P);02641;08140;N;E;+05:30
India;Mirpur (J & K);03332;07356;N;E;+05:30
India;Miryalguda;01652;07935;N;E;+05:30
India;Mirzapur *Shahjahanpur (U P);02741;07933;N;E;+05:30
India;Mirzapur (U P);02509;08234;N;E;+05:30
India;Mirzapur (West Bengal);02422;08803;N;E;+05:30
India;Mirzawal (Rajasthan);02954;07349;N;E;+05:30
India;Misarwala (U P);03010;07808;N;E;+05:30
India;Misgar (J & K);03648;07450;N;E;+05:30
India;Misha (And.& Nicobar);00800;09322;N;E;+05:30
India;Misrikh (U P);02727;08031;N;E;+05:30
India;Mithapur;02225;06900;N;E;+05:30
India;Miyani (Gujarat);02150;06926;N;E;+05:30
India;Mnudigere (Karnataka);01308;07532;N;E;+05:30
India;Mobha (Gujarat);02205;07300;N;E;+05:30
India;Modasa (Gujarat);02328;07320;N;E;+05:30
India;Moga (Punjab);03049;07513;N;E;+05:30
India;Mogalturra;01624;08142;N;E;+05:30
India;Moha;02102;07313;N;E;+05:30
India;Mohala (M P);02034;08046;N;E;+05:30
India;Mohand (U P);03011;07754;N;E;+05:30
India;Mohangarh (M P);02459;07841;N;E;+05:30
India;Mohania (Bihar);02511;08337;N;E;+05:30
India;Mohanlalganj (U P);02641;08058;N;E;+05:30
India;Mohanpani (M P);02243;07852;N;E;+05:30
India;Mohanpur (Bihar);02439;08637;N;E;+05:30
India;Mohari (Maharashtra);02119;07942;N;E;+05:30
India;Mohasa (M P);02423;07740;N;E;+05:30
India;Mohean (And.& Nicobar);00759;09316;N;E;+05:30
India;Mohendroganj;02519;08951;N;E;+05:30
India;Mohgaon (M P);02140;07848;N;E;+05:30
India;Mohiuddinnagar (Bihar);02535;08540;N;E;+05:30
India;Mohol (Maharashtra);01753;07538;N;E;+05:30
India;Mohona (M P);02555;07746;N;E;+05:30
India;Mohpa;02121;07849;N;E;+05:30
India;Mohpani (M P);02243;07852;N;E;+05:30
India;Mohuda;02342;08618;N;E;+05:30
India;Moirang (Manipur);02429;09345;N;E;+05:30
India;Mokama (Bihar);02524;08555;N;E;+05:30
India;Mokameh (Bihar);02524;08555;N;E;+05:30
India;Mokhilspur (U P);02636;08302;N;E;+05:30
India;Mokokchung (Nagaland);02620;09430;N;E;+05:30
India;Mokri (Bihar);02502;08334;N;E;+05:30
India;Molakalmuru (Karnataka);01445;07648;N;E;+05:30
India;Molnom (Manipur);02410;09322;N;E;+05:30
India;Mombi New (Manipur);02405;09353;N;E;+05:30
India;Mombi (Manipur);02402;09359;N;E;+05:30
India;Mominabad;01844;07323;N;E;+05:30
India;Monghur Ghat;02524;08625;N;E;+05:30
India;Monghyr (Bihar);02524;08659;N;E;+05:30
India;Mora;01854;07256;N;E;+05:30
India;Moradabad (U P);02850;07845;N;E;+05:30
India;Moram (Maharashtra);01746;07632;N;E;+05:30
India;Moranj (H. P.);03136;07828;N;E;+05:30
India;Morappur (Punjab);01209;07823;N;E;+05:30
India;Morar (M P);02615;07814;N;E;+05:30
India;Morena (M P);02630;07804;N;E;+05:30
India;Morna;02835;07722;N;E;+05:30
India;Morsi (Maharashtra);02121;07804;N;E;+05:30
India;Mort;02843;07725;N;E;+05:30
India;Morta;02844;07727;N;E;+05:30
India;Morvi (Gujarat);02250;07042;N;E;+05:30
India;Morwara (Gujarat);02402;07130;N;E;+05:30
India;Moth (U P);02544;07856;N;E;+05:30
India;Motihari (Bihar);02640;08455;N;E;+05:30
India;Motipur (U P);02801;08121;N;E;+05:30
India;Mowar (Maharashtra);02127;07831;N;E;+05:30
India;Mpen (Assam);02730;09616;N;E;+05:30
India;Mphpa (Maharashtra);02121;07849;N;E;+05:30
India;Mphuda (Bihar);02342;08618;N;E;+05:30
India;Muazzam (Punjab);03030;07400;N;E;+05:30
India;Mubammadgani;02426;08352;N;E;+05:30
India;Mubarakpur (U P);02605;08318;N;E;+05:30
India;Mud Point (West Bengal);02152;08909;N;E;+05:30
India;Mudabidri (Karnataka);01305;07457;N;E;+05:30
India;Mudde Bihal (Karnataka);01620;07610;N;E;+05:30
India;Mudgal (Karnataka);01601;07627;N;E;+05:30
India;Mudhol (Andra Pradesh);01900;07754;N;E;+05:30
India;Mudhol (Karnataka);01621;07518;N;E;+05:30
India;Mudigre (Karnataka);01311;07536;N;E;+05:30
India;Mudkhed (Maharashtra);01908;07732;N;E;+05:30
India;Mudki (Punjab);03046;07453;N;E;+05:30
India;Mudra (M P);02443;07735;N;E;+05:30
India;Mughal Sarai (U P);02518;08307;N;E;+05:30
India;Muhamdi (U P);02757;08013;N;E;+05:30
India;Muhammadabad *Banaras (U P);02602;08323;N;E;+05:30
India;Muhammadabad Mau (U P);02557;08336;N;E;+05:30
India;Muhammadabad *F Bad (U P);02719;07926;N;E;+05:30
India;Muhammadabad *G Pur (U P);02538;08347;N;E;+05:30
India;Muhammadganj (Bihar);02436;08352;N;E;+05:30
India;Muhammadgarh (M P);02340;07812;N;E;+05:30
India;Muhammadpur Balmi (Bihar);02616;08509;N;E;+05:30
India;Muhammadpur (Bihar);02558;08426;N;E;+05:30
India;Muhammadpur (U P);02559;08301;N;E;+05:30
India;Muhandi;02757;08012;N;E;+05:30
India;Mukandwara (Rajasthan);02449;07602;N;E;+05:30
India;Mukerian (Punjab);03157;07537;N;E;+05:30
India;Mukher (Maharashtra);01842;07724;N;E;+05:30
India;Mukhrawn (Bihar);02520;08351;N;E;+05:30
India;Mukki (Assam);02804;09416;N;E;+05:30
India;Mukteswar (U P);02927;07941;N;E;+05:30
India;Muktsar (Punjab);03030;07434;N;E;+05:30
India;Mul (Maharashtra);02004;07942;N;E;+05:30
India;Mulana (Haryana);03016;07702;N;E;+05:30
India;Mulbekh;03422;07622;N;E;+05:30
India;Mulbekh (J & K);03422;07622;N;E;+05:30
India;Muli (Gujarat);02240;07134;N;E;+05:30
India;Mulila (Gujarat);02005;07021;N;E;+05:30
India;Mulki;01306;07448;N;E;+05:30
India;Mullbagal (Karnataka);01310;07824;N;E;+05:30
India;Mulshi Lake (Maharashtra);01825;07348;N;E;+05:30
India;Multai (M P);02146;07821;N;E;+05:30
India;Mulug (Andra Pradesh);01814;07957;N;E;+05:30
India;Mumbai (Maharashtra);01858;07250;N;E;+05:30
India;Mun (J & K);03350;07832;N;E;+05:30
India;Munabao (Rajasthan);02545;07017;N;E;+05:30
India;Munagala (Andra Pradesh);01704;07954;N;E;+05:30
India;Mundagor (Orissa);02001;08330;N;E;+05:30
India;Mundakayam (Kerala);00934;07652;N;E;+05:30
India;Mundargi (Karnataka);01516;07553;N;E;+05:30
India;Mundarwa;02657;07947;N;E;+05:30
India;Mundarwaganj (U P);02657;07947;N;E;+05:30
India;Mundra (Gujarat);02250;06948;N;E;+05:30
India;Mundwa (Rajasthan);02702;07349;N;E;+05:30
India;Mungaoli (M P);02425;07806;N;E;+05:30
India;Mungeli (M P);02204;08142;N;E;+05:30
India;Munger Ghati (Bihar);02525;08625;N;E;+05:30
India;Munger (Bihar);02524;08629;N;E;+05:30
India;Mungod (Andra Pradesh);01706;07900;N;E;+05:30
India;Mungra Badshahpur (U P);02540;08211;N;E;+05:30
India;Mungri Tal Lake (U P);02535;08115;N;E;+05:30
India;Munjpur (Gujarat);02334;07157;N;E;+05:30
India;Munriar (Bihar);02501;08414;N;E;+05:30
India;Munsarpur;02418;08826;N;E;+05:30
India;Muradnagar (U P);02847;07729;N;E;+05:30
India;Muragacha;02332;08824;N;E;+05:30
India;Murang;03136;07828;N;E;+05:30
India;Murarai;02427;08752;N;E;+05:30
India;Muratpur;02259;08827;N;E;+05:30
India;Murera (U P);02639;08336;N;E;+05:30
India;Muri;02351;08234;N;E;+05:30
India;Murinda;03047;07629;N;E;+05:30
India;Murkong Selek (Assam);02749;09516;N;E;+05:30
India;Murkushi (J & K);03655;07449;N;E;+05:30
India;Murliganj (Bihar);02554;08700;N;E;+05:30
India;Mursan (U P);02735;07755;N;E;+05:30
India;Murshidabad (West Bengal);02411;08819;N;E;+05:30
India;Murtazapur (Maharashtra);02044;07723;N;E;+05:30
India;Murthal (Haryana);02902;07705;N;E;+05:30
India;Murud (Maharashtra);01819;07258;N;E;+05:30
India;Murudi;01820;07300;N;E;+05:30
India;Murwal (U P);02531;08034;N;E;+05:30
India;Murwara (M P);02349;08028;N;E;+05:30
India;Musaltivu;00912;07905;N;E;+05:30
India;Musaphirkhana (U P);02623;08148;N;E;+05:30
India;Musar;02254;08814;N;E;+05:30
India;Mushabani;02231;08627;N;E;+05:30
India;Musiri (Tamilnadu);01058;07826;N;E;+05:30
India;Muskira (U P);02540;07948;N;E;+05:30
India;Mussoorie (U P);03027;07805;N;E;+05:30
India;Mustafabad *Agra (U P);02718;07835;N;E;+05:30
India;Mustafabad (U P);02554;08117;N;E;+05:30
India;Muth (H. P.);03158;07802;N;E;+05:30
India;Muttukuru (Andra Pradesh);01417;08008;N;E;+05:30
India;Muttum;00807;07721;N;E;+05:30
India;Muttyaluppettai;01157;07950;N;E;+05:30
India;Mutupet (Tamilnadu);01024;07932;N;E;+05:30
India;Muvattupula;00958;07635;N;E;+05:30
India;Muzaffarbad (J & K);03423;07334;N;E;+05:30
India;Muzaffarnagar (U P);02928;07742;N;E;+05:30
India;Muzaffarpur (Bihar);02607;08523;N;E;+05:30
India;Myajlar (Rajasthan);02616;07021;N;E;+05:30
India;Mysore (Karnataka);01218;07637;N;E;+05:30
India;Nababpur;02242;08812;N;E;+05:30
India;Nabagram;02412;08806;N;E;+05:30
India;Nabarangapur (Orissa);01915;08239;N;E;+05:30
India;Nabasta;02315;08801;N;E;+05:30
India;Nabha (Punjab);03022;07612;N;E;+05:30
India;Nabinagar (Bihar);02438;08408;N;E;+05:30
India;Nachana River;02728;07148;N;E;+05:30
India;Nachar (H. P.);03133;07759;N;E;+05:30
India;Nachiland (J & K);03322;07515;N;E;+05:30
India;Nachinda;02153;08746;N;E;+05:30
India;Nachna (Rajasthan);02730;07143;N;E;+05:30
India;Nachuge;01045;09222;N;E;+05:30
India;Nadabhanga;02224;08814;N;E;+05:30
India;Nadanwaratal Lake (M P);02505;07846;N;E;+05:30
India;Nadaul (Bihar);02518;08502;N;E;+05:30
India;Nadbai (Rajasthan);02712;07711;N;E;+05:30
India;Nadia (West Bengal);02324;08856;N;E;+05:30
India;Nadiad (Gujarat);02242;07255;N;E;+05:30
India;Nadigaon (U P);02607;07902;N;E;+05:30
India;Nadol River (Rajasthan);02530;07338;N;E;+05:30
India;Nadwan (Bihar);02524;08502;N;E;+05:30
India;Naenwa River (Rajasthan);02546;07556;N;E;+05:30
India;Nagachoti (Nagaland);02600;09420;N;E;+05:30
India;Nagagavaram;01716;08122;N;E;+05:30
India;Nagal (U P);02950;07737;N;E;+05:30
India;Nagamangala (Karnataka);01250;07645;N;E;+05:30
India;Nagapattinam (Tamilnadu);01045;07950;N;E;+05:30
India;Nagar Karnul (Andra Pradesh);01629;07820;N;E;+05:30
India;Nagar Kurnool (Andra Pradesh);01630;07819;N;E;+05:30
India;Nagar Unari (Bihar);02417;08330;N;E;+05:30
India;Nagar Untari;02417;08330;N;E;+05:30
India;Nagar (H. P.);03212;07700;N;E;+05:30
India;Nagar (Karnataka);01349;07459;N;E;+05:30
India;Nagar (Rajasthan);02725;07706;N;E;+05:30
India;Nagaram (Andra Pradesh);01820;08035;N;E;+05:30
India;Nagarhaveli (Maharashtra);02014;07254;N;E;+05:30
India;Nagari Hills (Andra Pradesh);01340;07950;N;E;+05:30
India;Nagari (Andra Pradesh);01320;07933;N;E;+05:30
India;Nagarjunsagar Dam (Andra Prade;01635;07917;N;E;+05:30
India;Nagarkata (West Bengal);02652;08855;N;E;+05:30
India;Nagaur (Rajasthan);02712;07344;N;E;+05:30
India;Nagawaram (Andra Pradesh);01716;08122;N;E;+05:30
India;Nagbhir (Maharashtra);02033;07955;N;E;+05:30
India;Nagda (M P);02330;07529;N;E;+05:30
India;Nagercoil (Tamilnadu);00810;07726;N;E;+05:30
India;Nagina (U P);02926;07827;N;E;+05:30
India;Naginimara (Nagaland);02644;09451;N;E;+05:30
India;Nagir (J & K);03615;07446;N;E;+05:30
India;Nagla;02831;07722;N;E;+05:30
India;Nagod (M P);02434;08034;N;E;+05:30
India;Nagor River;02712;07348;N;E;+05:30
India;Nagore (Tamilnadu);01049;07950;N;E;+05:30
India;Nagpur (Maharashtra);02110;07912;N;E;+05:30
India;Nagrakata;02654;08855;N;E;+05:30
India;Nagram (U P);02637;08108;N;E;+05:30
India;Nagri (Bihar);02521;08428;N;E;+05:30
India;Nagrota (H. P.);03203;07624;N;E;+05:30
India;Nahan (H. P.);03033;07718;N;E;+05:30
India;Nahar (Rajasthan);02911;07450;N;E;+05:30
India;Nahargarh (M P);02410;07518;N;E;+05:30
India;Nahna (H. P.);03048;07706;N;E;+05:30
India;Nahtaur (U P);02920;07822;N;E;+05:30
India;Nai Sarai (M P);02448;07736;N;E;+05:30
India;Naidrug (Maharashtra);01744;07615;N;E;+05:30
India;Naigaon;02554;07909;N;E;+05:30
India;Naigarhi (M P);02448;08146;N;E;+05:30
India;Naihati (West Bengal);02254;08826;N;E;+05:30
India;Naini (Bihar);02550;08444;N;E;+05:30
India;Naini (U P);02524;08151;N;E;+05:30
India;Nainital (U P);02923;07927;N;E;+05:30
India;Nainpur (M P);02226;08010;N;E;+05:30
India;Najibabad (U P);02937;07819;N;E;+05:30
India;Nakasipura;02335;08821;N;E;+05:30
India;Nakhola (Assam);02607;09211;N;E;+05:30
India;Nakhtarana (Gujarat);02326;06915;N;E;+05:30
India;Nakodar (Punjab);03106;07531;N;E;+05:30
India;Naksalbari (West Bengal);02642;08812;N;E;+05:30
India;Nakur (U P);02955;07718;N;E;+05:30
India;Nalagarh (H. P.);03103;07648;N;E;+05:30
India;Nalanda (Bihar);02507;08525;N;E;+05:30
India;Nalbari (Assam);02626;09130;N;E;+05:30
India;Naldera (H. P.);03110;07710;N;E;+05:30
India;Naldrug (Maharashtra);02749;07620;N;E;+05:30
India;Nalgonda (Andra Pradesh);01704;07915;N;E;+05:30
India;Nalhati (West Bengal);02418;08749;N;E;+05:30
India;Nalhiepur (U P);02646;08224;N;E;+05:30
India;Nalhuti;02419;08753;N;E;+05:30
India;Nalikul;02249;08811;N;E;+05:30
India;Naliya (Gujarat);02319;06851;N;E;+05:30
India;Naltigiri Hill (Orissa);02136;08620;N;E;+05:30
India;Namakkal (Tamilnadu);01112;07810;N;E;+05:30
India;Namgia (H. P.);03148;07840;N;E;+05:30
India;Namkhana;02146;08814;N;E;+05:30
India;Namrup (Assam);02112;09520;N;E;+05:30
India;Nana (Rajasthan);02500;07913;N;E;+05:30
India;Nanda Devi Mount (U P);03021;07958;N;E;+05:30
India;Nanda Kot Mt (U P);03014;08005;N;E;+05:30
India;Nandaha;02250;08817;N;E;+05:30
India;Nandapur (Orissa);01832;08252;N;E;+05:30
India;Nanded (Maharashtra);01911;07721;N;E;+05:30
India;Nandgaon (Maharashtra);02017;07443;N;E;+05:30
India;Nandi Drug (Karnataka);01322;07744;N;E;+05:30
India;Nandigama (Andra Pradesh);01648;08019;N;E;+05:30
India;Nandigram;02201;08758;N;E;+05:30
India;Nandikanama Pass (Andra Prades;01526;07845;N;E;+05:30
India;Nandikotkur (Andra Pradesh);01554;07817;N;E;+05:30
India;Nandiraj Mount (M P);01846;08116;N;E;+05:30
India;Nandod (Gujarat);02152;07332;N;E;+05:30
India;Nandura (Maharashtra);02050;07631;N;E;+05:30
India;Nandurbar (Maharashtra);02122;07418;N;E;+05:30
India;Nandyal (Andra Pradesh);01530;07828;N;E;+05:30
India;Nanga Parvat (J & K);03515;07436;N;E;+05:30
India;Nangal Dam (Punjab);03119;07626;N;E;+05:30
India;Nangi;02231;08813;N;E;+05:30
India;Nangling (U P);03011;08034;N;E;+05:30
India;Nanguneri (Tamilnadu);00829;07742;N;E;+05:30
India;Nanjangud (Karnataka);01207;07640;N;E;+05:30
India;Nanntlam (Tamilnadu);01055;07934;N;E;+05:30
India;Nanoshi;01856;07305;N;E;+05:30
India;Nanpara (U P);02751;08130;N;E;+05:30
India;Nanta River (Rajasthan);02512;07552;N;E;+05:30
India;Nanur (West Bengal);02342;08753;N;E;+05:30
India;Nanuta (U P);02942;07725;N;E;+05:30
India;Naoabad;02228;08827;N;E;+05:30
India;Naopukuria;02255;08816;N;E;+05:30
India;Naoshara (J & K);03312;07417;N;E;+05:30
India;Nara (Gujarat);02340;06910;N;E;+05:30
India;Narahia (Bihar);02621;08632;N;E;+05:30
India;Naraina River (Rajasthan);02648;07513;N;E;+05:30
India;Naraina (Delhi);02837;07708;N;E;+05:30
India;Narainganj (M P);02250;08019;N;E;+05:30
India;Naraingaon (Maharashtra);01910;07400;N;E;+05:30
India;Naraini (U P);02511;08029;N;E;+05:30
India;Narainpur (M P);01942;08118;N;E;+05:30
India;Naraj Dam (Orissa);02025;08546;N;E;+05:30
India;Narasannapeta (Andra Pradesh);01821;08411;N;E;+05:30
India;Narasapattinam Point (Andra Pr;01620;08147;N;E;+05:30
India;Narasapur (Andra Pradesh);01627;08140;N;E;+05:30
India;Narasaraopet (Andra Pradesh);01617;08003;N;E;+05:30
India;Narasinghapura (Orissa);02028;08508;N;E;+05:30
India;Narayangarh (Haryana);03028;07707;N;E;+05:30
India;Narayanpara;02254;08819;N;E;+05:30
India;Narayanpet (Andra Pradesh);01646;07727;N;E;+05:30
India;Narayanpur;02229;08834;N;E;+05:30
India;Narayanpur (Karnataka);01616;07625;N;E;+05:30
India;Nardikotkur;01552;07816;N;E;+05:30
India;Naregal (Karnataka);01540;07553;N;E;+05:30
India;Narela Mahrauli;02831;07711;N;E;+05:30
India;Narela (Delhi);02850;07705;N;E;+05:30
India;Narendranagar (U P);03010;07821;N;E;+05:30
India;Narganjo (Bihar);02444;08630;N;E;+05:30
India;Nargol (Dadra & Nagra);02012;07248;N;E;+05:30
India;Nargund;01543;07523;N;E;+05:30
India;Narhan;01908;07307;N;E;+05:30
India;Narhi (Bihar);02612;08639;N;E;+05:30
India;Narkanda (H. P.);03116;07727;N;E;+05:30
India;Narkatiaganj (Bihar);02706;08429;N;E;+05:30
India;Narkher (Maharashtra);02130;07834;N;E;+05:30
India;Narkhi (U P);02718;07824;N;E;+05:30
India;Narnala (Maharashtra);02116;07706;N;E;+05:30
India;Narnaul (Haryana);02804;07610;N;E;+05:30
India;Narsapur (Andra Pradesh);01903;07810;N;E;+05:30
India;Narsimhapur (M P);02257;07912;N;E;+05:30
India;Narsimharajpur (Karnataka);01335;07530;N;E;+05:30
India;Narsinghgarh *Damoh (M P);02400;07927;N;E;+05:30
India;Narsinghgarh *Rajgarh (M P);02342;07708;N;E;+05:30
India;Narsinghpur (M P);02258;07915;N;E;+05:30
India;Narsipatnam (Andra Pradesh);01740;08237;N;E;+05:30
India;Narwa River;02634;07256;N;E;+05:30
India;Narwal (U P);02615;08025;N;E;+05:30
India;Narwana (Haryana);02937;07607;N;E;+05:30
India;Narwani (M P);02551;07742;N;E;+05:30
India;Narwar (M P);02540;07755;N;E;+05:30
India;Nasik (Maharashtra);02000;07352;N;E;+05:30
India;Nasirabad (Maharashtra);02100;07543;N;E;+05:30
India;Nasirabad (Rajasthan);02618;07444;N;E;+05:30
India;Nasirabad (U P);02612;08132;N;E;+05:30
India;Nasriganj (Bihar);02504;08420;N;E;+05:30
India;Nastauli;02843;07722;N;E;+05:30
India;Nasurabad;02100;07543;N;E;+05:30
India;Nasurabad River;02616;07442;N;E;+05:30
India;Natagarh;02242;08825;N;E;+05:30
India;Nataul (Bihar);02517;08504;N;E;+05:30
India;Natavaram (Andra Pradesh);01741;08231;N;E;+05:30
India;Nathana (Punjab);03022;07506;N;E;+05:30
India;Nathdwara (Rajasthan);02456;07349;N;E;+05:30
India;Nattam (Tamilnadu);01014;07811;N;E;+05:30
India;Naubatpur (Bihar);02530;08454;N;E;+05:30
India;Naude;01903;07306;N;E;+05:30
India;Naugachia (Bihar);02524;08706;N;E;+05:30
India;Naugarh (U P);02451;08315;N;E;+05:30
India;Nauhata (Bihar);02559;08629;N;E;+05:30
India;Nauhjhil (U P);02752;07739;N;E;+05:30
India;Naukha (Rajasthan);02733;07220;N;E;+05:30
India;Naupada (Andra Pradesh);01833;08414;N;E;+05:30
India;Naushahra;03309;07414;N;E;+05:30
India;Nautanwa (U P);02726;08325;N;E;+05:30
India;Nava River (Rajasthan);02701;07504;N;E;+05:30
India;Navadwip (West Bengal);02324;08823;N;E;+05:30
India;Navalakhi (Gujarat);02256;07030;N;E;+05:30
India;Navibandar (Gujarat);02129;06952;N;E;+05:30
India;Navsari (Gujarat);02058;07301;N;E;+05:30
India;Nawab Basoda (M P);02338;07815;N;E;+05:30
India;Nawabganj *Farukhabad (U P);02726;07924;N;E;+05:30
India;Nawabganj *Gonda (U P);02652;08209;N;E;+05:30
India;Nawabganj *Barabanki (U P);02652;08113;N;E;+05:30
India;Nawabganj *Bareilly (U P);02832;07937;N;E;+05:30
India;Nawada (Bihar);02454;08533;N;E;+05:30
India;Nawada (U P);02700;08004;N;E;+05:30
India;Nawai River;02624;07557;N;E;+05:30
India;Nawalgarh;02751;07516;N;E;+05:30
India;Nawalgarh (Rajasthan);02751;07518;N;E;+05:30
India;Nawalgarli River (Rajasthan);02748;07521;N;E;+05:30
India;Nawanagur (U P);02604;08400;N;E;+05:30
India;Nawanshahr (J & K);03235;07445;N;E;+05:30
India;Nawapara (Orissa);02046;08233;N;E;+05:30
India;Nawashahr (Punjab);03106;07609;N;E;+05:30
India;Nawatanar (Bihar);02417;08418;N;E;+05:30
India;Nayabas;02835;07719;N;E;+05:30
India;Nayagaon (M P);02554;07709;N;E;+05:30
India;Nayagarh (Orissa);02010;08508;N;E;+05:30
India;Nayagram;02202;08711;N;E;+05:30
India;Nayapara;02135;08701;N;E;+05:30
India;Nayavaram (Tamilnadu);01106;07942;N;E;+05:30
India;Nayudupet (Andra Pradesh);01356;08000;N;E;+05:30
India;Nazareth (Tamilnadu);00834;07758;N;E;+05:30
India;Nazira (Assam);02651;09442;N;E;+05:30
India;Neazipur (Bihar);02539;08410;N;E;+05:30
India;Neemuch (M P);02427;07456;N;E;+05:30
India;Neiveli;01136;07926;N;E;+05:30
India;Nelamangala (Kerala);01304;07724;N;E;+05:30
India;Nelang (U P);03105;07900;N;E;+05:30
India;Nellayi (Kerala);01030;07618;N;E;+05:30
India;Nelligere (Karnataka);01258;07642;N;E;+05:30
India;Nellikuppam (Tamilnadu);01146;07940;N;E;+05:30
India;Nellore (Andra Pradesh);01429;08000;N;E;+05:30
India;Nemam;00827;07701;N;E;+05:30
India;Nemawar (M P);02230;07702;N;E;+05:30
India;Nemmara (Kerala);01039;07640;N;E;+05:30
India;Neorai Husainpur;02844;07955;N;E;+05:30
India;Nepa Nagar;02128;07623;N;E;+05:30
India;Nepalganj (U P);02800;08114;N;E;+05:30
India;Ner Pinglai (Maharashtra);02114;07803;N;E;+05:30
India;Neri (Maharashtra);02028;07931;N;E;+05:30
India;Nerul;01902;07301;N;E;+05:30
India;Nerwal (Maharashtra);02005;07320;N;E;+05:30
India;Nesri (Maharashtra);01602;07425;N;E;+05:30
India;Netarhat;02329;08416;N;E;+05:30
India;Netrang (Gujarat);02136;07322;N;E;+05:30
India;Nevali;01901;07307;N;E;+05:30
India;Nevasa (Maharashtra);01938;07458;N;E;+05:30
India;New Delhi;02836;07712;N;E;+05:30
India;New Kandla (Gujarat);02300;07011;N;E;+05:30
India;Newabagam;02248;08824;N;E;+05:30
India;Neyveli (Tamilnadu);01136;07926;N;E;+05:30
India;Neyyattinkara (Kerala);00826;07706;N;E;+05:30
India;Niagzu (J & K);03403;07855;N;E;+05:30
India;Nibria;02236;08816;N;E;+05:30
India;Nichlaul (U P);02719;08343;N;E;+05:30
India;Nidadavolu (Andra Pradesh);01656;08142;N;E;+05:30
India;Nidagunda (Andra Pradesh);01746;07915;N;E;+05:30
India;Nigan (West Bengal);02330;08800;N;E;+05:30
India;Nighasan (U P);02813;08051;N;E;+05:30
India;Nigohan (U P);02634;08102;N;E;+05:30
India;Nihataur;02920;07822;N;E;+05:30
India;Nilakottai (Tamilnadu);01007;07753;N;E;+05:30
India;Nilamburrd (Kerala);01117;07615;N;E;+05:30
India;Nilanga (Maharashtra);01807;07645;N;E;+05:30
India;Nileshwaram (Kerala);01218;07507;N;E;+05:30
India;Nilgani;02246;08826;N;E;+05:30
India;Nilgaon (U P);02714;08057;N;E;+05:30
India;Nilgiri Hills (Tamilnadu);01124;07677;N;E;+05:30
India;Nilgiri (Orissa);02729;08649;N;E;+05:30
India;Nim Ka Thana (Rajasthan);02744;07548;N;E;+05:30
India;Nimach (M P);02428;07452;N;E;+05:30
India;Nimbahera River (Rajasthan);02438;07445;N;E;+05:30
India;Nimbal (Karnataka);01707;07556;N;E;+05:30
India;Nimgiri (Orissa);01940;08300;N;E;+05:30
India;Nimkathana River;02742;07550;N;E;+05:30
India;Nimrana River;02759;07624;N;E;+05:30
India;Nimta;02240;08825;N;E;+05:30
India;Nimu (J & K);03412;07721;N;E;+05:30
India;Ningala (Gujarat);02202;07142;N;E;+05:30
India;Ninging (Assam);02858;09449;N;E;+05:30
India;Ninguani (M P);02318;08203;N;E;+05:30
India;Nioko (Assam);02754;09407;N;E;+05:30
India;Nipani (Karnataka);01627;07428;N;E;+05:30
India;Niphad (Maharashtra);02004;07410;N;E;+05:30
India;Nirmal (Andra Pradesh);01904;07821;N;E;+05:30
India;Nirmali (Bihar);02618;08635;N;E;+05:30
India;Nirsa (Bihar);02346;08644;N;E;+05:30
India;Nisarpur (M P);02205;07452;N;E;+05:30
India;Nischintapur;02226;08822;N;E;+05:30
India;Nischu;03436;07911;N;E;+05:30
India;Nitalas;01906;07308;N;E;+05:30
India;Nithari;02835;07721;N;E;+05:30
India;Niti Pass;03057;07953;N;E;+05:30
India;Nivari (M P);02521;07848;N;E;+05:30
India;Niwai (Rajasthan);02625;07548;N;E;+05:30
India;Niwari (U P);02852;07732;N;E;+05:30
India;Niwas (M P);02301;08028;N;E;+05:30
India;Nizam Sagar Lake (Andra Prades;01805;07800;N;E;+05:30
India;Nizamabad (Andra Pradesh);01840;07805;N;E;+05:30
India;Nizamghat;02816;09542;N;E;+05:30
India;Nizampatnam (Andra Pradesh);01556;08044;N;E;+05:30
India;Noabad;02234;08831;N;E;+05:30
India;Noamundi (Bihar);02209;08532;N;E;+05:30
India;Nohar River (Rajasthan);02911;07443;N;E;+05:30
India;Nohjhil;02752;07739;N;E;+05:30
India;Nohta (M P);02340;07934;N;E;+05:30
India;Noi Isong Mount;02715;09700;N;E;+05:30
India;Nokerk Peak (Meghlaya);02529;09019;N;E;+05:30
India;Nokh River;02733;07220;N;E;+05:30
India;Nokha;02735;07329;N;E;+05:30
India;Nokhola;02605;09212;N;E;+05:30
India;Nonapanji (M P);02438;07951;N;E;+05:30
India;Nonghpoh (Meghlaya);02554;09154;N;E;+05:30
India;Nongkhlao (Meghlaya);02540;09140;N;E;+05:30
India;Nongstoin (Meghlaya);02530;09116;N;E;+05:30
India;Nooh (Haryana);02809;07704;N;E;+05:30
India;Noorpur (H. P.);03218;07656;N;E;+05:30
India;North Barrackpore;02246;08822;N;E;+05:30
India;North Dum  Dum;02238;08823;N;E;+05:30
India;North Lakhimpur (Assam);02714;09407;N;E;+05:30
India;North Vijayapuri;01652;07935;N;E;+05:30
India;Nowgong (Assam);02620;09241;N;E;+05:30
India;Nowgong (M P);02504;07927;N;E;+05:30
India;Nowrangapur (Orissa);01915;08239;N;E;+05:30
India;Nugur (Andra Pradesh);01820;08032;N;E;+05:30
India;Nuh (Haryana);02807;07700;N;E;+05:30
India;Nullur (Karnataka);01154;07727;N;E;+05:30
India;Nundi;01328;07740;N;E;+05:30
India;Nungba (Manipur);02446;09325;N;E;+05:30
India;Nunihat;02430;08708;N;E;+05:30
India;Nunkapasi (Orissa);02054;08450;N;E;+05:30
India;Nunkun Mt (J & K);03359;07602;N;E;+05:30
India;Nunrana (Rajasthan);02759;07624;N;E;+05:30
India;Nur Sarai (Bihar);02517;08528;N;E;+05:30
India;Nurabad (M P);02624;07804;N;E;+05:30
India;Nurmahal (Punjab);03105;07536;N;E;+05:30
India;Nurpur (H. P.);03218;07156;N;E;+05:30
India;Nurpur (U P);02909;07824;N;E;+05:30
India;Nuzvid (Andra Pradesh);01647;08051;N;E;+05:30
India;Nyoma;03311;07838;N;E;+05:30
India;Nyoriya Husenpur (U P);02844;07953;N;E;+05:30
India;Nyuri;02742;09213;N;E;+05:30
India;Obhra Dam (U P);02426;08302;N;E;+05:30
India;Oghna River (Rajasthan);02432;07329;N;E;+05:30
India;Okha (Gujarat);02226;06902;N;E;+05:30
India;Okhlmath (U P);03031;07906;N;E;+05:30
India;Olakur (Tamilnadu);01221;07946;N;E;+05:30
India;Olavakkod (Kerala);01049;07637;N;E;+05:30
India;Old Bastar (M P);01912;08159;N;E;+05:30
India;Olpad (Gujarat);02120;07249;N;E;+05:30
India;Omalur;01147;07803;N;E;+05:30
India;Onchai;02257;08819;N;E;+05:30
India;Onda (West Bengal);02407;08712;N;E;+05:30
India;Onder (M P);02418;07755;N;E;+05:30
India;Ongole;01533;08003;N;E;+05:30
India;Ootacamund (Tamilnadu);01128;07642;N;E;+05:30
India;Orai (U P);02600;07926;N;E;+05:30
India;Oran (U P);02522;08044;N;E;+05:30
India;Orang (Assam);02641;09216;N;E;+05:30
India;Orchha (M P);02521;07838;N;E;+05:30
India;Osiyan (Rajasthan);02643;07255;N;E;+05:30
India;Osmanabad (Maharashtra);01809;07606;N;E;+05:30
India;Osmannapar (Andra Pradesh);01833;07915;N;E;+05:30
India;Ottapalam (Karnataka);01046;07623;N;E;+05:30
India;Ottapidaram (Tamilnadu);00855;07805;N;E;+05:30
India;Owe;01904;07304;N;E;+05:30
India;Owsa;01815;07634;N;E;+05:30
India;Oyster Rock (Maharashtra);01854;07250;N;E;+05:30
India;Oyster Rocks (Karnataka);01452;07406;N;E;+05:30
India;Pachamba;02412;08616;N;E;+05:30
India;Pachbhadra Pits River;02558;07213;N;E;+05:30
India;Pachbhadra River;02558;07221;N;E;+05:30
India;Pachhar;02436;07743;N;E;+05:30
India;Pachmarhi (M P);02229;07826;N;E;+05:30
India;Pachor;02342;07644;N;E;+05:30
India;Pachora (Maharashtra);02042;07529;N;E;+05:30
India;Pachpadra Salt Depot (Rajastha;02558;07213;N;E;+05:30
India;Pachpadra (Rajasthan);02555;07221;N;E;+05:30
India;Pachpahar (Rajasthan);02424;07552;N;E;+05:30
India;Pachperwa (U P);02729;08241;N;E;+05:30
India;Padam (J & K);03328;07654;N;E;+05:30
India;Padampur;02059;08304;N;E;+05:30
India;Padana (Gujarat);02222;06954;N;E;+05:30
India;Padeghar;01858;07303;N;E;+05:30
India;Padghe;01903;07307;N;E;+05:30
India;Padle;01909;07303;N;E;+05:30
India;Padmanabham (Andra Pradesh);01800;08300;N;E;+05:30
India;Padmanabhapuram (Tamilnadu);00814;07723;N;E;+05:30
India;Padmapur (Maharashtra);02119;08028;N;E;+05:30
India;Padra (Gujarat);02215;07306;N;E;+05:30
India;Padrauna (U P);02654;08359;N;E;+05:30
India;Padri (Bihar);02540;08621;N;E;+05:30
India;Padri (U P);02642;08340;N;E;+05:30
India;Padua (J & K);03234;07534;N;E;+05:30
India;Padua (Orissa);01823;08247;N;E;+05:30
India;Pagote;01854;07259;N;E;+05:30
India;Pahargarh (M P);02612;07738;N;E;+05:30
India;Pahari Khera;02452;08031;N;E;+05:30
India;Pahari (Rajasthan);02649;07803;N;E;+05:30
India;Pahasu (U P);02811;07803;N;E;+05:30
India;Pahlad Garhi;02840;07721;N;E;+05:30
India;Pahlgam (J & K);03401;07525;N;E;+05:30
India;Pahra (M P);02523;08014;N;E;+05:30
India;Pai Bigha (Bihar);02503;08455;N;E;+05:30
India;Paikahlia (U P);02651;08233;N;E;+05:30
India;Paikar (West Bengal);02424;08755;N;E;+05:30
India;Paikri (Gujarat);02113;07314;N;E;+05:30
India;Pail (Punjab);03046;07603;N;E;+05:30
India;Pailani (U P);02546;08025;N;E;+05:30
India;Pailghat;02804;09520;N;E;+05:30
India;Paithan (Maharashtra);01929;07528;N;E;+05:30
India;Pakala (Andra Pradesh);01325;07905;N;E;+05:30
India;Pakanar (M P);01854;08148;N;E;+05:30
India;Pakaur (Bihar);02439;08750;N;E;+05:30
India;Pakhal Lake (Andra Pradesh);01759;08202;N;E;+05:30
India;Pakribarawan (Bihar);02458;08546;N;E;+05:30
India;Pakuria (Bihar);02421;08739;N;E;+05:30
India;Pala;01834;07318;N;E;+05:30
India;Pala Laharha (Orissa);02125;08518;N;E;+05:30
India;Palai;00944;07641;N;E;+05:30
India;Palaita (Rajasthan);02509;07617;N;E;+05:30
India;Palakollu (Andra Pradesh);01634;08148;N;E;+05:30
India;Palalankwe (And.& Nicobar);01051;09228;N;E;+05:30
India;Palam Intr Airport (Delhi);02834;07707;N;E;+05:30
India;Palam (Maharashtra);01901;07659;N;E;+05:30
India;Palamau (Bihar);02353;08417;N;E;+05:30
India;Palampur (H. P.);03204;07629;N;E;+05:30
India;Palana River (Rajasthan);02752;07319;N;E;+05:30
India;Palandri (J & K);03341;07340;N;E;+05:30
India;Palandur (Maharashtra);02050;08020;N;E;+05:30
India;Palanpur (Gujarat);02412;07229;N;E;+05:30
India;Palasbari (Assam);02607;09130;N;E;+05:30
India;Palashdanga;02324;08722;N;E;+05:30
India;Palastha (Bihar);02350;08704;N;E;+05:30
India;Palasuni (Orissa);02108;08530;N;E;+05:30
India;Palayamkottai (Tamilnadu);00842;07746;N;E;+05:30
India;Palel (Manipur);02427;09402;N;E;+05:30
India;Palera (M P);02502;07914;N;E;+05:30
India;Palestha;02351;08703;N;E;+05:30
India;Paleza Ghat (Bihar);02540;08506;N;E;+05:30
India;Palghar (Maharashtra);01942;07250;N;E;+05:30
India;Palghat (Kerala);01046;07642;N;E;+05:30
India;Palhana (U P);02533;08133;N;E;+05:30
India;Pali River (Rajasthan);02546;07326;N;E;+05:30
India;Pali (Maharashtra);01834;07318;N;E;+05:30
India;Pali (U P);02430;07824;N;E;+05:30
India;Palia Kalan;02825;08035;N;E;+05:30
India;Paliganj (Bihar);02522;08445;N;E;+05:30
India;Palitana (Gujarat);02130;07150;N;E;+05:30
India;Paliya (U P);02825;08035;N;E;+05:30
India;Paliyad (Gujarat);02216;07139;N;E;+05:30
India;Palkohda (Andra Pradesh);01838;08350;N;E;+05:30
India;Palkot (Bihar);02252;08442;N;E;+05:30
India;Palladam (Tamilnadu);01059;07718;N;E;+05:30
India;Pallahara (Orissa);02130;08500;N;E;+05:30
India;Pallavaram (Tamilnadu);01256;08011;N;E;+05:30
India;Pallia (M P);02249;07552;N;E;+05:30
India;Pallivasal (Kerala);00955;07702;N;E;+05:30
India;Pallu River;02856;07415;N;E;+05:30
India;Pallu (Rajasthan);02856;07413;N;E;+05:30
India;Palma (West Bengal);02316;08629;N;E;+05:30
India;Palmaner (Andra Pradesh);01313;07844;N;E;+05:30
India;Palmerganj (Bihar);02451;08420;N;E;+05:30
India;Palmyras Point (Orissa);02046;08702;N;E;+05:30
India;Palna (Punjab);02752;07313;N;E;+05:30
India;Palni (Tamilnadu);01027;07731;N;E;+05:30
India;Paloncha (Andra Pradesh);01735;08044;N;E;+05:30
India;Palong Karpo;03553;07910;N;E;+05:30
India;Palpur (M P);02548;07710;N;E;+05:30
India;Palra (U P);02542;08027;N;E;+05:30
India;Palsi (Maharashtra);01954;07705;N;E;+05:30
India;Palsit;02312;08803;N;E;+05:30
India;Palwal (Haryana);02809;07720;N;E;+05:30
India;Pamban (Tamilnadu);00918;07915;N;E;+05:30
India;Pamidi (Andra Pradesh);01457;07734;N;E;+05:30
India;Pampur;03401;07456;N;E;+05:30
India;Pamzal (J & K);03417;07850;N;E;+05:30
India;Panagar (M P);02318;08003;N;E;+05:30
India;Panagiri (Andra Pradesh);01727;07930;N;E;+05:30
India;Panaji;01529;07350;N;E;+05:30
India;Panakua;02223;08821;N;E;+05:30
India;Panakudi;00819;07736;N;E;+05:30
India;Panamik (J & K);03444;07736;N;E;+05:30
India;Panatarai;02212;08121;N;E;+05:30
India;Panchadumar (Bihar);02431;08333;N;E;+05:30
India;Panchal;02315;08718;N;E;+05:30
India;Panchamnagar (M P);02405;07912;N;E;+05:30
India;Panchgachia (Bihar);02555;08624;N;E;+05:30
India;Panchghara;02244;08816;N;E;+05:30
India;Panchgram;02412;08801;N;E;+05:30
India;Panchla;02232;08809;N;E;+05:30
India;Panchun (Rajasthan);02730;07312;N;E;+05:30
India;Panchur;02232;08816;N;E;+05:30
India;Panchuria;02233;08829;N;E;+05:30
India;Pandada (M P);02122;08055;N;E;+05:30
India;Pandalayini;01128;07543;N;E;+05:30
India;Pandarakh (Bihar);02529;08550;N;E;+05:30
India;Pandaria (M P);02215;08128;N;E;+05:30
India;Pandatarai (M P);02212;08121;N;E;+05:30
India;Pandavapura (Karnataka);01229;07640;N;E;+05:30
India;Pandaveswar;02343;08717;N;E;+05:30
India;Pandhana (M P);02143;07615;N;E;+05:30
India;Pandharpur (Maharashtra);01742;07524;N;E;+05:30
India;Pandhurna (M P);02135;07834;N;E;+05:30
India;Pandon (H. P.);03140;07702;N;E;+05:30
India;Pandri Shivgarh;02506;08244;N;E;+05:30
India;Pandu;02610;09142;N;E;+05:30
India;Pandud (West Bengal);02304;08817;N;E;+05:30
India;Pangal *Meboobnagar (Andra Pra;01617;07805;N;E;+05:30
India;Pangal *Nalgonda (Andra Prades;01710;07918;N;E;+05:30
India;Pangin (Assam);02815;09500;N;E;+05:30
India;Panhal (Maharashtra);01645;07402;N;E;+05:30
India;Pani Mines (Gujarat);02226;07348;N;E;+05:30
India;Panihari (West Bengal);02245;08823;N;E;+05:30
India;Panikota *Simber (Gujarat);02046;07121;N;E;+05:30
India;Panipat (Haryana);02924;07658;N;E;+05:30
India;Paniputa;02650;09244;N;E;+05:30
India;Panjal (J & K);03336;07422;N;E;+05:30
India;Panje;01854;07257;N;E;+05:30
India;Panjhara (Maharashtra);02058;07418;N;E;+05:30
India;Panjim (Goa);01529;07350;N;E;+05:30
India;Panna (M P);02448;08014;N;E;+05:30
India;Panniar (M P);02606;07802;N;E;+05:30
India;Panruti (Tamilnadu);01149;07931;N;E;+05:30
India;Pansemal (M P);02142;07443;N;E;+05:30
India;Panskura (West Bengal);02225;08742;N;E;+05:30
India;Panth Piploda (M P);02338;07529;N;E;+05:30
India;Panthati;02242;08822;N;E;+05:30
India;Panthri Shivgarh (U P);02506;08244;N;E;+05:30
India;Pantnagar (U P);02900;07928;N;E;+05:30
India;Panvel (Maharashtra);01859;07310;N;E;+05:30
India;Panwari (U P);02526;07928;N;E;+05:30
India;Paonta Mahasu (H. P.);03054;07739;N;E;+05:30
India;Paonta Sirmur (H. P.);03027;07737;N;E;+05:30
India;Papanasam *Thanjavur (Tamilnad;01054;07912;N;E;+05:30
India;Papanasam *Tirunelveli (Tamiln;00846;07723;N;E;+05:30
India;Pappadahandi (Orissa);01922;08234;N;E;+05:30
India;Paprenda (U P);02537;08024;N;E;+05:30
India;Para (U P);02540;08339;N;E;+05:30
India;Paradwip (Orissa);02017;08642;N;E;+05:30
India;Paralkimdi (Orissa);01835;08410;N;E;+05:30
India;Paralkot (M P);01945;08045;N;E;+05:30
India;Param Bikolam (Kerala);01025;07649;N;E;+05:30
India;Paramakkudi (Tamilnadu);00933;07836;N;E;+05:30
India;Parang Pass (H. P.);03228;07801;N;E;+05:30
India;Parangipettai (Tamilnadu);01130;07945;N;E;+05:30
India;Parantij (Gujarat);02326;07255;N;E;+05:30
India;Parasia (M P);02211;07850;N;E;+05:30
India;Parasida;02346;08720;N;E;+05:30
India;Parasnath Hill (Bihar);02356;08607;N;E;+05:30
India;Parasnath (Bihar);02359;08602;N;E;+05:30
India;Paraspur (U P);02702;08147;N;E;+05:30
India;Paratwada (Maharashtra);02121;07729;N;E;+05:30
India;Paravur (Kerala);00846;07644;N;E;+05:30
India;Parbati Tal Lake;02656;08209;N;E;+05:30
India;Parbatsar River (Rajasthan);02652;07249;N;E;+05:30
India;Parbhani (Maharashtra);01916;07651;N;E;+05:30
India;Pardi;02031;07257;N;E;+05:30
India;Parenda (Maharashtra);01814;07533;N;E;+05:30
India;Parerkola (Bihar);02437;08736;N;E;+05:30
India;Pargaon;01859;07305;N;E;+05:30
India;Parghat Pass (Maharashtra);01756;07338;N;E;+05:30
India;Pargi (Andra Pradesh);01712;07749;N;E;+05:30
India;Parichha (U P);02531;07845;N;E;+05:30
India;Parkal (Andra Pradesh);01815;07242;N;E;+05:30
India;Parkasam (Andra Pradesh);01530;08006;N;E;+05:30
India;Parkutta (J & K);03507;07600;N;E;+05:30
India;Parla Kimedi (Orissa);01930;08438;N;E;+05:30
India;Parlakimidi (Orissa);01846;08405;N;E;+05:30
India;Parlakote (M P);01945;08045;N;E;+05:30
India;Parli Vaijnath (Maharashtra);01853;07636;N;E;+05:30
India;Parner (Maharashtra);01901;07430;N;E;+05:30
India;Paro (Bihar);02605;08504;N;E;+05:30
India;Parola;02053;07507;N;E;+05:30
India;Paron (U P);02456;07835;N;E;+05:30
India;Parora;02248;08809;N;E;+05:30
India;Parsa (Bihar);02554;08502;N;E;+05:30
India;Parsad;02411;07342;N;E;+05:30
India;Parsadi Inglis (Bihar);02518;08442;N;E;+05:30
India;Parsathua (Bihar);02513;08349;N;E;+05:30
India;Parsendi (U P);02736;08053;N;E;+05:30
India;Parshadepur (U P);02604;08131;N;E;+05:30
India;Parsol (M P);02454;07758;N;E;+05:30
India;Partabearh;01754;07336;N;E;+05:30
India;Partabgarh (Rajasthan);02402;07440;N;E;+05:30
India;Partabpur (Bihar);02419;08442;N;E;+05:30
India;Partabpur *Bastar (M P);01959;08048;N;E;+05:30
India;Partabpur *Surguja (M P);02328;08315;N;E;+05:30
India;Partappur;02148;08644;N;E;+05:30
India;Parthala;02836;07724;N;E;+05:30
India;Partur (Maharashtra);01930;07612;N;E;+05:30
India;Parui (Kerala);00848;07641;N;E;+05:30
India;Parur (Kerala);01010;07613;N;E;+05:30
India;Parvathipuram (Andra Pradesh);01848;08328;N;E;+05:30
India;Parvatsar (Rajasthan);02652;07449;N;E;+05:30
India;Parwarpar (U P);02649;08351;N;E;+05:30
India;Pasan;02251;08212;N;E;+05:30
India;Pasaunda;02842;07721;N;E;+05:30
India;Pasighat (Assam);02801;09520;N;E;+05:30
India;Pasraha (Bihar);02525;08643;N;E;+05:30
India;Pasu (J & K);03630;07452;N;E;+05:30
India;Patacharkuchi;02631;09116;N;E;+05:30
India;Patakata (Assam);02550;09000;N;E;+05:30
India;Patan Saongi (Maharashtra);02120;07908;N;E;+05:30
India;Patan (Bihar);02414;08412;N;E;+05:30
India;Patan (Gujarat);02350;07207;N;E;+05:30
India;Patan (Maharashtra);01724;07357;N;E;+05:30
India;Patan (Rajasthan);02748;07601;N;E;+05:30
India;Patancheru (Andra Pradesh);01737;07820;N;E;+05:30
India;Pataudi (Haryana);02820;07649;N;E;+05:30
India;Patenga (Bihar);02615;08727;N;E;+05:30
India;Patera (M P);02359;07942;N;E;+05:30
India;Patha (U P);02430;07840;N;E;+05:30
India;Pathalgaon;02234;08328;N;E;+05:30
India;Pathalipam (Assam);02730;09422;N;E;+05:30
India;Pathankot (Punjab);03216;07543;N;E;+05:30
India;Pathardewa (U P);02635;08355;N;E;+05:30
India;Pathardi (Maharashtra);01906;07510;N;E;+05:30
India;Pathargama (Bihar);02458;08717;N;E;+05:30
India;Patharghara;02234;08835;N;E;+05:30
India;Pathari *Bhilsa (M P);02356;07812;N;E;+05:30
India;Pathari *Indore (M P);02248;07612;N;E;+05:30
India;Patharughat (Assam);02621;09154;N;E;+05:30
India;Pathena River (Rajasthan);02708;07701;N;E;+05:30
India;Pathnankot;03217;07539;N;E;+05:30
India;Pathri (Maharashtra);01917;07630;N;E;+05:30
India;Pathrigarh (M P);02356;07815;N;E;+05:30
India;Pati (M P);02155;07446;N;E;+05:30
India;Patiala (Punjab);03019;07624;N;E;+05:30
India;Patiali (U P);02741;07900;N;E;+05:30
India;Patiatoli (Bihar);02330;08525;N;E;+05:30
India;Patihal;02239;08808;N;E;+05:30
India;Patipada;01904;07305;N;E;+05:30
India;Patiram (West Bengal);02520;08850;N;E;+05:30
India;Patjilrwa (Bihar);02649;08425;N;E;+05:30
India;Patkauli (U P);02614;08218;N;E;+05:30
India;Patna (Bihar);02537;08512;N;E;+05:30
India;Patna (U P);02749;08146;N;E;+05:30
India;Patnagarh (Orissa);02043;08309;N;E;+05:30
India;Patnoli;01857;07305;N;E;+05:30
India;Patoda (Maharashtra);01848;07532;N;E;+05:30
India;Paton (U P);03009;08016;N;E;+05:30
India;Patrasaear (West Bengal);02322;08734;N;E;+05:30
India;Patri (Gujarat);02310;07110;N;E;+05:30
India;Pattanapuram (Kerala);00910;07646;N;E;+05:30
India;Pattancheru (Andra Pradesh);01736;07820;N;E;+05:30
India;Patti (Punjab);03117;07451;N;E;+05:30
India;Patti (U P);02555;08212;N;E;+05:30
India;Pattikonda (Andra Pradesh);01524;07730;N;E;+05:30
India;Pattukkottai (Tamilnadu);01026;07919;N;E;+05:30
India;Patul;02245;08810;N;E;+05:30
India;Patuli;02333;08815;N;E;+05:30
India;Patulki (M P);02428;08210;N;E;+05:30
India;Patun;02414;08412;N;E;+05:30
India;Patur (Maharashtra);02028;07702;N;E;+05:30
India;Patwari;02835;07727;N;E;+05:30
India;Paunan;02257;08817;N;E;+05:30
India;Pauni (J & K);03305;07440;N;E;+05:30
India;Pauni (Maharashtra);02045;07942;N;E;+05:30
India;Pauri (M P);02535;07720;N;E;+05:30
India;Pauri (U P);03008;07848;N;E;+05:30
India;Pausemal;02139;07445;N;E;+05:30
India;Pauskura;02224;08743;N;E;+05:30
India;Pavagada (Karnataka);01406;07715;N;E;+05:30
India;Pavne;01905;07301;N;E;+05:30
India;Pawai (M P);02416;08009;N;E;+05:30
India;Pawayan (U P);02803;08006;N;E;+05:30
India;Payagpur (U P);02724;08148;N;E;+05:30
India;Payal (Punjab);03043;07600;N;E;+05:30
India;Paylampur;02247;08816;N;E;+05:30
India;Pazanji;01041;07604;N;E;+05:30
India;Pedana;01616;08110;N;E;+05:30
India;Pedapalli (Andra Pradesh);01840;07925;N;E;+05:30
India;Peddapuram (Andra Pradesh);01706;08213;N;E;+05:30
India;Pedong (West Bengal);02715;08835;N;E;+05:30
India;Peermede;00931;07702;N;E;+05:30
India;Pehowa (Haryana);02957;07639;N;E;+05:30
India;Peint (Maharashtra);02018;07330;N;E;+05:30
India;Pen (Maharashtra);01844;07308;N;E;+05:30
India;Pendhar;01904;07306;N;E;+05:30
India;Pendharkawada;02001;07832;N;E;+05:30
India;Pendra (M P);02250;08202;N;E;+05:30
India;Pendro Road (M P);02230;08300;N;E;+05:30
India;Penduv (Maharashtra);01604;07341;N;E;+05:30
India;Pentakota (Andra Pradesh);01710;08242;N;E;+05:30
India;Penugonda;01640;08144;N;E;+05:30
India;Penukonda (Andra Pradesh);01405;07735;N;E;+05:30
India;Penuria;02349;08658;N;E;+05:30
India;Perambalur (Tamilnadu);01114;07853;N;E;+05:30
India;Perambar (Tamilnadu);01310;08016;N;E;+05:30
India;Peranambattu;01256;07843;N;E;+05:30
India;Periyakulam (Tamilnadu);01007;07733;N;E;+05:30
India;Periyar Lake (Kerala);00930;07720;N;E;+05:30
India;Peruru (Andra Pradesh);01421;07720;N;E;+05:30
India;Petarbar (Bihar);02335;08542;N;E;+05:30
India;Peth (Maharashtra);01705;07421;N;E;+05:30
India;Petlad (Gujarat);02228;07248;N;E;+05:30
India;Petlawad (M P);02300;07450;N;E;+05:30
India;Petua;02225;08827;N;E;+05:30
India;Phagwara (Punjab);03114;07546;N;E;+05:30
India;Phalera River;02652;07518;N;E;+05:30
India;Phalodi River (Rajasthan);02706;07222;N;E;+05:30
India;Phalsund River (Rajasthan);02622;07156;N;E;+05:30
India;Phalta (West Bengal);02218;08808;N;E;+05:30
India;Phaltan (Maharashtra);01759;07426;N;E;+05:30
India;Phalti;02246;08834;N;E;+05:30
India;Phaphund (U P);02636;07928;N;E;+05:30
India;Pharenda (U P);02707;08315;N;E;+05:30
India;Phattan;01801;07431;N;E;+05:30
India;Phatuha (Bihar);02530;08518;N;E;+05:30
India;Phillaur (Punjab);03102;07550;N;E;+05:30
India;Phinga;02241;08825;N;E;+05:30
India;Photaksur (J & K);03404;07647;N;E;+05:30
India;Phulad (Rajasthan);02540;07348;N;E;+05:30
India;Phulbani (Orissa);02030;08418;N;E;+05:30
India;Phulbari;02152;08808;N;E;+05:30
India;Phulera (Rajasthan);02652;07516;N;E;+05:30
India;Phuljhar;02114;08253;N;E;+05:30
India;Phulkusma;02243;08652;N;E;+05:30
India;Phulpur *Banaras (U P);02532;08249;N;E;+05:30
India;Phulpur *Allaha (U P);02533;08205;N;E;+05:30
India;Phulpur *Azamgarh (U P);02603;08242;N;E;+05:30
India;Phurphura;02244;08808;N;E;+05:30
India;Pichhor (M P);02509;07810;N;E;+05:30
India;Pichor (M P);02558;07820;N;E;+05:30
India;Pihani (U P);02737;08012;N;E;+05:30
India;Pihij (Gujarat);02240;07252;N;E;+05:30
India;Pikaldadi (Maharashtra);01914;08005;N;E;+05:30
India;Pilamedu;01101;07701;N;E;+05:30
India;Pilani (Rajasthan);02822;07532;N;E;+05:30
India;Piler (Andra Pradesh);01339;07858;N;E;+05:30
India;Pilibhit (U P);02837;07948;N;E;+05:30
India;Pilkhua (U P);02842;07741;N;E;+05:30
India;Piluwa (U P);02731;09340;N;E;+05:30
India;Pilwa;02738;07834;N;E;+05:30
India;Pimpalner (Maharashtra);02059;07409;N;E;+05:30
India;Pimpri (Gujarat);02054;07342;N;E;+05:30
India;Pinahat (U P);02653;07823;N;E;+05:30
India;Pindrei (M P);02232;08007;N;E;+05:30
India;Pindwara River (Rajasthan);02452;07314;N;E;+05:30
India;Pingal (J & K);03609;07311;N;E;+05:30
India;Pinjaur (H. P.);03042;07654;N;E;+05:30
India;Pipalkoti;03026;07927;N;E;+05:30
India;Pipar River (Rajasthan);02620;07336;N;E;+05:30
India;Pipar Road (Rajasthan);02627;07327;N;E;+05:30
India;Pipar (Rajasthan);02623;07332;N;E;+05:30
India;Piparda River (Rajasthan);02528;07616;N;E;+05:30
India;Piparia (M P);02245;07821;N;E;+05:30
India;Piparwani (M P);02140;07938;N;E;+05:30
India;Pipli (U P);03006;07725;N;E;+05:30
India;Piplod (M P);02139;07633;N;E;+05:30
India;Piplun;02321;08807;N;E;+05:30
India;Pipoda (Rajasthan);02340;07454;N;E;+05:30
India;Pipra Dam (U P);02421;08302;N;E;+05:30
India;Pipra Dewas (Bihar);02528;08602;N;E;+05:30
India;Pipra Saharsa (Bihar);02609;08648;N;E;+05:30
India;Pipra (U P);02646;08313;N;E;+05:30
India;Piprai (M P);02430;07758;N;E;+05:30
India;Pipraich (U P);02650;08333;N;E;+05:30
India;Pipraud (M P);02025;08129;N;E;+05:30
India;Pipri;02358;08240;N;E;+05:30
India;Piproda (M P);02505;07727;N;E;+05:30
India;Pir Panjal Pass;03338;07432;N;E;+05:30
India;Pir Panjal Pass (J & K);03338;07432;N;E;+05:30
India;Pirakata (West Bengal);02235;08712;N;E;+05:30
India;Pirauna (U P);02552;07909;N;E;+05:30
India;Piravam (Kerala);00949;07628;N;E;+05:30
India;Pirawa River (Rajasthan);02411;07606;N;E;+05:30
India;Pirawad (Kerala);00930;07702;N;E;+05:30
India;Pirawam;00949;07638;N;E;+05:30
India;Pirmed (Kerala);00931;07702;N;E;+05:30
India;Pirona;02552;07909;N;E;+05:30
India;Pirpainti (Bihar);02517;08725;N;E;+05:30
India;Pirthala (Bihar);02814;07717;N;E;+05:30
India;Pirthipur (M P);02513;07844;N;E;+05:30
India;Pirwas (Rajasthan);02412;07606;N;E;+05:30
India;Pisarve;01906;07305;N;E;+05:30
India;Pisawa (U P);02807;07745;N;E;+05:30
India;Pitar (Gujarat);02242;07035;N;E;+05:30
India;Pithapuram (Andra Pradesh);01707;08220;N;E;+05:30
India;Pithora (M P);02115;08235;N;E;+05:30
India;Pithoragarh (U P);02935;08012;N;E;+05:30
India;Pithoria (M P);02405;07831;N;E;+05:30
India;Pitihra (M P);02304;07920;N;E;+05:30
India;Pitur Rani Mt (M P);01836;08121;N;E;+05:30
India;Plassey (West Bengal);02347;08815;N;E;+05:30
India;Podanur (Tamilnadu);01057;07700;N;E;+05:30
India;Podile (Andra Pradesh);01536;07939;N;E;+05:30
India;Pohri (M P);02532;07722;N;E;+05:30
India;Poi (Manipur);02520;09436;N;E;+05:30
India;Point Calimere (Tamilnadu);01018;07952;N;E;+05:30
India;Pointong (Assam);02733;09230;N;E;+05:30
India;Pokaran River;02757;07156;N;E;+05:30
India;Pokaran (Rajasthan);02655;07155;N;E;+05:30
India;Pokharia;02355;08637;N;E;+05:30
India;Pokhra (U P);02955;07854;N;E;+05:30
India;Pokhraira (Bihar);02603;08512;N;E;+05:30
India;Pol (Gujarat);02400;07320;N;E;+05:30
India;Polavaram (Andra Pradesh);01715;08143;N;E;+05:30
India;Polba;02257;08818;N;E;+05:30
India;Pollachi (Tamilnadu);01038;07700;N;E;+05:30
India;Polur (Tamilnadu);01230;07908;N;E;+05:30
India;Pomna (Aru. Pradesh.);02757;09623;N;E;+05:30
India;Pondicherry (Tamilnadu);01156;07953;N;E;+05:30
India;Pongchad (Assam);02650;09518;N;E;+05:30
India;Ponnampet (Karnataka);01208;07558;N;E;+05:30
India;Ponnani (Kerala);01046;07557;N;E;+05:30
India;Ponneri (Tamilnadu);01321;08010;N;E;+05:30
India;Ponnuru;01604;08033;N;E;+05:30
India;Ponnuru Nidubrolu;01604;08034;N;E;+05:30
India;Ponpa;02256;08815;N;E;+05:30
India;Poona (Maharashtra);01834;07358;N;E;+05:30
India;Poonamalle (Tamilnadu);01302;08004;N;E;+05:30
India;Porahat (Bihar);02235;08527;N;E;+05:30
India;Porbandar (Gujarat);02140;06940;N;E;+05:30
India;Poredhha;02133;08626;N;E;+05:30
India;Poreya (Bihar);02441;08711;N;E;+05:30
India;Porsa (M P);02640;07822;N;E;+05:30
India;Port Albert Victor (Gujarat);02100;07135;N;E;+05:30
India;Port Blair;01140;09245;N;E;+05:30
India;Port Canning;02219;08840;N;E;+05:30
India;Port Canning (West Bengal);02218;08840;N;E;+05:30
India;Port Cornwallis;01318;09305;N;E;+05:30
India;Port Okha;02229;06909;N;E;+05:30
India;Porto Nova (Tamilnadu);01130;07945;N;E;+05:30
India;Porumamilla (Andra Pradesh);01501;07900;N;E;+05:30
India;Pot Sada (Orissa);02058;08258;N;E;+05:30
India;Potegaon (Maharashtra);01959;08012;N;E;+05:30
India;Pothia (Bihar);02533;08716;N;E;+05:30
India;Potikal (M P);01831;08058;N;E;+05:30
India;Pottangi (Orissa);01835;08303;N;E;+05:30
India;Prachi Road (Gujarat);02056;07055;N;E;+05:30
India;Prakasam (Andra Pradesh);01533;08003;N;E;+05:30
India;Pratapgarh (Rajasthan);02402;07447;N;E;+05:30
India;Pratapgarh (U P);02552;08202;N;E;+05:30
India;Priphema (Nagaland);02545;09358;N;E;+05:30
India;Proddatur (Andra Pradesh);01445;07834;N;E;+05:30
India;Prongs Light House (Maharashtr;01854;07249;N;E;+05:30
India;Pudukkottai (Tamilnadu);01023;07849;N;E;+05:30
India;Pudupadi (Kerala);01133;07600;N;E;+05:30
India;Pugal (Rajasthan);02832;07241;N;E;+05:30
India;Puinan;02256;08813;N;E;+05:30
India;Pukharayan (U P);02614;07950;N;E;+05:30
India;Pulbari (West Bengal);02619;08944;N;E;+05:30
India;Pulga;03159;07726;N;E;+05:30
India;Pulgaon (Maharashtra);02040;07822;N;E;+05:30
India;Pulicat (Tamilnadu);01326;08020;N;E;+05:30
India;Pulivendla (Andra Pradesh);01429;07813;N;E;+05:30
India;Puliyangudi (Tamilnadu);00910;07725;N;E;+05:30
India;Pulkusma (West Bengal);02243;08654;N;E;+05:30
India;Pullampet (Andra Pradesh);01410;07915;N;E;+05:30
India;Punahana (Haryana);02752;07712;N;E;+05:30
India;Punalur (Kerala);00902;07655;N;E;+05:30
India;Punarakh;02529;08550;N;E;+05:30
India;Punasa (M P);02215;07629;N;E;+05:30
India;Punch (J & K);03346;07408;N;E;+05:30
India;Puncha;02310;08639;N;E;+05:30
India;Pundri (Haryana);02945;07633;N;E;+05:30
India;Punganuru (Andra Pradesh);01322;07835;N;E;+05:30
India;Pupri (Bihar);02628;08542;N;E;+05:30
India;Pur Quazi;02938;07751;N;E;+05:30
India;Pur River (Rajasthan);02520;07434;N;E;+05:30
India;Pura Mufti (U P);02529;08141;N;E;+05:30
India;Puraini (Bihar);02508;08659;N;E;+05:30
India;Purandarpur;02351;08736;N;E;+05:30
India;Purandhar (Maharashtra);01815;07404;N;E;+05:30
India;Purangad (Maharashtra);01652;07319;N;E;+05:30
India;Puranpur (U P);02830;08009;N;E;+05:30
India;Purbashthali (West Bengal);02328;08821;N;E;+05:30
India;Puri (Orissa);01948;08552;N;E;+05:30
India;Purkazi (U P);02938;07751;N;E;+05:30
India;Purli (Maharashtra);01851;07632;N;E;+05:30
India;Purna (Maharashtra);01911;07705;N;E;+05:30
India;Purnea (Bihar);02547;08731;N;E;+05:30
India;Purulia (West Bengal);02320;08624;N;E;+05:30
India;Purwa (U P);02627;08047;N;E;+05:30
India;Pusa (Bihar);02559;08540;N;E;+05:30
India;Pusad (Maharashtra);01956;07738;N;E;+05:30
India;Pushkar River (Rajasthan);02628;07436;N;E;+05:30
India;Puspal (M P);01836;08157;N;E;+05:30
India;Puttur;01327;07933;N;E;+05:30
India;Puttur (Karnataka);01244;07510;N;E;+05:30
India;Pyapali (Andra Pradesh);01514;07747;N;E;+05:30
India;Qadian;03149;07523;N;E;+05:30
India;Qadirganj (U P);02748;07902;N;E;+05:30
India;Qasba (Bihar);02551;08732;N;E;+05:30
India;Qazigund;03338;07509;N;E;+05:30
India;Qizil Jilga;03521;07852;N;E;+05:30
India;Qizil Langar;03513;07759;N;E;+05:30
India;Quepem (Goa);01513;07403;N;E;+05:30
India;Quepem (Maharashtra);01513;07400;N;E;+05:30
India;Quilandi (Kerala);01125;07541;N;E;+05:30
India;Quilon (Kerala);00853;07638;N;E;+05:30
India;Rabkavi Banhatti;01628;07506;N;E;+05:30
India;Radakota;01816;08232;N;E;+05:30
India;Radaur (Haryana);03002;07708;N;E;+05:30
India;Radga (West Bengal);02315;08640;N;E;+05:30
India;Radhanagar;02309;08719;N;E;+05:30
India;Radhanpur (Gujarat);02352;07149;N;E;+05:30
India;Radhapuram (Tamilnadu);00816;07743;N;E;+05:30
India;Rae Bareli (U P);02614;08114;N;E;+05:30
India;Rafiganj (Bihar);02450;08438;N;E;+05:30
India;Raghabpur;02225;08821;N;E;+05:30
India;Raghogarh (M P);02426;07712;N;E;+05:30
India;Raghumathbari;02222;08747;N;E;+05:30
India;Raghunathganj (M P);02441;08139;N;E;+05:30
India;Raghunathpur (Bihar);02540;08755;N;E;+05:30
India;Raghunathpur (West Bengal);02332;08641;N;E;+05:30
India;Raha (Assam);02619;09230;N;E;+05:30
India;Rahatgaon (M P);02210;07712;N;E;+05:30
India;Rahatgarh (M P);02347;07828;N;E;+05:30
India;Rahimatpur (Maharashtra);01737;07417;N;E;+05:30
India;Rahun (Punjab);03103;07607;N;E;+05:30
India;Rahuri (Maharashtra);01926;07442;N;E;+05:30
India;Rai Bareilly (U P);02616;08116;N;E;+05:30
India;Raichur (Karnataka);01615;07720;N;E;+05:30
India;Raidighi;02200;08826;N;E;+05:30
India;Raiganj (West Bengal);02538;08811;N;E;+05:30
India;Raigarh (M P);02153;08328;N;E;+05:30
India;Raigarh (Orissa);01951;08206;N;E;+05:30
India;Raigarh (West Bengal);02537;08807;N;E;+05:30
India;Raikot (Punjab);03039;07536;N;E;+05:30
India;Rainagar (West Bengal);02304;08754;N;E;+05:30
India;Raingarh (U P);02714;08031;N;E;+05:30
India;Raipur (M P);02116;08142;N;E;+05:30
India;Raipur *Rewa (M P);02434;08127;N;E;+05:30
India;Raipur (West Bengal);02247;08658;N;E;+05:30
India;Raipura (U P);02514;08107;N;E;+05:30
India;Rairakhol;02114;08424;N;E;+05:30
India;Raisen (M P);02321;07749;N;E;+05:30
India;Raisingh (Rajasthan);02558;07603;N;E;+05:30
India;Raisinghnagar (Rajasthan);02932;07333;N;E;+05:30
India;Raj Gangpur;02211;08436;N;E;+05:30
India;Raj Mahal River;02556;07535;N;E;+05:30
India;Raj Nandgaon;02106;08108;N;E;+05:30
India;Raja Ranapur (Orissa);02004;08522;N;E;+05:30
India;Rajabhet Khewa;02637;08932;N;E;+05:30
India;Rajabhita (Bihar);02457;08722;N;E;+05:30
India;Rajadhar (M P);02212;08104;N;E;+05:30
India;Rajahmundry (Andra Pradesh);01701;08152;N;E;+05:30
India;Rajakhera River (Rajasthan);02654;07810;N;E;+05:30
India;Rajaldesar;02802;07428;N;E;+05:30
India;Rajaluka;02209;08638;N;E;+05:30
India;Rajam (Andra Pradesh);01829;08348;N;E;+05:30
India;Rajamatam (Tamilnadu);01018;07921;N;E;+05:30
India;Rajampet (Andra Pradesh);01411;07910;N;E;+05:30
India;Rajanr (Bihar);02445;08526;N;E;+05:30
India;Rajapalayam (Tamilnadu);00926;07736;N;E;+05:30
India;Rajapur *Allahabad (U P);02523;08109;N;E;+05:30
India;Rajapur (Bihar);02622;08453;N;E;+05:30
India;Rajapur *Ghaziabad (U P);02542;08351;N;E;+05:30
India;Rajapur (Maharashtra);01638;07332;N;E;+05:30
India;Rajauli (Bihar);02439;08530;N;E;+05:30
India;Rajauri (J & K);03323;07418;N;E;+05:30
India;Rajbari;02225;08848;N;E;+05:30
India;Rajevedi (Maharashtra);01826;07411;N;E;+05:30
India;Rajgan;02434;08751;N;E;+05:30
India;Rajgarh *Alwar (Rajasthan);02711;07637;N;E;+05:30
India;Rajgarh *Chatarpur (M P);02444;07958;N;E;+05:30
India;Rajgarh *Churu (Rajasthan);02838;07521;N;E;+05:30
India;Rajgarh (M P);02401;07642;N;E;+05:30
India;Rajgarh (Maharashtra);01816;07346;N;E;+05:30
India;Rajgarh *Shivpuri (M P);02520;07730;N;E;+05:30
India;Rajgarh (U P);02452;08253;N;E;+05:30
India;Rajgir (Bihar);02501;08526;N;E;+05:30
India;Rajgram (West Bengal);02434;08751;N;E;+05:30
India;Rajhara (Bihar);02410;08400;N;E;+05:30
India;Rajhat;02256;08821;N;E;+05:30
India;Rajibpur;02249;08834;N;E;+05:30
India;Rajim (M P);02058;08158;N;E;+05:30
India;Rajkot (Gujarat);02218;07053;N;E;+05:30
India;Rajmahal (Bihar);02503;08749;N;E;+05:30
India;Rajmahal (Rajasthan);02556;07535;N;E;+05:30
India;Rajnagar (Bihar);02623;08610;N;E;+05:30
India;Rajnagar (M P);02453;07954;N;E;+05:30
India;Rajnagar (Orissa);02142;08548;N;E;+05:30
India;Rajnagar (West Bengal);02356;08725;N;E;+05:30
India;Rajnandgaon (M P);02105;08105;N;E;+05:30
India;Rajnar;02445;08526;N;E;+05:30
India;Rajpipla (Gujarat);02149;07336;N;E;+05:30
India;Rajpur (M P);02158;07509;N;E;+05:30
India;Rajpur (U P);02618;07941;N;E;+05:30
India;Rajpur (West Bengal);02227;08826;N;E;+05:30
India;Rajpura (Punjab);03029;07640;N;E;+05:30
India;Rajsinghnagar;02932;07333;N;E;+05:30
India;Rajula (Gujarat);02101;07134;N;E;+05:30
India;Rajur (Maharashtra);02004;07900;N;E;+05:30
India;Rajura Chanda (Maharashtra);01948;07925;N;E;+05:30
India;Rajwara (Bihar);02444;08644;N;E;+05:30
India;Rakaposhi Mt (J & K);03609;07431;N;E;+05:30
India;Rakhabdev River (Rajasthan);02404;07346;N;E;+05:30
India;Ram Das;03158;07754;N;E;+05:30
India;Ram Sagar L (Rajasthan);02636;07735;N;E;+05:30
India;Ram Sagar Lake;02636;07735;N;E;+05:30
India;Ramachandrapuram (Andra Prades;01654;08203;N;E;+05:30
India;Ramaghat (Andra Pradesh);02311;08840;N;E;+05:30
India;Ramagiri Udayagiri (Orissa);01910;08411;N;E;+05:30
India;Ramallakota (Andra Pradesh);01537;07802;N;E;+05:30
India;Raman;02958;07458;N;E;+05:30
India;Ramanagaram (Karnataka);01245;07716;N;E;+05:30
India;Ramanathapuram (Tamilnadu);00923;07853;N;E;+05:30
India;Ramanathpur;02241;08814;N;E;+05:30
India;Ramanbati;02247;08808;N;E;+05:30
India;Ramandrug (Karnataka);01507;07625;N;E;+05:30
India;Ramanuj Ganj (M P);02348;08244;N;E;+05:30
India;Ramapur (Orissa);02148;08400;N;E;+05:30
India;Ramas Cape Goa;01506;07356;N;E;+05:30
India;Ramatakotta (Andra Pradesh);01537;07802;N;E;+05:30
India;Ramavaram (Andra Pradesh);01720;08158;N;E;+05:30
India;Ramayampet (Andra Pradesh);01805;07825;N;E;+05:30
India;Ramban (J & K);03315;07515;N;E;+05:30
India;Rambhapur (M P);02256;07430;N;E;+05:30
India;Ramdurg (Karnataka);01557;07524;N;E;+05:30
India;Rameswaram (Tamilnadu);00918;07919;N;E;+05:30
India;Ramgarh *Alwar (Rajasthan);02735;07648;N;E;+05:30
India;Ramgarh (Bihar);02337;08532;N;E;+05:30
India;Ramgarh *Churu (Rajasthan);02809;07500;N;E;+05:30
India;Ramgarh (Haryana);03040;07652;N;E;+05:30
India;Ramgarh *Jaisalmer (Rajasthan);02729;07038;N;E;+05:30
India;Ramgarh (M P);02249;08100;N;E;+05:30
India;Ramgarh (West Bengal);02242;08704;N;E;+05:30
India;Ramgarhwa (Bihar);02653;08448;N;E;+05:30
India;Ramjibanpur (West Bengal);02249;08740;N;E;+05:30
India;Ramkanali;02335;08645;N;E;+05:30
India;Ramkola (M P);02340;08300;N;E;+05:30
India;Ramkot (U P);02731;08035;N;E;+05:30
India;Ramnagar *Bara Banki (U P);02705;08124;N;E;+05:30
India;Ramnagar *Rewa (M P);02412;08110;N;E;+05:30
India;Ramnagar (Bihar);02710;08420;N;E;+05:30
India;Ramnagar *Bareilly (U P);02823;07906;N;E;+05:30
India;Ramnagar *Faizabad (U P);02627;08254;N;E;+05:30
India;Ramnagar (J & K);03248;07521;N;E;+05:30
India;Ramnagar *Mandla (M P);02236;08034;N;E;+05:30
India;Ramnagar *Nainital (U P);02923;07907;N;E;+05:30
India;Ramnagar *Varanasi (U P);02518;08302;N;E;+05:30
India;Ramnitanr (Bihar);02437;08613;N;E;+05:30
India;Rampur Hat;02411;08751;N;E;+05:30
India;Rampur *Guna (M P);02418;07727;N;E;+05:30
India;Rampur (Bihar);02604;08729;N;E;+05:30
India;Rampur *Deoria (U P);02635;08349;N;E;+05:30
India;Rampur (Gujarat);02311;07356;N;E;+05:30
India;Rampur (H. P.);03126;07737;N;E;+05:30
India;Rampur *Jaunpur (U P);02529;08234;N;E;+05:30
India;Rampur *Morena (M P);02609;07728;N;E;+05:30
India;Rampur (Orissa);02105;08422;N;E;+05:30
India;Rampur *Saharanpur (U P);02948;07727;N;E;+05:30
India;Rampur *Satna (M P);02431;08102;N;E;+05:30
India;Rampur (U P);02848;07903;N;E;+05:30
India;Rampura Phul;03017;07514;N;E;+05:30
India;Rampura *Jalaun (U P);02621;07910;N;E;+05:30
India;Rampura (M P);02430;07532;N;E;+05:30
India;Rampura *Rampur (U P);02857;07923;N;E;+05:30
India;Rampurhat (West Bengal);02408;08748;N;E;+05:30
India;Ramrajtala (West Bengal);02235;08818;N;E;+05:30
India;Ramsagar;02305;08717;N;E;+05:30
India;Ramsanehighat (U P);02648;08132;N;E;+05:30
India;Ramshai Hat (West Bengal);02642;08856;N;E;+05:30
India;Ramsing (Assam);02840;09458;N;E;+05:30
India;Ramtek (Maharashtra);02128;07928;N;E;+05:30
India;Rana Pratap Sagar Dam (Rajasth;02458;07538;N;E;+05:30
India;Ranagar (West Bengal);02305;08755;N;E;+05:30
India;Ranaghat (West Bengal);02311;08835;N;E;+05:30
India;Ranasar (Rajasthan);02541;07042;N;E;+05:30
India;Ranbirsinghpura;03238;07444;N;E;+05:30
India;Ranchi (Bihar);02322;08520;N;E;+05:30
India;Rander (Gujarat);02115;07250;N;E;+05:30
India;Raner;02853;07317;N;E;+05:30
India;Raneswar (Bihar);02402;08726;N;E;+05:30
India;Ranganj;02605;08714;N;E;+05:30
India;Rangapara North (Assam);02650;09244;N;E;+05:30
India;Rangi (Maharashtra);02023;08016;N;E;+05:30
India;Rangia (Assam);02626;09138;N;E;+05:30
India;Rangku (Assam);02820;09441;N;E;+05:30
India;Rangphu (West Bengal);02710;08838;N;E;+05:30
India;Rani Jot (U P);02700;08221;N;E;+05:30
India;Rani Sagar (Bihar);02537;08422;N;E;+05:30
India;Rani (Rajasthan);02520;07326;N;E;+05:30
India;Rania (Haryana);02932;07454;N;E;+05:30
India;Ranibandh;02252;08647;N;E;+05:30
India;Ranibennur (Karnataka);01433;07541;N;E;+05:30
India;Raniganj W Dinajpur (West Beng;02556;08758;N;E;+05:30
India;Raniganj (Bihar);02605;08714;N;E;+05:30
India;Raniganj *Birbhum (West Bengal;02335;08707;N;E;+05:30
India;Raniganj (U P);02548;08201;N;E;+05:30
India;Raniganj (West Bengal);02552;08753;N;E;+05:30
India;Ranijula Peak (M P);02259;08340;N;E;+05:30
India;Ranikhet (U P);02939;07925;N;E;+05:30
India;Raninagar (West Bengal);02633;08836;N;E;+05:30
India;Ranipet;01256;07917;N;E;+05:30
India;Raniwara (Rajasthan);02445;07213;N;E;+05:30
India;Raniwari River (Rajasthan);02446;07220;N;E;+05:30
India;Ranka (Bihar);02359;08350;N;E;+05:30
India;Ranod (M P);02506;07753;N;E;+05:30
India;Ranpur (Gujarat);02004;08522;N;E;+05:30
India;Ransai;01853;07305;N;E;+05:30
India;Ranthambhor (Rajasthan);02604;07632;N;E;+05:30
India;Ranvad;01853;07255;N;E;+05:30
India;Raoli (U P);02927;07804;N;E;+05:30
India;Rapa (Gujarat);02332;07040;N;E;+05:30
India;Rapur (Andra Pradesh);01415;07930;N;E;+05:30
India;Rapur (Gujarat);02303;06850;N;E;+05:30
India;Raribahal;02405;08721;N;E;+05:30
India;Ras River (Rajasthan);02616;07913;N;E;+05:30
India;Rasipuram (Tamilnadu);01128;07810;N;E;+05:30
India;Raskunda;02248;08726;N;E;+05:30
India;Rasmi (Rajasthan);02504;07422;N;E;+05:30
India;Rasra (U P);02552;08350;N;E;+05:30
India;Rasulabad *Unnao (U P);02645;08029;N;E;+05:30
India;Rasulabad *Kanpur (U P);02639;07948;N;E;+05:30
India;Rasulpur;02837;07722;N;E;+05:30
India;Rasulpura (M P);02427;07724;N;E;+05:30
India;Rasuwala River (Rajasthan);02954;07422;N;E;+05:30
India;Ratangarh River (Rajasthan);02802;07439;N;E;+05:30
India;Ratangarh (Rajasthan);02855;07436;N;E;+05:30
India;Ratanpur (Gujarat);02143;07316;N;E;+05:30
India;Ratanpur (M P);02218;08212;N;E;+05:30
India;Rath (U P);02536;07934;N;E;+05:30
India;Ratiya (Haryana);02941;07538;N;E;+05:30
India;Ratlam (M P);02318;07506;N;E;+05:30
India;Ratnagiri (Maharashtra);01700;07322;N;E;+05:30
India;Ratua (West Bengal);02512;08756;N;E;+05:30
India;Raurkela (Orissa);02216;08501;N;E;+05:30
India;Rautara;02251;08828;N;E;+05:30
India;Rauzagaon (U P);02648;08142;N;E;+05:30
India;Ravalgaon;02038;07425;N;E;+05:30
India;Raver (Maharashtra);02115;07605;N;E;+05:30
India;Rawalakot (J & K);03350;07348;N;E;+05:30
India;Rawatsar (Rajasthan);02913;07421;N;E;+05:30
India;Raxaul (Bihar);02658;08458;N;E;+05:30
India;Rayachoti (Andra Pradesh);01404;07846;N;E;+05:30
India;Rayadurg (Andra Pradesh);01442;07648;N;E;+05:30
India;Rayagaha (Orissa);01910;08328;N;E;+05:30
India;Rayana (West Bengal);02305;08801;N;E;+05:30
India;Razam (Andra Pradesh);01827;08348;N;E;+05:30
India;Razampet;01411;07909;N;E;+05:30
India;Razole (Andra Pradesh);01628;08148;N;E;+05:30
India;Rebai;02521;07928;N;E;+05:30
India;Redhakhol (Orissa);02103;08423;N;E;+05:30
India;Reengus River;02718;07527;N;E;+05:30
India;Regong (Assam);02830;09425;N;E;+05:30
India;Rehli (M P);02328;07908;N;E;+05:30
India;Rehra Bazar (U P);02711;08216;N;E;+05:30
India;Rehra (U P);02831;07819;N;E;+05:30
India;Rehti;02244;07726;N;E;+05:30
India;Rejinagar;02353;08815;N;E;+05:30
India;Rekapalle (Andra Pradesh);01733;08127;N;E;+05:30
India;Rekjoati;02237;08828;N;E;+05:30
India;Relli (Andra Pradesh);01753;08317;N;E;+05:30
India;Remuna (Orissa);02133;08654;N;E;+05:30
India;Rendhar (U P);02609;07906;N;E;+05:30
India;Rendpur (Maharashtra);01831;07638;N;E;+05:30
India;Reni (Rajasthan);02841;07502;N;E;+05:30
India;Renigunta (Andra Pradesh);01340;07931;N;E;+05:30
India;Reotipur (U P);02532;08343;N;E;+05:30
India;Repalle (Andra Pradesh);01602;08053;N;E;+05:30
India;Repur (Andra Pradesh);01412;07936;N;E;+05:30
India;Revelganj (Bihar);02540;08440;N;E;+05:30
India;Rewa (M P);02432;08118;N;E;+05:30
India;Rewari (Haryana);02811;07637;N;E;+05:30
India;Reyna;02305;08754;N;E;+05:30
India;Reypur;02225;08831;N;E;+05:30
India;Rhambapur;02256;07430;N;E;+05:30
India;Rhambha (Orissa);01931;08510;N;E;+05:30
India;Riang (Assam);02732;09256;N;E;+05:30
India;Riasi (J & K);03305;07450;N;E;+05:30
India;Riga (Assam);02825;09505;N;E;+05:30
India;Riga (Bihar);02640;08527;N;E;+05:30
India;Rihand Dam (U P);02409;08302;N;E;+05:30
India;Rikor (Assam);02850;09451;N;E;+05:30
India;Ringas;02721;07527;N;E;+05:30
India;Ripu (Assam);02645;09009;N;E;+05:30
India;Rishikesh (U P);03007;07816;N;E;+05:30
India;Rishra;02243;08821;N;E;+05:30
India;Riu;02819;09503;N;E;+05:30
India;Riyan (Rajasthan);02625;07332;N;E;+05:30
India;Robert Sonepat (Karnataka);01258;07816;N;E;+05:30
India;Robertsganj (U P);02442;08304;N;E;+05:30
India;Roha (Maharashtra);01825;07308;N;E;+05:30
India;Rohera (Rajasthan);02443;07308;N;E;+05:30
India;Rohini (Bihar);02429;08639;N;E;+05:30
India;Rohinjan;01906;07304;N;E;+05:30
India;Rohri (Haryana);02852;07643;N;E;+05:30
India;Rohru (H. P.);03112;07745;N;E;+05:30
India;Rohtak (Haryana);02854;07638;N;E;+05:30
India;Rohtasgarh (Bihar);02436;08359;N;E;+05:30
India;Roing (Assam);02806;09546;N;E;+05:30
India;Roiung (Assam);02808;09510;N;E;+05:30
India;Ron (Karnataka);01544;07547;N;E;+05:30
India;Ron (M P);02621;07856;N;E;+05:30
India;Ronda (J & K);03530;07520;N;E;+05:30
India;Rongphu (Sikkim);02709;08832;N;E;+05:30
India;Rongrengiri (Meghlaya);02541;09022;N;E;+05:30
India;Roopnagar (Rajasthan);02648;07454;N;E;+05:30
India;Roorkee (U P);02952;07753;N;E;+05:30
India;Rori (Haryana);02944;07517;N;E;+05:30
India;Roshanganj (Bihar);02433;08412;N;E;+05:30
India;Rourkela;02213;08453;N;E;+05:30
India;Rudauli (U P);02645;08145;N;E;+05:30
India;Rudhauli (U P);02702;08248;N;E;+05:30
India;Rudraprayag (U P);03016;07859;N;E;+05:30
India;Rukchen (J & K);03322;03540;N;E;+05:30
India;Rukni;02333;08633;N;E;+05:30
India;Runni Saiyadpur (Bihar);02623;08530;N;E;+05:30
India;Rupa (Assam);02719;09221;N;E;+05:30
India;Rupar (Punjab);03059;07631;N;E;+05:30
India;Rupau (Bihar);02452;08546;N;E;+05:30
India;Rupbas (Rajasthan);02700;07735;N;E;+05:30
India;Rupi (H. P.);03136;07750;N;E;+05:30
India;Rupidiha (U P);02800;08136;N;E;+05:30
India;Rupnagar (Rajasthan);02647;07452;N;E;+05:30
India;Rura (U P);02629;07954;N;E;+05:30
India;Rusera (Bihar);02545;08602;N;E;+05:30
India;Rushon (Assam);02850;09559;N;E;+05:30
India;Russa;02229;08821;N;E;+05:30
India;Russellkonda;01956;08435;N;E;+05:30
India;Russera (Bihar);02545;08602;N;E;+05:30
India;Ruthiyai (Rajasthan);02432;07706;N;E;+05:30
India;Sababad;02726;07802;N;E;+05:30
India;Sabalgarh (M P);02615;07724;N;E;+05:30
India;Sabang;02211;08736;N;E;+05:30
India;Sabathu (H. P.);03100;07659;N;E;+05:30
India;Sabaur (Bihar);02515;08703;N;E;+05:30
India;Sabe;01911;07302;N;E;+05:30
India;Sabhrai (Gujarat);02301;06911;N;E;+05:30
India;Sabual (Mizoram);02330;09233;N;E;+05:30
India;Sach Pass (H. P.);03301;07617;N;E;+05:30
India;Sachendi (U P);02625;08009;N;E;+05:30
India;Sachin (Gujarat);02303;07259;N;E;+05:30
India;Sacunderabad;01727;07833;N;E;+05:30
India;Sadabad (U P);02727;07803;N;E;+05:30
India;Sadarpur;02833;07721;N;E;+05:30
India;Sadaseopet (Andra Pradesh);01738;07759;N;E;+05:30
India;Sadhaura (Haryana);03022;07713;N;E;+05:30
India;Sadhullanagar;02706;08224;N;E;+05:30
India;Sadiya (Assam);02749;09538;N;E;+05:30
India;Sadra (Gujarat);02320;07248;N;E;+05:30
India;Sadras (Tamilnadu);01233;08010;N;E;+05:30
India;Sadri River (Rajasthan);02512;07332;N;E;+05:30
India;Sadrpur (U P);02726;08108;N;E;+05:30
India;Sadulgarh;02935;07419;N;E;+05:30
India;Sadullahnagar (U P);02706;08224;N;E;+05:30
India;Sadulpur (Rajasthan);02838;07524;N;E;+05:30
India;Saeiya;02435;08702;N;E;+05:30
India;Safidaun (Haryana);02925;07640;N;E;+05:30
India;Safipur (U P);02644;08020;N;E;+05:30
India;Sagar *Gulbarga (Karnataka);01637;07645;N;E;+05:30
India;Sagar (M P);02350;07843;N;E;+05:30
India;Sagar *Shimoga (Karnataka);01407;07500;N;E;+05:30
India;Sagardighi;02417;08806;N;E;+05:30
India;Sagarpur (Bihar);02439;08502;N;E;+05:30
India;Sagauli (Bihar);02647;08448;N;E;+05:30
India;Sagora (Orissa);02042;08402;N;E;+05:30
India;Sagri (U P);02610;08316;N;E;+05:30
India;Sagthale (Rajasthan);02347;07448;N;E;+05:30
India;Saguna;02259;08829;N;E;+05:30
India;Sagwara River (Rajasthan);02342;07403;N;E;+05:30
India;Sah (U P);02554;08043;N;E;+05:30
India;Sahabad *Rampur (U P);02834;07900;N;E;+05:30
India;Sahabganj (Bihar);02625;08710;N;E;+05:30
India;Sahabganj (U P);02656;08318;N;E;+05:30
India;Sahani Kalan;02841;07725;N;E;+05:30
India;Sahar;02738;07729;N;E;+05:30
India;Sahara (Rajasthan);02513;07412;N;E;+05:30
India;Saharanpur (U P);02958;07733;N;E;+05:30
India;Saharsa (Bihar);02554;08636;N;E;+05:30
India;Sahaswan (U P);02804;07845;N;E;+05:30
India;Sahatwar (U P);02550;08414;N;E;+05:30
India;Sahibabad;02840;07722;N;E;+05:30
India;Sahibganj (Bihar);02515;08738;N;E;+05:30
India;Sahiya (U P);03036;07753;N;E;+05:30
India;Saidabad (U P);02521;08207;N;E;+05:30
India;Saidapet (Tamilnadu);01301;08013;N;E;+05:30
India;Saidpur *Bulandshahar (U P);02837;07754;N;E;+05:30
India;Saidpur *Ghajipur (U P);02533;08311;N;E;+05:30
India;Saikoha Ghat (Assam);02746;09538;N;E;+05:30
India;Sailana (M P);02328;07458;N;E;+05:30
India;Sainj (H. P.);03145;07718;N;E;+05:30
India;Sainthia (West Bengal);02355;08742;N;E;+05:30
India;Sairang (Mizoram);02350;09242;N;E;+05:30
India;Saitu (Manipur);02502;09354;N;E;+05:30
India;Sajeti (U P);02603;08010;N;E;+05:30
India;Sakhala (Nagaland);02559;09432;N;E;+05:30
India;Sakhan (Tripura);02350;09209;N;E;+05:30
India;Sakhi River (Rajasthan);02859;07258;N;E;+05:30
India;Sakit (U P);02726;07846;N;E;+05:30
India;Sakleshpur (Karnataka);01259;07543;N;E;+05:30
India;Sakoli (Maharashtra);02105;08002;N;E;+05:30
India;Sakrar (U P);02521;07852;N;E;+05:30
India;Sakri;02059;07419;N;E;+05:30
India;Sakti (M P);02202;08256;N;E;+05:30
India;Saktipur (West Bengal);02352;08811;N;E;+05:30
India;Saktisgarh (U P);02458;08250;N;E;+05:30
India;Salaya (Gujarat);02220;06940;N;E;+05:30
India;Salbani;02238;08720;N;E;+05:30
India;Salem Junction (Tamilnadu);01141;07806;N;E;+05:30
India;Salem (Tamilnadu);01138;07808;N;E;+05:30
India;Salepali (M P);02212;08326;N;E;+05:30
India;Salipur;02644;08020;N;E;+05:30
India;Salkhia (West Bengal);02236;08820;N;E;+05:30
India;Salmari (Bihar);02538;08750;N;E;+05:30
India;Salon (U P);02600;08130;N;E;+05:30
India;Saltora;02332;08656;N;E;+05:30
India;Salukdih (Bihar);02306;08550;N;E;+05:30
India;Salumbar River (Rajasthan);02408;07405;N;E;+05:30
India;Salur (Andra Pradesh);01831;08316;N;E;+05:30
India;Salwai (M P);02551;07819;N;E;+05:30
India;Sam River (Rajasthan);02650;07030;N;E;+05:30
India;Samai (Gujarat);02408;07253;N;E;+05:30
India;Samaili (Bihar);02530;08716;N;E;+05:30
India;Samalkna (Haryana);02916;07701;N;E;+05:30
India;Samalkot (Andra Pradesh);01703;08215;N;E;+05:30
India;Samana (Haryana);02954;07654;N;E;+05:30
India;Samana (Punjab);03009;07615;N;E;+05:30
India;Samastipur (Bihar);02552;08547;N;E;+05:30
India;Samba (J & K);03232;07508;N;E;+05:30
India;Sambalpur (Orissa);02128;08404;N;E;+05:30
India;Sambhal (U P);02835;07834;N;E;+05:30
India;Sambhar River (Rajasthan);02654;07516;N;E;+05:30
India;Samdari;02549;07235;N;E;+05:30
India;Samod River (Rajasthan);02713;07550;N;E;+05:30
India;Samrala (Punjab);03051;07611;N;E;+05:30
India;Samthar (U P);02550;07854;N;E;+05:30
India;Samudragarh;02321;08820;N;E;+05:30
India;Samzumling (J & K);03442;07842;N;E;+05:30
India;Sanand (Gujarat);02259;07223;N;E;+05:30
India;Sanaur;03018;07627;N;E;+05:30
India;Sanawad;02211;07604;N;E;+05:30
India;Sanawar (Punjab);03016;07629;N;E;+05:30
India;Sanchi (M P);02328;07742;N;E;+05:30
India;Sanchor (Rajasthan);02445;07155;N;E;+05:30
India;Sandakphu Peak;02709;08805;N;E;+05:30
India;Sandes (Bihar);02525;08444;N;E;+05:30
India;Sandeshkhali;02222;08853;N;E;+05:30
India;Sandi (U P);02718;07957;N;E;+05:30
India;Sandila (U P);02704;08031;N;E;+05:30
India;Sandur (Karnataka);01506;07631;N;E;+05:30
India;Sangam (Andra Pradesh);01436;07946;N;E;+05:30
India;Sangameswar (Maharashtra);01713;07335;N;E;+05:30
India;Sanganer River (Rajasthan);02648;07548;N;E;+05:30
India;Sanganer (Maharashtra);01937;07418;N;E;+05:30
India;Sangareddi (Andra Pradesh);01737;07804;N;E;+05:30
India;Sangat;03005;07450;N;E;+05:30
India;Sanghi (Haryana);02905;07639;N;E;+05:30
India;Sangir (Maharashtra);02102;07451;N;E;+05:30
India;Sangla (H. P.);03124;07814;N;E;+05:30
India;Sangli (Maharashtra);01655;07437;N;E;+05:30
India;Sangnam (H. P.);03146;07828;N;E;+05:30
India;Sangod River (Rajasthan);02458;07618;N;E;+05:30
India;Sangole (Maharashtra);01730;07515;N;E;+05:30
India;Sangramgarh (U P);02552;08130;N;E;+05:30
India;Sangrur (Punjab);03014;07550;N;E;+05:30
India;Sangurli;01856;07307;N;E;+05:30
India;Sanjeli *Bombay (Maharashtra);02305;07356;N;E;+05:30
India;Sankach (M P);02300;07645;N;E;+05:30
India;Sankaranayinarkovil (Tamilnadu;00910;07733;N;E;+05:30
India;Sankaridrug (Tamilnadu);01130;07752;N;E;+05:30
India;Sankarpur;02251;08827;N;E;+05:30
India;Sankasya (U P);02721;07916;N;E;+05:30
India;Sankeshwar (Karnataka);01620;07432;N;E;+05:30
India;Sankheda;02210;07335;N;E;+05:30
India;Sankhu River (Rajasthan);02827;07522;N;E;+05:30
India;Sankra River (Rajasthan);02642;07142;N;E;+05:30
India;Sankra (M P);02018;08203;N;E;+05:30
India;Sankrail;02234;08814;N;E;+05:30
India;Sannaur (Punjab);03018;07636;N;E;+05:30
India;Sanpada;01904;07301;N;E;+05:30
India;Sanquem (Goa);01513;07410;N;E;+05:30
India;Santa Cruz (Maharashtra);01907;07253;N;E;+05:30
India;Santaldih (West Bengal);02338;08633;N;E;+05:30
India;Santalpur (Gujarat);02345;07110;N;E;+05:30
India;Santapilly (Andra Pradesh);01805;08347;N;E;+05:30
India;Santapur;02346;07112;N;E;+05:30
India;Santipur;02315;08826;N;E;+05:30
India;Santopnath Mount;03049;07914;N;E;+05:30
India;Santoshpur;02240;08810;N;E;+05:30
India;Sanwer (M P);02259;07550;N;E;+05:30
India;Saoner (Maharashtra);02125;07902;N;E;+05:30
India;Sapatgram;02620;09008;N;E;+05:30
India;Sapatu (H. P.);03058;07700;N;E;+05:30
India;Sara Kheta (U P);02558;08240;N;E;+05:30
India;Saradiya (Gujarat);02138;07003;N;E;+05:30
India;Sarahan (H. P.);03133;07732;N;E;+05:30
India;Sarai Aghat;02721;07916;N;E;+05:30
India;Sarai Ajitmal (U P);02635;07918;N;E;+05:30
India;Sarai Akil (U P);02523;08131;N;E;+05:30
India;Sarai Idkil (U P);02644;07907;N;E;+05:30
India;Sarai Khwaja (U P);02552;08240;N;E;+05:30
India;Sarai Mir (U P);02602;08255;N;E;+05:30
India;Sarai (Bihar);02547;08515;N;E;+05:30
India;Sarai (M P);02432;07712;N;E;+05:30
India;Saraikela (Bihar);02243;08557;N;E;+05:30
India;Saralpali;02120;08300;N;E;+05:30
India;Saran (Bihar);02429;08619;N;E;+05:30
India;Sarangarh (M P);02138;08309;N;E;+05:30
India;Sarangpur (M P);02335;07632;N;E;+05:30
India;Sarari (Bihar);02509;08557;N;E;+05:30
India;Sarath (Bihar);02414;08650;N;E;+05:30
India;Sarauth Pawayan;02728;07905;N;E;+05:30
India;Saraya (U P);02606;08348;N;E;+05:30
India;Sardargarh River;02921;07348;N;E;+05:30
India;Sardarpur (M P);02241;07502;N;E;+05:30
India;Sardarshahr River (Rajasthan);02830;07430;N;E;+05:30
India;Sardhana (U P);02909;07736;N;E;+05:30
India;Sardiha;02222;08709;N;E;+05:30
India;Sarenga;02246;08702;N;E;+05:30
India;Sareni (U P);02608;08051;N;E;+05:30
India;Sareya (Bihar);02435;08702;N;E;+05:30
India;Sarh (U P);02614;08020;N;E;+05:30
India;Saria (M P);02142;08320;N;E;+05:30
India;Sarigh Jilganang Lake;03443;07939;N;E;+05:30
India;Sarila (U P);02547;07940;N;E;+05:30
India;Sarira (U P);02526;08119;N;E;+05:30
India;Sarkeshpur (Karnataka);01253;07547;N;E;+05:30
India;Sarkuri Tala (Rajasthan);02739;07052;N;E;+05:30
India;Sarmatnar (Bihar);02421;08539;N;E;+05:30
India;Sarmera (Bihar);02516;08547;N;E;+05:30
India;Sarnath (U P);02523;08302;N;E;+05:30
India;Saroda (Orissa);01945;08429;N;E;+05:30
India;Sarotra (Gujarat);02424;07236;N;E;+05:30
India;Sarpatha (U P);02606;08231;N;E;+05:30
India;Sarsawa (U P);03001;07724;N;E;+05:30
India;Sarsi Istamrar (Bihar);02551;08718;N;E;+05:30
India;Sarsol;01902;07301;N;E;+05:30
India;Sarsuna;02228;08818;N;E;+05:30
India;Saru Peak (Bihar);02333;08433;N;E;+05:30
India;Sarupsar (Rajasthan);02925;07350;N;E;+05:30
India;Sarurpur (U P);02902;07214;N;E;+05:30
India;Sarwai (M P);02511;08017;N;E;+05:30
India;Sarwan Khas (Bihar);02433;08459;N;E;+05:30
India;Sarwar River (Rajasthan);02602;07504;N;E;+05:30
India;Sasaram (Bihar);02458;08401;N;E;+05:30
India;Sashendi;02625;08009;N;E;+05:30
India;Sasni (U P);02743;07805;N;E;+05:30
India;Saspul Gompa;03415;07709;N;E;+05:30
India;Sasvad (Maharashtra);01820;07401;N;E;+05:30
India;Satana (Maharashtra);02038;07412;N;E;+05:30
India;Satara (Maharashtra);01743;07405;N;E;+05:30
India;Satbaria;02225;08833;N;E;+05:30
India;Satdog (U P);03014;07821;N;E;+05:30
India;Satgachia (West Bengal);02316;08808;N;E;+05:30
India;Satgawan (Bihar);02442;08552;N;E;+05:30
India;Satghara;02244;08821;N;E;+05:30
India;Satheri (U P);02914;07740;N;E;+05:30
India;Sathi;03426;07747;N;E;+05:30
India;Sathri (U P);02643;08204;N;E;+05:30
India;Sathyamangalam;01131;07715;N;E;+05:30
India;Satna (M P);02433;08050;N;E;+05:30
India;Satopanth mt (U P);03049;07914;N;E;+05:30
India;Satrikh (U P);02651;08112;N;E;+05:30
India;Sattenapalle (Andra Pradesh);01627;08010;N;E;+05:30
India;Sattenkulam;00827;07756;N;E;+05:30
India;Satti (J & K);03426;07747;N;E;+05:30
India;Sattur (Tamilnadu);00923;07756;N;E;+05:30
India;Satuli;02233;08834;N;E;+05:30
India;Satwas (M P);02232;07642;N;E;+05:30
India;Satyamangalam (Tamilnadu);01131;07715;N;E;+05:30
India;Sauda (Maharashtra);02105;07558;N;E;+05:30
India;Saugor;02350;07843;N;E;+05:30
India;Sauma (U P);02802;07756;N;E;+05:30
India;Saundatti (Karnataka);01547;07510;N;E;+05:30
India;Saunkh (U P);02724;07730;N;E;+05:30
India;Saunsar (M P);02142;07852;N;E;+05:30
India;Saunshi;01512;07521;N;E;+05:30
India;Sausar (M P);02142;07852;N;E;+05:30
India;Savali (Gujarat);02233;07316;N;E;+05:30
India;Savantvadi;01458;07527;N;E;+05:30
India;Savantvadi (Maharashtra);01555;07352;N;E;+05:30
India;Savantvanad (Maharashtra);01552;07348;N;E;+05:30
India;Savanur (Karnataka);01458;07527;N;E;+05:30
India;Savda;02110;07558;N;E;+05:30
India;Sawai Madhopur River (Rajastha;02600;07628;N;E;+05:30
India;Sawar (Rajasthan);02546;07515;N;E;+05:30
India;Sayalkudi (Tamilnadu);00909;07826;N;E;+05:30
India;Sdirpur;02121;07456;N;E;+05:30
India;Secunderabad (Andra Pradesh);01727;07827;N;E;+05:30
India;Sedha (Bihar);02518;08425;N;E;+05:30
India;Sehani Khurd;02842;07725;N;E;+05:30
India;Sehara (West Bengal);02305;08749;N;E;+05:30
India;Sehera Bazar;02306;08749;N;E;+05:30
India;Sehore (M P);02312;07708;N;E;+05:30
India;Selghar;01857;07302;N;E;+05:30
India;Semapur (Bihar);02532;08728;N;E;+05:30
India;Semaria;02447;08108;N;E;+05:30
India;Sembiem (Tamilnadu);01307;08015;N;E;+05:30
India;Semli Kalan;02410;07639;N;E;+05:30
India;Semrauta (U P);02628;08124;N;E;+05:30
India;Sendamangalam;01118;07814;N;E;+05:30
India;Sendhwa;02141;07506;N;E;+05:30
India;Senduranja (Maharashtra);02106;07804;N;E;+05:30
India;Senthal;02831;07932;N;E;+05:30
India;Seohara (U P);02913;07835;N;E;+05:30
India;Seondha (M P);02609;07847;N;E;+05:30
India;Seoni Malwa (M P);02229;07731;N;E;+05:30
India;Seoni (H. P.);03114;07706;N;E;+05:30
India;Seoni (M P);02206;07936;N;E;+05:30
India;Seoni (Maharashtra);01938;07950;N;E;+05:30
India;Seorinarayan (M P);02146;08240;N;E;+05:30
India;Sepau River (Rajasthan);02649;07745;N;E;+05:30
India;Sepon (Assam);02708;09451;N;E;+05:30
India;Serai (M P);02433;07806;N;E;+05:30
India;Seram (Karnataka);01713;07714;N;E;+05:30
India;Serampore (West Bengal);02244;08821;N;E;+05:30
India;Seringapatam (Karnataka);01225;07642;N;E;+05:30
India;Sermadevi;00840;07734;N;E;+05:30
India;Seruna (Rajasthan);02806;07346;N;E;+05:30
India;Sesai Buzurg (M P);02519;07737;N;E;+05:30
India;Sesaipura (M P);02533;07711;N;E;+05:30
India;Set Mahet (U P);02732;08205;N;E;+05:30
India;Sethal (U P);02831;07932;N;E;+05:30
India;Sevagram;02045;07830;N;E;+05:30
India;Sevaith (U P);02535;08153;N;E;+05:30
India;Seven Pagodas;01237;08013;N;E;+05:30
India;Sewani (Haryana);02858;07539;N;E;+05:30
India;Shabganj;02603;08241;N;E;+05:30
India;Shadiabad (U P);02541;08322;N;E;+05:30
India;Shafakhana (U P);02910;07909;N;E;+05:30
India;Shafban;02739;07956;N;E;+05:30
India;Shagaon;02047;07641;N;E;+05:30
India;Shahabad (Andra Pradesh);01709;07805;N;E;+05:30
India;Shahabad *Hardoi (U P);02739;07957;N;E;+05:30
India;Shahabad (Karnataka);01707;07658;N;E;+05:30
India;Shahabad (Punjab);03009;07652;N;E;+05:30
India;Shahabad (Rajasthan);02515;07709;N;E;+05:30
India;Shahabad (U P);02730;08005;N;E;+05:30
India;Shahada (Maharashtra);02132;07430;N;E;+05:30
India;Shahapur (Karnataka);01551;07438;N;E;+05:30
India;Shahapur (Maharashtra);01925;07320;N;E;+05:30
India;Shahdara (Delhi);02840;07718;N;E;+05:30
India;Shahdol (M P);02319;08126;N;E;+05:30
India;Shahdur Pass (J & K);03605;07240;N;E;+05:30
India;Shahganj *Jaunpur (U P);02603;08241;N;E;+05:30
India;Shahganj *Mirzapur (U P);02442;08257;N;E;+05:30
India;Shahgarh (M P);02418;07908;N;E;+05:30
India;Shahgarh (Rajasthan);02708;06956;N;E;+05:30
India;Shahjahanpur (U P);02753;07955;N;E;+05:30
India;Shahpur *Betul (M P);02212;07758;N;E;+05:30
India;Shahpur (Karnataka);01642;07647;N;E;+05:30
India;Shahpur *Mandla (M P);02300;08103;N;E;+05:30
India;Shahpur *Nimai (M P);02113;07615;N;E;+05:30
India;Shahpur *Sagar (M P);02352;07902;N;E;+05:30
India;Shahpura (M P);02311;08042;N;E;+05:30
India;Shahpura (Rajasthan);02538;07501;N;E;+05:30
India;Shahzadpur (Haryana);03026;07701;N;E;+05:30
India;Shaikhpura (Bihar);02509;08551;N;E;+05:30
India;Shajalpur;02312;07546;N;E;+05:30
India;Shajapur (M P);02327;07621;N;E;+05:30
India;Shakarpura;02846;07721;N;E;+05:30
India;Shaksgam (J & K);03608;07631;N;E;+05:30
India;Shakurpur (Delhi);02841;07708;N;E;+05:30
India;Shalkar (H. P.);03200;07833;N;E;+05:30
India;Shalunli Mount (Assam);02858;09602;N;E;+05:30
India;Shalurah (J & K);03430;07408;N;E;+05:30
India;Sham Churasi;03130;07545;N;E;+05:30
India;Shamhu (Bihar);02519;08613;N;E;+05:30
India;Shamli (U P);02927;07718;N;E;+05:30
India;Shamsabad (Andra Pradesh);01713;07842;N;E;+05:30
India;Shamsabad *Agra (U P);02701;07807;N;E;+05:30
India;Shamsabad *Farrukhabad (U P);02731;07926;N;E;+05:30
India;Shamsher;02844;07724;N;E;+05:30
India;Shamsi (West Bengal);02516;08801;N;E;+05:30
India;Shanabad;01709;07805;N;E;+05:30
India;Shankargarh (U P);02511;08137;N;E;+05:30
India;Shanti Niketan (West Bengal);02342;08741;N;E;+05:30
India;Shantipur (West Bengal);02314;08829;N;E;+05:30
India;Shapura (M P);02310;08045;N;E;+05:30
India;Sharafabad;02836;07723;N;E;+05:30
India;Sharavati (Karnataka);01417;07424;N;E;+05:30
India;Shardi;03447;07417;N;E;+05:30
India;Sharfuddinpur (Bihar);02607;08533;N;E;+05:30
India;Sheakhala;02246;08810;N;E;+05:30
India;Shegaon (Maharashtra);02048;07642;N;E;+05:30
India;Shehabad;03010;07653;N;E;+05:30
India;Sheik Budin;03216;07048;N;E;+05:30
India;Sheikhpura;02509;08550;N;E;+05:30
India;Shekhawati (Rajasthan);02755;07450;N;E;+05:30
India;Shencottah (Tamilnadu);00859;07715;N;E;+05:30
India;Sheo;02611;07115;N;E;+05:30
India;Sheo River;02611;07114;N;E;+05:30
India;Sheoganj;02509;07304;N;E;+05:30
India;Sheohar;02631;08518;N;E;+05:30
India;Sheopur (M P);02541;07642;N;E;+05:30
India;Sher Qila (J & K);03605;07403;N;E;+05:30
India;Shergaon;02706;09216;N;E;+05:30
India;Shergarh *Jodhpur (Rajasthan);02619;07224;N;E;+05:30
India;Shergarh *Kota (Rajasthan);02441;07632;N;E;+05:30
India;Shergarh (U P);02748;07739;N;E;+05:30
India;Sherghati (Bihar);02434;08448;N;E;+05:30
India;Sherpur (U P);02536;08349;N;E;+05:30
India;Shertally (Kerala);00942;07620;N;E;+05:30
India;Shet Bandar;01858;07256;N;E;+05:30
India;Sheva;01856;07257;N;E;+05:30
India;Sheva Nhava;01858;07258;N;E;+05:30
India;Shevegaon (Maharashtra);01921;07514;N;E;+05:30
India;Shigar (J & K);03527;07543;N;E;+05:30
India;Shiggaon (Karnataka);01500;07528;N;E;+05:30
India;Shikarpur (Bihar);02707;08428;N;E;+05:30
India;Shikarpur (Karnataka);01416;07518;N;E;+05:30
India;Shikarpur (U P);02817;07800;N;E;+05:30
India;Shikohabad (U P);02706;07835;N;E;+05:30
India;Shil;01909;07303;N;E;+05:30
India;Shillong (Meghlaya);02535;09153;N;E;+05:30
India;Shimoga (Karnataka);01356;07531;N;E;+05:30
India;Shingarh;02632;08115;N;E;+05:30
India;Shinghshal Pass (J & K);03626;07538;N;E;+05:30
India;Shingo Pass (J & K);03300;07710;N;E;+05:30
India;Shingshal (J & K);03629;07519;N;E;+05:30
India;Shirakol;02218;08816;N;E;+05:30
India;Shiraone;01903;07301;N;E;+05:30
India;Shirpur (Maharashtra);02121;07453;N;E;+05:30
India;Shiv (Rajasthan);02611;07114;N;E;+05:30
India;Shivaganga (Tamilnadu);00951;07832;N;E;+05:30
India;Shivgarh (U P);02632;08115;N;E;+05:30
India;Shivhar (Bihar);02631;08518;N;E;+05:30
India;Shivpuri (M P);02526;07739;N;E;+05:30
India;Shivrajpur (U P);02641;08009;N;E;+05:30
India;Shiyali;01115;07945;N;E;+05:30
India;Sholapur (Maharashtra);01743;07556;N;E;+05:30
India;Sholavandan;01000;07800;N;E;+05:30
India;Sholinghur;01307;07925;N;E;+05:30
India;Shor (H. P.);03250;07630;N;E;+05:30
India;Shoranur (Kerala);01046;07615;N;E;+05:30
India;Shorapur (Karnataka);01631;07645;N;E;+05:30
India;Shri Mohangarh (Rajasthan);02717;07118;N;E;+05:30
India;Shrigonda (Maharashtra);01839;07444;N;E;+05:30
India;Shrirampur (West Bengal);02244;08821;N;E;+05:30
India;Shrirangapattana (Karnataka);01225;07641;N;E;+05:30
India;Shuganu (Manipur);02419;09350;N;E;+05:30
India;Shujalpur (M P);02324;07643;N;E;+05:30
India;Shupiyan (J & K);03343;07450;N;E;+05:30
India;Shushas;03337;07840;N;E;+05:30
India;Shushot (J & K);03403;07740;N;E;+05:30
India;Shyamdih;02347;08656;N;E;+05:30
India;Shyampur (West Bengal);02217;08801;N;E;+05:30
India;Shyok (J & K);03413;07812;N;E;+05:30
India;Sialkot;03229;07433;N;E;+05:30
India;Sialsuk;02324;09245;N;E;+05:30
India;Siat (U P);02607;08351;N;E;+05:30
India;Sibong (Manipur);02421;09418;N;E;+05:30
India;Sibpur;02234;08819;N;E;+05:30
India;Sibsagar (Assam);02658;09439;N;E;+05:30
India;Siddhavattam (Andra Pradesh);01428;07901;N;E;+05:30
India;Siddipet (Andra Pradesh);01807;07801;N;E;+05:30
India;Sidhapur (Gujarat);02355;07223;N;E;+05:30
India;Sidhauli (U P);02718;08050;N;E;+05:30
India;Sidhi (M P);02424;08154;N;E;+05:30
India;Sidhipur;02357;07228;N;E;+05:30
India;Sidhout;01430;07858;N;E;+05:30
India;Sidhpura (U P);02738;07851;N;E;+05:30
India;Sidlaghatta (Karnataka);01325;07753;N;E;+05:30
India;Sidli (Assam);02631;09030;N;E;+05:30
India;Sihawa (M P);02024;08152;N;E;+05:30
India;Sihawal (M P);02435;08214;N;E;+05:30
India;Sihor *Bhavnagar (Gujarat);02143;07159;N;E;+05:30
India;Sihor (M P);02544;07806;N;E;+05:30
India;Sihora (M P);02330;08009;N;E;+05:30
India;Sihora (Maharashtra);02128;07958;N;E;+05:30
India;Sika (Gujarat);02226;06947;N;E;+05:30
India;Sikandarabad;02827;07742;N;E;+05:30
India;Sikandarpur (U P);02602;08403;N;E;+05:30
India;Sikandra Rao (U P);02742;07821;N;E;+05:30
India;Sikandra *Kanpur (U P);02622;07938;N;E;+05:30
India;Sikandra *Agra (U P);02714;07756;N;E;+05:30
India;Sikandra *Allahabad (U P);02536;08159;N;E;+05:30
India;Sikandra (Bihar);02457;08602;N;E;+05:30
India;Sikandrabad *B Shahar (U P);02828;07742;N;E;+05:30
India;Sikandrabad *Kheri (U P);02757;08030;N;E;+05:30
India;Sikar River (Rajasthan);02733;07512;N;E;+05:30
India;Sikarhata (Bihar);02517;08429;N;E;+05:30
India;Sikaripara (Bihar);02514;08729;N;E;+05:30
India;Sikarpur;02236;08832;N;E;+05:30
India;Sikri Patti River (Rajasthan);02734;07705;N;E;+05:30
India;Sikrod;02843;07711;N;E;+05:30
India;Sikti (Bihar);02624;08733;N;E;+05:30
India;Silao (Bihar);02505;08525;N;E;+05:30
India;Silchar (Assam);02449;09247;N;E;+05:30
India;Silda (West Bengal);02237;08650;N;E;+05:30
India;Silghat (Assam);02636;09256;N;E;+05:30
India;Sili (Bihar);02324;08552;N;E;+05:30
India;Siliguri (West Bengal);02642;08826;N;E;+05:30
India;Silipur (M P);02605;07702;N;E;+05:30
India;Silkaripara;02414;08728;N;E;+05:30
India;Sillod (Maharashtra);02020;07542;N;E;+05:30
India;Silon (M P);02440;07949;N;E;+05:30
India;Silphuh;02344;08622;N;E;+05:30
India;Silvassa (Gujarat);02017;07300;N;E;+05:30
India;Silwani (M P);02320;07824;N;E;+05:30
India;Simaltala;02443;08633;N;E;+05:30
India;Simana Basti (West Bengal);02659;08809;N;E;+05:30
India;Simaria Ghat (Bihar);02525;08600;N;E;+05:30
India;Simaria (Bihar);02405;08458;N;E;+05:30
India;Simaria (M P);02447;08108;N;E;+05:30
India;Simbega;02235;08431;N;E;+05:30
India;Simbor Island;02046;07121;N;E;+05:30
India;Simdega (Bihar);02237;08431;N;E;+05:30
India;Simga;03107;07709;N;E;+05:30
India;Simla (H. P.);03106;07713;N;E;+05:30
India;Simlapal;02255;08705;N;E;+05:30
India;Simlipalgarh;02151;08623;N;E;+05:30
India;Simong Moling (Assam);02836;09503;N;E;+05:30
India;Simrahi (Bihar);02619;08651;N;E;+05:30
India;Simri Bakthiarpur (Bihar);02544;08636;N;E;+05:30
India;Simurali;02303;08830;N;E;+05:30
India;Sindari (Rajasthan);02535;07155;N;E;+05:30
India;Sindgi (Karnataka);01657;07615;N;E;+05:30
India;Sindhara (M P);02350;07712;N;E;+05:30
India;Sindhauli (U P);02758;07958;N;E;+05:30
India;Sindhnur (Karnataka);01546;07644;N;E;+05:30
India;Sindi (Maharashtra);02048;07859;N;E;+05:30
India;Sindkheda (Maharashtra);02117;07447;N;E;+05:30
India;Sindkhet (Maharashtra);01958;07610;N;E;+05:30
India;Sindri (Bihar);02345;08642;N;E;+05:30
India;Singa(Pass) (J & K);03551;07654;N;E;+05:30
India;Singahi (U P);02818;08054;N;E;+05:30
India;Singanallur (Tamilnadu);01101;07702;N;E;+05:30
India;Singapura (Orissa);01902;08246;N;E;+05:30
India;Singareni (Andra Pradesh);01733;08019;N;E;+05:30
India;Singe;02257;08826;N;E;+05:30
India;Singeri (Karnataka);01528;07648;N;E;+05:30
India;Singhana River (Rajasthan);02805;07552;N;E;+05:30
India;Singheshwar (Bihar);02600;08649;N;E;+05:30
India;Singhi;02337;08748;N;E;+05:30
India;Singia (Bihar);02551;08610;N;E;+05:30
India;Singing;02859;09450;N;E;+05:30
India;Singoli (M P);02459;07522;N;E;+05:30
India;Singpara;02240;08831;N;E;+05:30
India;Singra (Assam);02555;09110;N;E;+05:30
India;Singramau (U P);02556;08022;N;E;+05:30
India;Singri (Assam);02635;09230;N;E;+05:30
India;Singrimari (Assam);02545;08957;N;E;+05:30
India;Singur;02249;08814;N;E;+05:30
India;Singwara (M P);02326;08059;N;E;+05:30
India;Sinja Pass;03359;07615;N;E;+05:30
India;Sinnar (Maharashtra);01952;07402;N;E;+05:30
India;Sion Causeway *Bombay (Maharas;01904;07253;N;E;+05:30
India;Sir Muttra (Rajasthan);02631;07722;N;E;+05:30
India;Sira (Karnataka);01345;07653;N;E;+05:30
India;Sirampur;02408;08620;N;E;+05:30
India;Sirathu (U P);02539;08118;N;E;+05:30
India;Sirdala (Bihar);02440;08524;N;E;+05:30
India;Sirhali (Punjab);03108;07454;N;E;+05:30
India;Sirhind (Punjab);03039;07628;N;E;+05:30
India;Siri (Delhi);02832;07713;N;E;+05:30
India;Siris (Bihar);02455;08415;N;E;+05:30
India;Sirkabad;02316;08612;N;E;+05:30
India;Sirkazhi (Tamilnadu);01115;07945;N;E;+05:30
India;Sirmaur (M P);02450;08123;N;E;+05:30
India;Sirmur (H. P.);03030;07740;N;E;+05:30
India;Sirohi River (Rajasthan);02553;07258;N;E;+05:30
India;Sironcha (Maharashtra);01852;08001;N;E;+05:30
India;Sironj (M P);02405;07739;N;E;+05:30
India;Sirpur (Andra Pradesh);01921;07936;N;E;+05:30
India;Sirpur (Maharashtra);02012;07704;N;E;+05:30
India;Sirsa (Haryana);02932;07504;N;E;+05:30
India;Sirsa (U P);02516;08206;N;E;+05:30
India;Sirsaganj (U P);02702;07842;N;E;+05:30
India;Sirsi Basti (U P);02632;08306;N;E;+05:30
India;Sirsi (Karnataka);01440;07451;N;E;+05:30
India;Sirsi *Moradabad (U P);02838;07837;N;E;+05:30
India;Sirsilla (Andra Pradesh);01824;07848;N;E;+05:30
India;Sirsod (M P);02529;07730;N;E;+05:30
India;Sirsundi (Maharashtra);02028;08028;N;E;+05:30
India;Siruguppa (Karnataka);01541;07653;N;E;+05:30
India;Sirur (Karnataka);01608;07551;N;E;+05:30
India;Sirur (Maharashtra);01850;07423;N;E;+05:30
India;Sirvel (Andra Pradesh);01520;07832;N;E;+05:30
India;Sisaiya Thana (U P);02735;08120;N;E;+05:30
India;Sisolar (U P);02540;08050;N;E;+05:30
India;Siswa Bazar (U P);02709;08345;N;E;+05:30
India;Siswa Tal (U P);02727;08308;N;E;+05:30
India;Siswar (Bihar);02626;08628;N;E;+05:30
India;Sitalka;02457;08130;N;E;+05:30
India;Sitalkuchi;02610;08911;N;E;+05:30
India;Sitamarhi (Bihar);02636;08530;N;E;+05:30
India;Sitamau (M P);02401;07526;N;E;+05:30
India;Sitapur (U P);02511;08052;N;E;+05:30
India;Sitarampur;02343;08653;N;E;+05:30
India;Sitarampuram (Andra Pradesh);01511;07910;N;E;+05:30
India;Sitlaha (M P);02457;08130;N;E;+05:30
India;Siuri (West Bengal);02354;08732;N;E;+05:30
India;Siva Samudram (Karnataka);01216;07713;N;E;+05:30
India;Sivaganga (Tamilnadu);00950;07830;N;E;+05:30
India;Sivakasi (Tamilnadu);00926;07750;N;E;+05:30
India;Sivasamudram Island (Karnataka;01216;07708;N;E;+05:30
India;Sivok (West Bengal);02653;08825;N;E;+05:30
India;Siwaith;02535;08153;N;E;+05:30
India;Siwan (Bihar);02614;08421;N;E;+05:30
India;Siwana (Rajasthan);02537;07228;N;E;+05:30
India;Siwani;02858;07539;N;E;+05:30
India;Siyana (U P);02837;07804;N;E;+05:30
India;Skardu (J & K);03512;07535;N;E;+05:30
India;Sleemanabad (M P);02338;08018;N;E;+05:30
India;Sndhara;02350;07712;N;E;+05:30
India;Sobala (U P);03003;08036;N;E;+05:30
India;Sobhapur (M P);02247;07817;N;E;+05:30
India;Sobraon (Punjab);03108;07459;N;E;+05:30
India;Sodpur;02239;08823;N;E;+05:30
India;Sodurpur (M P);02324;07829;N;E;+05:30
India;Sohagi (M P);02459;08141;N;E;+05:30
India;Sohagpur (M P);02243;07814;N;E;+05:30
India;Sohar;02417;08220;N;E;+05:30
India;Soharkha;02835;07724;N;E;+05:30
India;Sohawal (M P);02435;08046;N;E;+05:30
India;Sohawal (U P);02644;08158;N;E;+05:30
India;Sohela (Orissa);02120;08324;N;E;+05:30
India;Sohna (Haryana);02815;07704;N;E;+05:30
India;Sojat River (Rajasthan);02553;07345;N;E;+05:30
India;Sojat Road (Rajasthan);02548;07349;N;E;+05:30
India;Sojitra;02233;07243;N;E;+05:30
India;Sojna (U P);02432;07854;N;E;+05:30
India;Solan (H. P.);03054;07706;N;E;+05:30
India;Solangari;02236;08827;N;E;+05:30
India;Solapur (Maharashtra);01743;07556;N;E;+05:30
India;Somdari (Rajasthan);02547;07238;N;E;+05:30
India;Somna;02802;07756;N;E;+05:30
India;Somnath (Gujarat);02050;07031;N;E;+05:30
India;Sompeta (Andra Pradesh);01858;08439;N;E;+05:30
India;Somvarpet (Karnataka);01238;07546;N;E;+05:30
India;Sonagarh (Gujarat);02110;07335;N;E;+05:30
India;Sonagir (M P);02544;07825;N;E;+05:30
India;Sonahatu (Bihar);02311;08548;N;E;+05:30
India;Sonahula (Bihar);02505;08709;N;E;+05:30
India;Sonai (Assam);01926;07454;N;E;+05:30
India;Sonaili Bazar;02537;08743;N;E;+05:30
India;Sonaj;02515;07749;N;E;+05:30
India;Sonakhan (M P);02134;08235;N;E;+05:30
India;Sonala (Maharashtra);02052;07701;N;E;+05:30
India;Sonamara (J & K);03418;07518;N;E;+05:30
India;Sonamukhi (West Bengal);02318;08725;N;E;+05:30
India;Sonamura (Tripura);02329;09114;N;E;+05:30
India;Sonapur (Orissa);02050;08358;N;E;+05:30
India;Sonari (Assam);02700;09504;N;E;+05:30
India;Sonaripur (U P);02826;08043;N;E;+05:30
India;Sonarpur (U P);02226;08825;N;E;+05:30
India;Sonatikri;02257;08820;N;E;+05:30
India;Sonbarsa;02651;08534;N;E;+05:30
India;Sonbarsa Raj (Bihar);02542;08643;N;E;+05:30
India;Sondar (J & K);03300;07558;N;E;+05:30
India;Sonepat (Haryana);02900;07701;N;E;+05:30
India;Sonepet (Maharashtra);01903;07631;N;E;+05:30
India;Sonepur (Bihar);02542;08513;N;E;+05:30
India;Sonepur (Orissa);02051;08555;N;E;+05:30
India;Songad (Gujarat);02142;07158;N;E;+05:30
India;Songir;02102;07451;N;E;+05:30
India;Sonhat (M P);02328;08235;N;E;+05:30
India;Sonipat (Haryana);02859;07701;N;E;+05:30
India;Sonkach (M P);02300;07624;N;E;+05:30
India;Sonkh;02724;07730;N;E;+05:30
India;Sonnagar (Bihar);02450;08415;N;E;+05:30
India;Sonpur (Bihar);02542;08511;N;E;+05:30
India;Sonpur (U P);02755;08143;N;E;+05:30
India;Sonthe (Bihar);02610;08746;N;E;+05:30
India;Sonwan (U P);02740;08145;N;E;+05:30
India;Sopur (J & K);03418;07428;N;E;+05:30
India;Sorab (Karnataka);01428;07509;N;E;+05:30
India;Sorada (Orissa);01945;08426;N;E;+05:30
India;Soraon (U P);02537;08151;N;E;+05:30
India;Sorbhog;02630;09052;N;E;+05:30
India;Soro (Orissa);02118;08649;N;E;+05:30
India;Soron (U P);02754;07845;N;E;+05:30
India;South Dumdum;02237;08825;N;E;+05:30
India;South Salmara;02555;09001;N;E;+05:30
India;South Suburban;02231;08819;N;E;+05:30
India;South Vijayapuri;01649;07933;N;E;+05:30
India;Soyet;02412;07610;N;E;+05:30
India;Spanggur (J & K);03330;07840;N;E;+05:30
India;Sri Dungargarh (Rajasthan);02805;07400;N;E;+05:30
India;Sri Ganganagar;02955;07353;N;E;+05:30
India;Sri Govindpur (Punjab);03142;07533;N;E;+05:30
India;Sri Hargobindpur;03141;07539;N;E;+05:30
India;Sri Hari Kota (Andra Pradesh);01345;08015;N;E;+05:30
India;Sri Kanta Mount (U P);03055;07851;N;E;+05:30
India;Sri Karanpur;02950;07327;N;E;+05:30
India;Sri Madhopur (Rajasthan);02726;07538;N;E;+05:30
India;Sri Mohangarh;02717;07114;N;E;+05:30
India;Sri Mohansingh (Rajasthan);02717;07118;N;E;+05:30
India;Sri Sailam (Andra Pradesh);01602;07856;N;E;+05:30
India;Srikakulam (Andra Pradesh);01819;08400;N;E;+05:30
India;Srikalahasti (Andra Pradesh);01348;07942;N;E;+05:30
India;Srimangala (Karnataka);01202;07558;N;E;+05:30
India;Srinagar (Bihar);02557;08722;N;E;+05:30
India;Srinagar *Garhwal (U P);03012;07847;N;E;+05:30
India;Srinagar *Hamirpur (U P);02511;07946;N;E;+05:30
India;Srinagar (J & K);03406;07448;N;E;+05:30
India;Sringeri (Karnataka);01326;07513;N;E;+05:30
India;Srirampur;02249;08829;N;E;+05:30
India;Srirangam (Tamilnadu);01052;07840;N;E;+05:30
India;Srirangapatnam;01225;07641;N;E;+05:30
India;Srisailam (Andra Pradesh);01606;07854;N;E;+05:30
India;Srivaikuntham (Tamilnadu);00840;07803;N;E;+05:30
India;Srivardhan (Maharashtra);01804;07803;N;E;+05:30
India;Srivilliputtur (Tamilnadu);00931;07738;N;E;+05:30
India;Srungavarapukota (Andra Prades;01805;08315;N;E;+05:30
India;St Thos Mount;01259;08011;N;E;+05:30
India;St. Thomas Mount (Tamilnadu);01259;08011;N;E;+05:30
India;Suar (U P);02901;07903;N;E;+05:30
India;Suatala;02309;07902;N;E;+05:30
India;Subankhata (Assam);02646;09124;N;E;+05:30
India;Subarnapur;02258;08834;N;E;+05:30
India;Subhepur;02845;07716;N;E;+05:30
India;Subipur;02254;08808;N;E;+05:30
India;Suchetgarh;03234;07440;N;E;+05:30
India;Sudarsan;02259;08817;N;E;+05:30
India;Sugandha;02254;08820;N;E;+05:30
India;Sugauli Bazar;02646;08444;N;E;+05:30
India;Suiabathan (Bihar);02451;08641;N;E;+05:30
India;Suigam (Gujarat);02410;07123;N;E;+05:30
India;Suitha (Bihar);02532;08507;N;E;+05:30
India;Sujanganj (U P);02547;08217;N;E;+05:30
India;Sujangarh Gurdaspur (Punjab);03219;07538;N;E;+05:30
India;Sujangarh River (Rajasthan);02743;07435;N;E;+05:30
India;Sujanpur (H. P.);03150;07633;N;E;+05:30
India;Sukchar;02242;08822;N;E;+05:30
India;Suket Jhalawar (Rajasthan);02421;07600;N;E;+05:30
India;Suket *Kota (Rajasthan);02440;07606;N;E;+05:30
India;Sukhpur (Bihar);02604;08633;N;E;+05:30
India;Suklara (West Bengal);02311;08620;N;E;+05:30
India;Sukma (M P);01822;08145;N;E;+05:30
India;Sulang (Assam);02711;09320;N;E;+05:30
India;Sulgura (Orissa);02157;08436;N;E;+05:30
India;Sullurpet;01344;08003;N;E;+05:30
India;Sultanabad;01835;07919;N;E;+05:30
India;Sultanpur;03158;07707;N;E;+05:30
India;Sultanpur Lodhi (Punjab);03115;07520;N;E;+05:30
India;Sultanpur (M P);02306;07759;N;E;+05:30
India;Sultanpur (U P);02615;08204;N;E;+05:30
India;Sultanpura *Kapurthala (Punjab;03113;07512;N;E;+05:30
India;Sultanpura *Saharanpur (U P);02945;07807;N;E;+05:30
India;Suluru (Andra Pradesh);01342;08001;N;E;+05:30
India;Sumdeo (H. P.);03126;07844;N;E;+05:30
India;Sumdo (J & K);03501;07841;N;E;+05:30
India;Sumnal (J & K);03545;07840;N;E;+05:30
India;Sunaj (M P);02515;07749;N;E;+05:30
India;Sunam (Punjab);03008;07548;N;E;+05:30
India;Sundargarh (Orissa);02207;08402;N;E;+05:30
India;Sundarnagar (H. P.);03132;07653;N;E;+05:30
India;Sundarpahar (Bihar);02446;08722;N;E;+05:30
India;Sundarsi (M P);02312;07630;N;E;+05:30
India;Supa (Karnataka);01518;07435;N;E;+05:30
India;Supaul Saharsa (Bihar);02607;08636;N;E;+05:30
India;Supaul *Darbanga (Bihar);02557;08615;N;E;+05:30
India;Supkhar;02212;08056;N;E;+05:30
India;Supur (West Bengal);02301;08652;N;E;+05:30
India;Surada (Orissa);01946;08429;N;E;+05:30
India;Surajgaon (Rajasthan);02818;07548;N;E;+05:30
India;Surat (Gujarat);02110;07250;N;E;+05:30
India;Suratganj (U P);02712;08120;N;E;+05:30
India;Suratgarh (Rajasthan);02919;07354;N;E;+05:30
India;Suratgarli (Rajasthan);02920;07359;N;E;+05:30
India;Surendrnnagar (Gujarat);02242;07141;N;E;+05:30
India;Surgana (Maharashtra);02032;07340;N;E;+05:30
India;Suri *Birbhum (West Bengal);02355;08732;N;E;+05:30
India;Suria;02251;08833;N;E;+05:30
India;Surianwan (U P);02528;08222;N;E;+05:30
India;Suriapet (Andra Pradesh);01709;07937;N;E;+05:30
India;Surjagarh (Maharashtra);01936;08028;N;E;+05:30
India;Surpura (Rajasthan);02741;07325;N;E;+05:30
India;Sursand (Bihar);02638;08543;N;E;+05:30
India;Sursingh (Punjab);03122;07445;N;E;+05:30
India;Surunia Hill (West Bengal);02323;08700;N;E;+05:30
India;Surwaya (M P);02526;07750;N;E;+05:30
India;Susner (M P);02348;07608;N;E;+05:30
India;Sutahata;02208;08807;N;E;+05:30
India;Sutak (J & K);03312;07728;N;E;+05:30
India;Suthiana;02831;07726;N;E;+05:30
India;Suthri (Gujarat);02302;06856;N;E;+05:30
India;Swamthalli (Karnataka);01452;07638;N;E;+05:30
India;Swarupnagar;02249;08852;N;E;+05:30
India;Syambazar (West Bengal);02252;08740;N;E;+05:30
India;Syampur;02229;08813;N;E;+05:30
India;Tadepalligudem;01650;08130;N;E;+05:30
India;Tadpatri (Andra Pradesh);01455;07759;N;E;+05:30
India;Tadwale (Maharashtra);01826;07610;N;E;+05:30
India;Taiabpur (Bihar);02622;08813;N;E;+05:30
India;Taipudia (Assam);02741;09425;N;E;+05:30
India;Tajobum (Assam);02822;09634;N;E;+05:30
India;Tajpur (Bihar);02551;08541;N;E;+05:30
India;Takal (M P);02143;07632;N;E;+05:30
India;Takapalle (Andra Pradesh);01555;07916;N;E;+05:30
India;Takhatpur (M P);02202;08155;N;E;+05:30
India;Taki;02236;08855;N;E;+05:30
India;Takipur;02419;08758;N;E;+05:30
India;Takpa Shirl Mount (Assam);02810;09252;N;E;+05:30
India;Tal Lah;02219;08718;N;E;+05:30
India;Tala;02343;08102;N;E;+05:30
India;Talaja (Gujarat);02120;07208;N;E;+05:30
India;Talala *Junagarh (Gujarat);02100;07039;N;E;+05:30
India;Talap (Assam);02743;09534;N;E;+05:30
India;Talbahat (U P);02502;07826;N;E;+05:30
India;Talband;02201;08621;N;E;+05:30
India;Talcher (Orissa);02100;08518;N;E;+05:30
India;Taldangra (West Bengal);02302;08706;N;E;+05:30
India;Talegaon *Poona (Maharashtra);01841;07414;N;E;+05:30
India;Talegaon *Wardha (Maharashtra);02020;07810;N;E;+05:30
India;Talen (M P);02332;07648;N;E;+05:30
India;Talgram (U P);02703;07940;N;E;+05:30
India;Talguppa (Karnataka);01412;07450;N;E;+05:30
India;Talihari (Bihar);02505;08744;N;E;+05:30
India;Talikota (Karnataka);01631;07620;N;E;+05:30
India;Taliparamba (Karnataka);01203;07521;N;E;+05:30
India;Taloda (Maharashtra);02132;07411;N;E;+05:30
India;Taloje Budrukh;01905;07305;N;E;+05:30
India;Talong (Assam);02731;09256;N;E;+05:30
India;Talpada (Orissa);02110;08322;N;E;+05:30
India;Talsa;02249;08833;N;E;+05:30
India;Talsana (Orissa);02220;08405;N;E;+05:30
India;Talwandi Bhai;03051;07456;N;E;+05:30
India;Tamar;02302;08540;N;E;+05:30
India;Tambaram;01255;08007;N;E;+05:30
India;Tamkuhi (U P);02641;08411;N;E;+05:30
India;Tamluk (West Bengal);02219;08800;N;E;+05:30
India;Tamma;02511;09342;N;E;+05:30
India;Tamna;02315;08621;N;E;+05:30
India;Tanakpur (U P);02904;08006;N;E;+05:30
India;Tanda Urmar (Punjab);03138;07544;N;E;+05:30
India;Tanda *Faizabad (U P);02633;08239;N;E;+05:30
India;Tanda (H. P.);03135;07654;N;E;+05:30
India;Tanda *Rampur (U P);02858;07857;N;E;+05:30
India;Tandaurmar (Punjab);03140;07549;N;E;+05:30
India;Tandawara (M P);01920;08112;N;E;+05:30
India;Tandi (H. P.);03232;07700;N;E;+05:30
India;Tandiala (Punjab);03132;07506;N;E;+05:30
India;Tandor Karim Nagar (Andra Prad;01910;07922;N;E;+05:30
India;Tandur Hyd. (Andra Pradesh);01717;07733;N;E;+05:30
India;Tangala;02640;09157;N;E;+05:30
India;Tangasseri (Karnataka);00854;07635;N;E;+05:30
India;Tangi;01956;08524;N;E;+05:30
India;Tangla (Assam);02640;09200;N;E;+05:30
India;Tangmarg;03402;07426;N;E;+05:30
India;Tangtse;03402;07811;N;E;+05:30
India;Tangu La Pass;02855;09409;N;E;+05:30
India;Tankhala (Gujarat);02158;07250;N;E;+05:30
India;Tankse (J & K);03403;07813;N;E;+05:30
India;Tanot River (Rajasthan);02744;07017;N;E;+05:30
India;Tantipara;02354;08722;N;E;+05:30
India;Tantpur River (U P);02651;07729;N;E;+05:30
India;Tanuku (Andra Pradesh);01648;08145;N;E;+05:30
India;Tanur (Kerala);01059;07552;N;E;+05:30
India;Tapa;03019;07521;N;E;+05:30
India;Tapal (Maharashtra);02129;07505;N;E;+05:30
India;Tapasi;02340;08708;N;E;+05:30
India;Tappal (U P);02802;07734;N;E;+05:30
India;Tara (Gujarat);02400;07151;N;E;+05:30
India;Tarabganj (U P);02657;08159;N;E;+05:30
India;Tarahuwan (U P);02512;08054;N;E;+05:30
India;Tarai (M P);02438;07756;N;E;+05:30
India;Taraia;02605;08453;N;E;+05:30
India;Tarakeswar;02254;08802;N;E;+05:30
India;Taranagar (Rajasthan);02840;07506;N;E;+05:30
India;Taranga Hill (Gujarat);02400;07243;N;E;+05:30
India;Tarangambadi (Tamilnadu);01104;07950;N;E;+05:30
India;Tarapur (Bihar);02505;08639;N;E;+05:30
India;Tarapur (Maharashtra);01952;07242;N;E;+05:30
India;Taratanr;02358;08629;N;E;+05:30
India;Tardah;02227;08831;N;E;+05:30
India;Tardehi (M P);02318;07922;N;E;+05:30
India;Targa;02227;08440;N;E;+05:30
India;Tarikere (Karnataka);01343;07549;N;E;+05:30
India;Tariyod (Kerala);01142;07557;N;E;+05:30
India;Tarn Taran;03127;07455;N;E;+05:30
India;Tarna (H. P.);03048;07727;N;E;+05:30
India;Tasgaon (Maharashtra);01704;07441;N;E;+05:30
India;Taunsa (Bihar);02457;08509;N;E;+05:30
India;Tawang (Assam);02734;09154;N;E;+05:30
India;Taxpur (Assam);02637;09258;N;E;+05:30
India;Teghra (Bihar);02531;08557;N;E;+05:30
India;Teharka (M P);02518;07854;N;E;+05:30
India;Tehatu (Bihar);02343;08832;N;E;+05:30
India;Tehri (U P);03021;07829;N;E;+05:30
India;Tehta;02507;08500;N;E;+05:30
India;Tejpur (Assam);02637;09250;N;E;+05:30
India;Teju (Aru. Pradesh.);02755;09611;N;E;+05:30
India;Tekari (Bihar);02457;08450;N;E;+05:30
India;Tekkali (Andra Pradesh);01837;08415;N;E;+05:30
India;Tekmal (Andra Pradesh);01759;07802;N;E;+05:30
India;Tela;02844;07720;N;E;+05:30
India;Tellar (Tamilnadu);01225;07933;N;E;+05:30
India;Tellicherry (Kerala);01145;07532;N;E;+05:30
India;Telwabazar (Bihar);02442;08633;N;E;+05:30
India;Tenali (Andra Pradesh);01613;08042;N;E;+05:30
India;Tendukheda (M P);02308;07855;N;E;+05:30
India;Tengra;02248;08832;N;E;+05:30
India;Tenkasi (Tamilnadu);00858;07722;N;E;+05:30
India;Tentra (M P);02612;07718;N;E;+05:30
India;Tentulia;02250;08828;N;E;+05:30
India;Teonthar (M P);02500;08138;N;E;+05:30
India;Teraht;02502;08030;N;E;+05:30
India;Terakanambi (Karnataka);01150;07644;N;E;+05:30
India;Teram Kangri (J & K);03542;07703;N;E;+05:30
India;Teramangiri (J & K);03545;07800;N;E;+05:30
India;Terdal;01630;07503;N;E;+05:30
India;Terhagachh (Bihar);02624;08741;N;E;+05:30
India;Terwara (Gujarat);02402;07143;N;E;+05:30
India;Tesgaon;01702;07436;N;E;+05:30
India;Tetaria (Bihar);02624;08512;N;E;+05:30
India;Tetrawan (Bihar);02508;08534;N;E;+05:30
India;Tevaram (Tamilnadu);00955;07718;N;E;+05:30
India;Tezan (U P);02959;08008;N;E;+05:30
India;Tezpur (Assam);02638;09249;N;E;+05:30
India;Tezu (Assam);02754;09610;N;E;+05:30
India;Thagaon (M P);02310;08220;N;E;+05:30
India;Thai Dat (J & K);03515;07930;N;E;+05:30
India;Thair (Maharashtra);01822;07614;N;E;+05:30
India;Thakurdwara (U P);02912;07852;N;E;+05:30
India;Thakurdwari;02234;08828;N;E;+05:30
India;Thakurpukur;02228;08819;N;E;+05:30
India;Thakurtola (M P);02140;08101;N;E;+05:30
India;Thakurvadi;01854;07304;N;E;+05:30
India;Thana Bhawan (U P);02935;07725;N;E;+05:30
India;Thana Gazi River (Rajasthan);02723;07618;N;E;+05:30
India;Thana Kasba (Rajasthan);02513;07720;N;E;+05:30
India;Thana (Maharashtra);01914;07302;N;E;+05:30
India;Thanagaon (U P);02728;08115;N;E;+05:30
India;Thandla (M P);02300;07438;N;E;+05:30
India;Thaneshar (Haryana);02959;07649;N;E;+05:30
India;Thangra (J & K);03314;07855;N;E;+05:30
India;Thanikudi (Kerala);00932;07718;N;E;+05:30
India;Thanjavur (Tamilnadu);01046;07909;N;E;+05:30
India;Thanlon (Manipur);02418;09317;N;E;+05:30
India;Thara (Gujarat);02400;07151;N;E;+05:30
India;Tharad (Gujarat);02426;07144;N;E;+05:30
India;Tharet (M P);02601;07839;N;E;+05:30
India;Thargram (West Bengal);02226;08700;N;E;+05:30
India;Thari Sonaraj (Bihar);02424;08654;N;E;+05:30
India;Tharoch (H. P.);03059;07742;N;E;+05:30
India;Thati Katur (U P);03036;07840;N;E;+05:30
India;Thekma (U P);02553;08257;N;E;+05:30
India;Then;03226;07544;N;E;+05:30
India;Theog (H. P.);03107;07721;N;E;+05:30
India;Thiruppunithura;00956;07621;N;E;+05:30
India;Thkman;02553;08257;N;E;+05:30
India;Thondhe (J & K);03332;07700;N;E;+05:30
India;Thoubal (Manipur);02435;09400;N;E;+05:30
India;Thuthbari (U P);02726;08342;N;E;+05:30
India;Tibi River (Rajasthan);02923;07416;N;E;+05:30
India;Tibri (Haryana);02906;07703;N;E;+05:30
India;Tighara Reservoir;02614;07759;N;E;+05:30
India;Tigiria (Orissa);02028;08534;N;E;+05:30
India;Tijara (Rajasthan);02756;07655;N;E;+05:30
India;Tikaitnagar (U P);02657;08131;N;E;+05:30
India;Tikamgarh (M P);02444;07850;N;E;+05:30
India;Tikarpara Dam (Orissa);02032;08456;N;E;+05:30
India;Tiklik (H. P.);03122;07743;N;E;+05:30
India;Tikse (J & K);03401;07744;N;E;+05:30
India;Tikuiya;02420;08538;N;E;+05:30
India;Tikulia (Bihar);02657;08433;N;E;+05:30
India;Tilaiya (Bihar);02420;08538;N;E;+05:30
India;Tilaunia River;02638;07458;N;E;+05:30
India;Tilhar (U P);02759;07944;N;E;+05:30
India;Tilonia (Rajasthan);02638;07458;N;E;+05:30
India;Tiluria (West Bengal);02334;08659;N;E;+05:30
India;Timli (U P);03022;07743;N;E;+05:30
India;Timrani;02222;07713;N;E;+05:30
India;Timurni Muafi (M P);02222;07713;N;E;+05:30
India;Tinali (Assam);02805;09700;N;E;+05:30
India;Tindis;02135;08644;N;E;+05:30
India;Tindivanam (Tamilnadu);01215;07941;N;E;+05:30
India;Tindumal (Kerala);01150;07558;N;E;+05:30
India;Tindwari (U P);02537;08032;N;E;+05:30
India;Tinpahar;02500;08743;N;E;+05:30
India;Tinsukia (Assam);02728;09520;N;E;+05:30
India;Tiptur (Karnataka);01316;07629;N;E;+05:30
India;Tirap (Assam);02716;09546;N;E;+05:30
India;Tiri (J & K);03340;08002;N;E;+05:30
India;Tirodi (M P);02141;07942;N;E;+05:30
India;Tirthapalli (Karnataka);01341;07510;N;E;+05:30
India;Tirtol (Orissa);02017;08622;N;E;+05:30
India;Tiruchchirappalli (Tamilnadu);01049;07841;N;E;+05:30
India;Tiruchendur (Tamilnadu);00829;07807;N;E;+05:30
India;Tiruchengodu (Tamilnadu);01123;07756;N;E;+05:30
India;Tirukkalukkunram;01237;08004;N;E;+05:30
India;Tirukkoyilur (Tamilnadu);01159;07913;N;E;+05:30
India;Tirumangalam (Tamilnadu);00950;07810;N;E;+05:30
India;Tirumayam (Tamilnadu);01015;07846;N;E;+05:30
India;Tirunelvelli (Tamilnadu);00845;07743;N;E;+05:30
India;Tirupati (Andra Pradesh);01339;07925;N;E;+05:30
India;Tirupattur (Tamilnadu);01007;07839;N;E;+05:30
India;Tirupparangunram;00953;07805;N;E;+05:30
India;Tiruppattur;01008;07837;N;E;+05:30
India;Tiruppur (Tamilnadu);01105;07720;N;E;+05:30
India;Tirur;01054;07555;N;E;+05:30
India;Tiruthurapundi;01031;07939;N;E;+05:30
India;Tiruttani (Andra Pradesh);01312;07935;N;E;+05:30
India;Tirutturaippundi (Tamilnadu);01032;07939;N;E;+05:30
India;Tiruvalla (Kerala);00923;07634;N;E;+05:30
India;Tiruvallur (Tamilnadu);01045;07948;N;E;+05:30
India;Tiruvannamalai (Tamilnadu);01215;07905;N;E;+05:30
India;Tiruvettipuram (Tamilnadu);01240;07933;N;E;+05:30
India;Tiruvotrivur;01241;07932;N;E;+05:30
India;Tiruvottiyur;01309;08018;N;E;+05:30
India;Tiruvuru (Andra Pradesh);01706;08038;N;E;+05:30
India;Tirwa (U P);02658;07949;N;E;+05:30
India;Tisatyanvilai (Tamilnadu);00820;07753;N;E;+05:30
India;Titabar (Assam);02636;09412;N;E;+05:30
India;Titagarh (West Bengal);02244;08824;N;E;+05:30
India;Tithwal (J & K);03424;07347;N;E;+05:30
India;Titilagarh (Orissa);02018;08311;N;E;+05:30
India;Titron (U P);02940;07720;N;E;+05:30
India;Tiuni (U P);03057;07751;N;E;+05:30
India;Tivari (Rajasthan);02634;07256;N;E;+05:30
India;Toda Bhim River (Rajasthan);02652;07649;N;E;+05:30
India;Toda Rai Singh (Rajasthan);02601;07535;N;E;+05:30
India;Toda (Rajasthan);02600;07528;N;E;+05:30
India;Todgarh River (Rajasthan);02538;07358;N;E;+05:30
India;Tohana (Haryana);02941;07558;N;E;+05:30
India;Tondhre;01905;07308;N;E;+05:30
India;Tondi (Tamilnadu);00944;07900;N;E;+05:30
India;Tonk (Rajasthan);02610;07550;N;E;+05:30
India;Tonwada;01801;07552;N;E;+05:30
India;Topchanchi;02354;08612;N;E;+05:30
India;Tori Fatehpur (M P);02527;07906;N;E;+05:30
India;Tori (Bihar);02344;08448;N;E;+05:30
India;Tosham (Haryana);02856;07558;N;E;+05:30
India;Totanala;02205;08740;N;E;+05:30
India;Tranquebar;01104;07950;N;E;+05:30
India;Travancore (Kerala);00900;07700;N;E;+05:30
India;Tribeni;02259;08824;N;E;+05:30
India;Tribeniganj (Bihar);02609;08653;N;E;+05:30
India;Trichendur (Tamilnadu);00830;07811;N;E;+05:30
India;Trichur (Kerala);01032;07614;N;E;+05:30
India;Triloknath (H. P.);03242;07641;N;E;+05:30
India;Tripunittura (Kerala);00956;07621;N;E;+05:30
India;Trisul Mount (U P);03019;07948;N;E;+05:30
India;Triuni;03056;07751;N;E;+05:30
India;Trivandrum (Kerala);00830;07657;N;E;+05:30
India;Trombay (Maharashtra);01901;07258;N;E;+05:30
India;Tsokr (J & K);03320;07800;N;E;+05:30
India;Tsunthang (Sikkim);02738;08835;N;E;+05:30
India;Tudaram (Andra Pradesh);01851;07930;N;E;+05:30
India;Tuensang (Nagaland);02616;09445;N;E;+05:30
India;Tufanganj;02619;08940;N;E;+05:30
India;Tulasi Mount (M P);01842;08204;N;E;+05:30
India;Tulieng (Assam);02739;09618;N;E;+05:30
India;Tuljapur (Maharashtra);01803;07610;N;E;+05:30
India;Tulsihata (West Bengal);02527;08754;N;E;+05:30
India;Tulsipur (Bihar);02522;08703;N;E;+05:30
India;Tulsipur (U P);02732;08224;N;E;+05:30
India;Tulung La Pass;02749;09216;N;E;+05:30
India;Tumain;02429;07743;N;E;+05:30
India;Tumbal (Tamilnadu);01153;07836;N;E;+05:30
India;Tumkur (Karnataka);01321;07705;N;E;+05:30
India;Tumsar (Maharashtra);02124;07948;N;E;+05:30
India;Tumudibandh (Orissa);01959;08346;N;E;+05:30
India;Tuna (Gujarat);02259;07004;N;E;+05:30
India;Tundi (Bihar);02358;08625;N;E;+05:30
India;Tundla (U P);02713;07814;N;E;+05:30
India;Tungabhadra Dam (Karnataka);01500;07550;N;E;+05:30
India;Tuni (Andra Pradesh);01721;08233;N;E;+05:30
India;Tura (Meghlaya);02532;09014;N;E;+05:30
India;Turaiyur (Tamilnadu);01113;07835;N;E;+05:30
India;Turambhe;01904;07301;N;E;+05:30
India;Turavanur;01427;07626;N;E;+05:30
India;Turkauliya (Bihar);02636;08449;N;E;+05:30
India;Turki Kharar (Bihar);02619;08521;N;E;+05:30
India;Turtipar;02610;08354;N;E;+05:30
India;Turuvanur (Karnataka);01427;07626;N;E;+05:30
India;Tuticorin (Tamilnadu);00848;07810;N;E;+05:30
India;Ubaidullah Ganj;02259;07736;N;E;+05:30
India;Uchana;02928;07610;N;E;+05:30
India;Udagamandalam (Tamilnadu);01128;07642;N;E;+05:30
India;Udainagar (M P);02233;07613;N;E;+05:30
India;Udaipur *Udaipur (Rajasthan);02436;07347;N;E;+05:30
India;Udaipur *Jhunjhunu (Rajasthan);02740;07532;N;E;+05:30
India;Udaipur (Orissa);02141;08558;N;E;+05:30
India;Udaipur (Rajasthan);02430;07550;N;E;+05:30
India;Udaiyarpalayam (Tamilnadu);01115;07920;N;E;+05:30
India;Udala;02135;08634;N;E;+05:30
India;Udalguri (Assam);02646;09208;N;E;+05:30
India;Udamalpet (Tamilnadu);01037;07716;N;E;+05:30
India;Udankudi;00826;07801;N;E;+05:30
India;Udayagiri Hill (Orissa);02018;08551;N;E;+05:30
India;Udayagiri (Andra Pradesh);01454;07918;N;E;+05:30
India;Udayagiri (M P);02331;07747;N;E;+05:30
India;Udayagiri (Orissa);01908;08425;N;E;+05:30
India;Udayapur (M P);02355;07803;N;E;+05:30
India;Udgir;01826;07711;N;E;+05:30
India;Udhampur (J & K);03256;07508;N;E;+05:30
India;Udi (U P);02643;07856;N;E;+05:30
India;Udipi (Karnataka);01323;07445;N;E;+05:30
India;Udit River (Rajasthan);02732;07245;N;E;+05:30
India;Udumalaipettai (Tamilnadu);01037;07716;N;E;+05:30
India;Ugu (U P);02648;08019;N;E;+05:30
India;Ujhani (U P);02800;07900;N;E;+05:30
India;Ujjain (M P);02311;07550;N;E;+05:30
India;Ukhimat;03031;07906;N;E;+05:30
India;Ukhra;02339;08714;N;E;+05:30
India;Ukhrul (Manipur);02508;09424;N;E;+05:30
India;Ula;02243;08833;N;E;+05:30
India;Uldan (U P);02524;07902;N;E;+05:30
India;Ulhasnagar (Maharashtra);01913;07307;N;E;+05:30
India;Ulubaria;02228;08806;N;E;+05:30
India;Uludangar;02251;08831;N;E;+05:30
India;Ulva;01859;07302;N;E;+05:30
India;Umar Khed (Maharashtra);01936;07746;N;E;+05:30
India;Umaria (M P);02330;08052;N;E;+05:30
India;Umarkot (Orissa);01939;08218;N;E;+05:30
India;Umarpada (Gujarat);02126;07333;N;E;+05:30
India;Umbargaon (Gujarat);02012;07248;N;E;+05:30
India;Umbarpada (Gujarat);02126;07327;N;E;+05:30
India;Umbroli;01911;07306;N;E;+05:30
India;Umlaiteng (Assam);02548;09203;N;E;+05:30
India;Ummarkota;01939;08218;N;E;+05:30
India;Ummerrhed (Maharashtra);01932;07738;N;E;+05:30
India;Umrer (Rajasthan);02050;07924;N;E;+05:30
India;Umreth (Gujarat);02242;07307;N;E;+05:30
India;Umri (M P);02448;07718;N;E;+05:30
India;Umri (Maharashtra);01900;07738;N;E;+05:30
India;Una (H. P.);03128;07619;N;E;+05:30
India;Unao (M P);02536;07836;N;E;+05:30
India;Unarsi (M P);02418;07721;N;E;+05:30
India;Unaul;02628;08317;N;E;+05:30
India;Unawal (U P);02638;08317;N;E;+05:30
India;Unchahra (M P);02422;08046;N;E;+05:30
India;Uncholia (U P);02748;08005;N;E;+05:30
India;Uniara Tonk (Rajasthan);02554;07603;N;E;+05:30
India;Uniara *Tonk (Rajasthan);02608;07516;N;E;+05:30
India;Unjha (Gujarat);02348;07224;N;E;+05:30
India;Unnao (U P);02632;08030;N;E;+05:30
India;Uperbada (Orissa);02210;08607;N;E;+05:30
India;Upleta (Gujarat);02147;07021;N;E;+05:30
India;Uppinangadi (Karnataka);01250;07513;N;E;+05:30
India;Uprara (M P);02239;08248;N;E;+05:30
India;Upshi (J & K);03350;07226;N;E;+05:30
India;Uraghum;01026;07615;N;E;+05:30
India;Urakam (Kerala);01026;07615;N;E;+05:30
India;Uran (Maharashtra);01851;07259;N;E;+05:30
India;Uravanonda (Andra Pradesh);01457;07715;N;E;+05:30
India;Uri (J & K);03405;07403;N;E;+05:30
India;Urma;02310;08615;N;E;+05:30
India;Urmar Tanda;03142;07538;N;E;+05:30
India;Urun  Islampur;01703;07416;N;E;+05:30
India;Usaihat (U P);02722;07914;N;E;+05:30
India;Usas (Bihar);02503;08445;N;E;+05:30
India;Uska (U P);02712;08307;N;E;+05:30
India;Usrahar (U P);02657;07918;N;E;+05:30
India;Uterlai (Rajasthan);02550;07130;N;E;+05:30
India;Utgir (Rajasthan);02608;07657;N;E;+05:30
India;Utraula (U P);02720;08225;N;E;+05:30
India;Uttamapalaiyam (Tamilnadu);00948;07720;N;E;+05:30
India;Uttangarai (Tamilnadu);01216;07835;N;E;+05:30
India;Uttarkashi (U P);03044;07819;N;E;+05:30
India;Uttarpara;02240;08821;N;E;+05:30
India;Vada (Maharashtra);01940;07311;N;E;+05:30
India;Vadi;01856;07306;N;E;+05:30
India;Vadnagar (Gujarat);02348;07240;N;E;+05:30
India;Vadodara (Gujarat);02219;07314;N;E;+05:30
India;Vagra (Gujarat);02146;07248;N;E;+05:30
India;Vaijapur (Maharashtra);01958;07446;N;E;+05:30
India;Vaikam (Kerala);00946;07624;N;E;+05:30
India;Vairowal (Punjab);03122;07510;N;E;+05:30
India;Vaishnav Devi (J & K);03300;07459;N;E;+05:30
India;Vaiyampatti;01033;07819;N;E;+05:30
India;Vajpur (Gujarat);02121;07343;N;E;+05:30
India;Vakaner;02235;07100;N;E;+05:30
India;Vaklan;01907;07306;N;E;+05:30
India;Vala Ull;01902;07307;N;E;+05:30
India;Valap;01903;07308;N;E;+05:30
India;Valdavur (Tamilnadu);01201;07944;N;E;+05:30
India;Valha (Maharashtra);01815;07413;N;E;+05:30
India;Vallabhipur (Gujarat);02052;07158;N;E;+05:30
India;Vallikodu (Kerala);00913;07650;N;E;+05:30
India;Valparai (Tamilnadu);01019;07658;N;E;+05:30
India;Valpoy (Maharashtra);01532;07405;N;E;+05:30
India;Valsad (Gujarat);02040;07255;N;E;+05:30
India;Vandavasi;01230;07937;N;E;+05:30
India;Vaniyambadi (Tamilnadu);01243;07837;N;E;+05:30
India;Vansada (Gujarat);02047;07325;N;E;+05:30
India;Vanthali;02129;07020;N;E;+05:30
India;Varahi (Gujarat);02348;07129;N;E;+05:30
India;Varanasi (U P);02520;08300;N;E;+05:30
India;Vardannapet (Andra Pradesh);01747;07934;N;E;+05:30
India;Varkallai;00840;07650;N;E;+05:30
India;Varttirayirupu (Tamilnadu);00938;07737;N;E;+05:30
India;Vasai (Maharashtra);01921;07248;N;E;+05:30
India;Vasar;01911;07309;N;E;+05:30
India;Vashi;01904;07259;N;E;+05:30
India;Vathar (Maharashtra);01756;07414;N;E;+05:30
India;Vattalkundu;01010;07746;N;E;+05:30
India;Vav (Gujarat);02422;07132;N;E;+05:30
India;Vayalpad (Andra Pradesh);01338;07837;N;E;+05:30
India;Vayalpao (Andra Pradesh);01338;07840;N;E;+05:30
India;Vayittiri (Kerala);01131;07602;N;E;+05:30
India;Vedaranniyam (Tamilnadu);01022;07951;N;E;+05:30
India;Vedasandur (Tamilnadu);01033;07758;N;E;+05:30
India;Vehar;01911;07253;N;E;+05:30
India;Velachha (Gujarat);02126;07306;N;E;+05:30
India;Velapada;01859;07304;N;E;+05:30
India;Veldurti (Andra Pradesh);01535;07755;N;E;+05:30
India;Vellore (Tamilnadu);01256;07909;N;E;+05:30
India;Velpura (Andra Pradesh);01653;08138;N;E;+05:30
India;Vemalwada (Andra Pradesh);01830;07853;N;E;+05:30
India;Vempalle (Andra Pradesh);01420;07826;N;E;+05:30
India;Vengurla (Maharashtra);01553;07341;N;E;+05:30
India;Venkatagiri Kota (Andra Prades;01300;07834;N;E;+05:30
India;Venkatagiri (Andra Pradesh);01359;07935;N;E;+05:30
India;Venkatapalem (Orissa);01805;08140;N;E;+05:30
India;Venkatapuram (Andra Pradesh);01819;08034;N;E;+05:30
India;Venukonda (Andra Pradesh);01604;07947;N;E;+05:30
India;Veraval (Gujarat);02053;07028;N;E;+05:30
India;Vetapalemu (Andra Pradesh);01547;08019;N;E;+05:30
India;Vettaikkeranpudur;01034;07656;N;E;+05:30
India;Vidisha (M P);02330;07750;N;E;+05:30
India;Vijapur (Gujarat);02334;07245;N;E;+05:30
India;Vijayadurg;01634;07322;N;E;+05:30
India;Vijayanagar;01520;07630;N;E;+05:30
India;Vijayanagram (Andra Pradesh);01807;08325;N;E;+05:30
India;Vijayapati (Tamilnadu);00812;07745;N;E;+05:30
India;Vijayapuri;01652;07935;N;E;+05:30
India;Vijayawada (Andra Pradesh);01634;08040;N;E;+05:30
India;Vikarabad (Andra Pradesh);01720;07754;N;E;+05:30
India;Vikramasingapuram;00843;07724;N;E;+05:30
India;Vilattikulam (Tamilnadu);00910;07811;N;E;+05:30
India;Vilayankod (Tamilnadu);00817;07713;N;E;+05:30
India;Villupuram (Tamilnadu);01156;07929;N;E;+05:30
India;Vindhyachal (U P);02510;08230;N;E;+05:30
India;Vinjhan (Gujarat);02304;06902;N;E;+05:30
India;Vinukonda (Andra Pradesh);01604;07945;N;E;+05:30
India;Viramgam (Gujarat);02308;07204;N;E;+05:30
India;Virarajendrapet (Karnataka);01212;07546;N;E;+05:30
India;Viravanallur;00842;07731;N;E;+05:30
India;Virdel (Maharashtra);02120;07444;N;E;+05:30
India;Virdhunagar;00935;07757;N;E;+05:30
India;Virpur (Gujarat);02151;07046;N;E;+05:30
India;Virudunagar (Tamilnadu);00936;07758;N;E;+05:30
India;Visapur (Maharashtra);01853;07442;N;E;+05:30
India;Visavadar (Gujarat);02122;07052;N;E;+05:30
India;Vishakhapatnam (Andra Pradesh);01742;08324;N;E;+05:30
India;Vishalgarh (Maharashtra);01655;07346;N;E;+05:30
India;Visnagar (Gujarat);02341;07236;N;E;+05:30
India;Vissannapeta (Andra Pradesh);01658;08050;N;E;+05:30
India;Viswema (Nagaland);02534;09410;N;E;+05:30
India;Vita (Maharashtra);01717;07433;N;E;+05:30
India;Vizagapatam;01742;08318;N;E;+05:30
India;Vizianagaram (Andra Pradesh);01807;08325;N;E;+05:30
India;Vontimitta (Andra Pradesh);01424;07900;N;E;+05:30
India;Vorjing Mt (Assam);02819;09420;N;E;+05:30
India;Vriddhachalam (Tamilnadu);01133;07920;N;E;+05:30
India;Vrindavan (U P);02735;07742;N;E;+05:30
India;Vuyyuru (Andra Pradesh);01623;08051;N;E;+05:30
India;Vyara (Gujarat);02109;07328;N;E;+05:30
India;Wadgaon *Akola (Maharashtra);02032;07700;N;E;+05:30
India;Wadgaon *Poona (Maharashtra);01846;07341;N;E;+05:30
India;Wadi (Karnataka);01700;07700;N;E;+05:30
India;Waghai (Gujarat);02047;07331;N;E;+05:30
India;Wai (Maharashtra);01757;07357;N;E;+05:30
India;Waidhan;02404;08220;N;E;+05:30
India;Wainganga (M P);02230;08006;N;E;+05:30
India;Wairagarh (Maharashtra);02028;08009;N;E;+05:30
India;Walajapet (Tamilnadu);01256;07923;N;E;+05:30
India;Walong (Assam);02808;09658;N;E;+05:30
India;Waltair (Andra Pradesh);01745;08325;N;E;+05:30
India;Walterganj (U P);02651;08244;N;E;+05:30
India;Wandiwash (Tamilnadu);01233;07935;N;E;+05:30
India;Wangtu (H. P.);03132;07802;N;E;+05:30
India;Wani;02004;07857;N;E;+05:30
India;Wankaner (Gujarat);02237;07160;N;E;+05:30
India;Wanparti (Andra Pradesh);01622;07804;N;E;+05:30
India;Wapt;02022;07254;N;E;+05:30
India;Warangal (Andra Pradesh);01800;07935;N;E;+05:30
India;Waraseoni (M P);02145;08008;N;E;+05:30
India;Wardha (Maharashtra);02041;07840;N;E;+05:30
India;Waris Aliganj (Bihar);02501;08538;N;E;+05:30
India;Waronda (Maharashtra);01927;07759;N;E;+05:30
India;Warora (Maharashtra);02015;07905;N;E;+05:30
India;Warsi Aliganj;02502;08539;N;E;+05:30
India;Warsinagar (Bihar);02557;08552;N;E;+05:30
India;Warud (Maharashtra);02129;07822;N;E;+05:30
India;Washim (Maharashtra);02006;07709;N;E;+05:30
India;Wasi (Maharashtra);01833;07550;N;E;+05:30
India;Wati;02802;09659;N;E;+05:30
India;Wavonda;01927;07759;N;E;+05:30
India;Wazirganj (Bihar);02447;08515;N;E;+05:30
India;Wedaon;02106;07745;N;E;+05:30
India;Weir;02701;07711;N;E;+05:30
India;Wellington;01123;07647;N;E;+05:30
India;Wer (Rajasthan);02700;07711;N;E;+05:30
India;Wokha;02606;09416;N;E;+05:30
India;Wular (J & K);03420;07437;N;E;+05:30
India;Wun (Maharashtra);02000;07858;N;E;+05:30
India;Yadgir (Karnataka);01646;07708;N;E;+05:30
India;Yadiki (Andra Pradesh);01504;07754;N;E;+05:30
India;Yallareddi (Andra Pradesh);01813;07800;N;E;+05:30
India;Yalvigi (Karnataka);01510;07516;N;E;+05:30
India;Yamnotri (U P);03057;07823;N;E;+05:30
India;Yamunanagar (Haryana);03007;07718;N;E;+05:30
India;Yanam (Andra Pradesh);01644;08213;N;E;+05:30
India;Yasin (J & K);03623;07323;N;E;+05:30
India;Yaval;02110;07542;N;E;+05:30
India;Yavatmal (Maharashtra);02024;07808;N;E;+05:30
India;Yedatore (Karnataka);01228;07622;N;E;+05:30
India;Yelandur (Karnataka);01203;07700;N;E;+05:30
India;Yellandu (Andra Pradesh);01739;08023;N;E;+05:30
India;Yellapur (Karnataka);01459;07446;N;E;+05:30
India;Yellareddi (Andra Pradesh);01810;07759;N;E;+05:30
India;Yemmiganur;01546;07732;N;E;+05:30
India;Yenur (Karnataka);01300;07506;N;E;+05:30
India;Yeola;02002;07429;N;E;+05:30
India;Yeotmal (Maharashtra);02020;07803;N;E;+05:30
India;Yercaud (Tamilnadu);01146;07811;N;E;+05:30
India;Yergara (Karnataka);01605;07727;N;E;+05:30
India;Yernagudem (Andra Pradesh);01701;08134;N;E;+05:30
India;Yeshvi;01855;07303;N;E;+05:30
India;Yol (H. P.);03212;07626;N;E;+05:30
India;Yomtam (Assam);02746;09337;N;E;+05:30
India;Zafarabad (U P);02542;08244;N;E;+05:30
India;Zahirabad (Andra Pradesh);01741;07737;N;E;+05:30
India;Zaidpur (U P);02650;08120;N;E;+05:30
India;Zalkhi (Karnataka);01718;07550;N;E;+05:30
India;Zamaniah (U P);02526;08334;N;E;+05:30
India;Zangla (J & K);03340;07701;N;E;+05:30
India;Zankvav;02126;07334;N;E;+05:30
India;Zaskar (J & K);03330;07700;N;E;+05:30
India;Zeyadah Kot;02227;08820;N;E;+05:30
India;Zira (Punjab);03058;07459;N;E;+05:30
India;Zirapur;02401;07622;N;E;+05:30
India;Ziro;02738;09342;N;E;+05:30
India;Zoji La Pass (J & K);03418;07531;N;E;+05:30
Denmark;Aabenraa;05500;00930;N;E;+01:00
Germany;Aachen;05047;00604;N;E;+01:00
Denmark;Aalborg;05702;00954;N;E;+01:00
Denmark;Aarhus;05608;01011;N;E;+01:00
Iran;Abadan;03022;04820;N;E;+03:30
Pakistan;Abbottabad;03410;07315;N;E;+05:30
U.K.;Aberdeen;05709;00206;N;W;-00:00
Saudi Arabia;Abha;01801;04300;N;E;+03:00
Ivory Coast;Abidjan;00526;00358;N;W;-00:00
U.A.E.;Abu Dhabi;02428;05436;N;E;+04:00
Niger;Abuja;00904;00705;N;E;+01:00
Ghana;Accra;00535;00006;N;W;-00:00
Ireland;Achill Is.;05358;01005;N;W;-00:00
Bahrain;Acklins I.;02230;07400;N;W;+04:00
Argentina;Aconcagua;03239;07000;S;W;-03:00
Cameroon;Adamawa Highlands;00720;01220;N;E;+01:00
Turkey;Adana;03700;03516;N;E;+03:00
Turkey;Adapazari;04048;03025;N;E;+03:00
Ethiopia;Addis Ababa;00902;03842;N;E;+03:00
Australia;Adelaide;03452;13830;S;E;+09:30
Yemen North;Aden;01245;04500;N;E;+03:00
Algeria;Adrar;02751;00011;N;W;+01:00
U.S.A.;Afognak I.;05810;15250;N;W;-05:00
Japan;Agano;03750;13930;N;E;+09:00
France;Agen;04412;03800;N;E;+01:00
Greece;Agrinion;03838;02825;N;E;+02:00
Mexico;Aguascalientes;02300;10106;N;W;-06:00
Philippines;Agusan;00920;12550;N;E;+08:00
Iran;Ahvaz;03120;04840;N;E;+03:30
Japan;Aizuwakamatsu;03730;13956;N;E;+09:00
New Zealand;Akaroa;04349;17259;S;E;+12:00
Japan;Akita;03944;14005;N;E;+09:00
U.S.A.;Akron;04107;08131;N;W;-05:00
China;Aksu;04110;08020;N;E;+08:00
Kazakhstan;Aktyubinsk;05017;05710;N;E;+05:00
Iceland;Akureyri;06540;01806;N;W;-00:00
Iraq;Al Basrah;03030;04750;N;E;+03:00
Saudi Arabia;Al Hufuf;02525;04945;N;E;+03:00
Kuwait;Al Jahrah;02925;04740;N;E;+03:00
Libya;Al Jawf;02308;02300;N;E;+01:00
Oman;Al Khabura;02357;05705;N;E;+04:00
Libya;Al Khums;03239;01416;N;E;+01:00
Oman;Al Masira I.;02025;05850;N;E;+04:00
Saudi Arabia;Al Oatif;02635;05000;N;E;+03:00
Libya;Al Oatrun;02456;01503;N;E;+01:00
China;Ala Shan;04000;10400;N;E;+08:00
U.S.A.;Alabama (Alabama);03300;08700;N;W;-05:00
Finland;Aland;06015;02000;N;E;+02:00
U.S.A.;Alaska Penin.;05600;16000;N;W;-05:00
U.S.A.;Alaska Ra.;06250;15100;N;W;-05:00
U.S.A.;Alaska;06500;15000;N;W;-05:00
Spain;Albacete;03900;00150;N;W;+01:00
Australia;Albany;03501;11758;S;E;+09:30
U.S.A.;Albuquerque;03505;10647;N;W;-05:00
Australia;Albury;03603;14656;S;E;+09:30
Spain;Alcala;04028;00322;N;W;+01:00
Russia;Aldan;06328;12935;N;E;+02:00
France;Alencon;04825;00005;N;E;+01:00
Syria;Aleppo;03610;03715;N;E;+02:00
Norway;Alesund;06228;00612;N;E;+01:00
U.S.A.;Alexander Arch;05700;13500;N;W;-05:00
New Zealand;Alexandra;04514;16925;S;E;+12:00
Egypt;Alexandria;03100;03000;N;E;+02:00
Algeria;Algiers;03642;00308;N;E;+01:00
U.S.A.;Allegheny Mts.;03800;08000;N;W;-05:00
Kazakhstan;Alma-Ata;04315;07657;N;E;+05:00
Brazil;Almelcim;00130;05235;S;W;-03:00
Spain;Almeria;03652;00227;N;W;+01:00
Indonesia;Alor;00815;12430;S;E;+07:00
Norway;Alta;07000;02315;N;E;+01:00
Norway;Altaelv;06950;02330;N;E;+01:00
Brazil;Altamira;00313;05215;S;W;-03:00
China;Alxa Zuoqi;03858;10535;N;E;+08:00
Australia;Alyangula;01355;13630;S;E;+09:30
Australia;Amadeus L.;02454;13100;S;E;+09:30
Brazil;Amapa;01020;06935;S;W;-03:00
Iraq;Amara;03157;04712;N;E;+03:00
U.S.A.;Amarillo;03514;10146;N;W;-05:00
U.S.A.;Amazon;00005;05000;S;W;-05:00
Sri Lanka;Ambalangoda;00615;08005;N;E;+05:30
Russia;Ambarchik;06940;16220;N;E;+02:00
Ecuador;Ambato;00105;07842;S;W;-05:00
Indonesia;Ambon;00335;12820;S;E;+07:00
Madeira;Ambre D C.;01158;04914;S;E;-01:00
China;Amdo;03222;09107;N;E;+08:00
U.S.A.;American Samoa;01420;17040;S;W;-05:00
Russia;Amga;06100;13200;N;E;+02:00
Jordan;Amman;03157;03552;N;E;+02:00
Netherlands;Amsterdam;05223;00454;N;E;+01:00
Vietnam;An Nhon;01355;10907;N;E;+07:00
Russia;Anadyr;06435;17720;N;E;+02:00
U.S.A.;Anaheim;03350;11800;N;W;-05:00
Japan;Anan;03354;13440;N;E;+09:00
U.S.A.;Anchorage;06110;14950;N;W;-05:00
Norway;Andaisnes;06235;00743;N;E;+01:00
Spain;Andalusia;03735;00500;N;W;+01:00
Afghanistan;Andkhui;03652;06508;N;E;+04:30
U.S.A.;Andreanof Is.;05100;17800;N;W;-05:00
Italy;Andria;04113;01617;N;E;+01:00
Bahrain;Andros I.;02430;07800;N;W;+04:00
Russia;Angara;05830;09700;N;E;+02:00
Russia;Angarsk;05230;10400;N;E;+02:00
Sweden;Ange;06231;01535;N;E;+01:00
France;Angers;04730;00035;N;W;+01:00
Greece;Angmagssalik;06535;03800;N;W;+02:00
France;Angouleme;04539;00010;N;E;+01:00
Barbados;Anguilla;01814;06305;N;W;-04:00
China;Ankang;03238;10905;N;E;+08:00
Turkey;Ankara;04000;03254;N;E;+03:00
U.S.A.;Ann Arbor;04217;08345;N;W;-05:00
Algeria;Annaba;03650;00746;N;E;+01:00
U.S.A.;Annapolis;03900;07613;N;W;-05:00
China;Anshan;04105;12258;N;E;+08:00
China;Anshun;02618;10557;N;E;+08:00
Turkey;Antalya;03652;03045;N;E;+03:00
Madeira;Antananarivo;01855;04731;S;E;-01:00
Canada;Anticosti I;04930;06300;N;W;-05:00
Guam;Antigua;01434;09041;N;W;+10:00
Chile;Antofagasta;02350;07030;S;W;-04:00
Madeira;Antsiranama;01108;04900;S;E;-01:00
Belgium;Antwerp;05113;00425;N;E;+01:00
Sri Lanka;Anuradhapura;00822;08028;N;E;+05:30
China;Anyang;03605;11421;N;E;+08:00
Japan;Aogo-Shima;03228;13946;N;E;+09:00
Japan;Aomori;04045;14045;N;E;+09:00
Italy;Apennines;04420;01020;N;E;+01:00
U.S.A.;Appalachian Mts.;03800;08000;N;W;-05:00
Jordan;Aqaba;02931;03500;N;E;+02:00
Egypt;Arabian Desert;02600;03330;N;E;+02:00
Brazil;Aracaju;01055;03704;S;W;-03:00
Romania;Arad;04610;02120;N;E;+02:00
Brazil;Araguaia;00521;04841;S;W;-03:00
Brazil;Araguari;01838;04811;S;W;-03:00
Myanmar;Arakan Yoma;02000;09440;N;E;+06:00
Ireland;Aran Is.;05500;00830;N;W;-00:00
Turkey;Ararat;03950;04415;N;E;+03:00
Colombia;Arauca;00700;07040;N;W;-05:00
Norway;Arendal;05828;00846;N;E;+01:00
Peru;Arequipa;01620;07130;S;W;-05:00
China;Arica;01832;07020;S;W;+08:00
Brazil;Arinos;01115;05700;S;W;-03:00
Brazil;Aripuana;00730;06025;S;W;-03:00
U.S.A.;Arizona;03420;11130;N;W;-05:00
U.S.A.;Arkansas;03348;09104;N;W;-05:00
Russia;Arkhangelsk;06440;04100;N;E;+02:00
Australia;Armidale;03030;15140;S;E;+09:30
U.K.;Arran Is.;05534;00512;N;W;-00:00
France;Arras;05017;00246;N;E;+01:00
Uruguay;Artigas;03020;05630;S;W;-03:00
Indonesia;Aru Is;00600;13430;S;E;+07:00
Nepal;Arun;02730;08715;N;E;+05:30
Sri Lanka;Aruvi;00848;07953;N;E;+05:30
Mongolia;Arvayheer;04615;10248;N;E;+08:00
Sweden;Arvidsjaur;06535;01910;N;E;+01:00
Saudi Arabia;As Summan;02500;04700;N;E;+03:00
Australia;Ashburton;02140;11456;S;E;+09:30
Japan;Ashizuri C.;03235;13250;N;E;+09:00
Turkmenistan;Ashkhabad;03800;05750;N;E;+04:00
Saudi Arabia;Asir;01840;04230;N;E;+03:00
Ethiopia;Asmera;01519;03855;N;E;+03:00
New Zealand;Aspiring Mt.;04423;16846;S;E;+12:00
Russia;Astrakhan;04625;04805;N;E;+02:00
Paraguay;Asuncion;02510;05730;S;W;-04:00
Egypt;Aswan;02404;03257;N;E;+02:00
Egypt;Asyut;02711;03104;N;E;+02:00
China;Atacama Desert;02400;06020;S;W;+08:00
Mauritania;Atar;02030;01305;N;W;-00:00
Sudan;Atbara;01742;03359;N;E;+02:00
Canada;Athabasca L.;05915;10951;N;W;-05:00
Canada;Athabasca;05840;11050;N;W;-05:00
Greece;Athens;03758;02346;N;E;+02:00
Australia;Atherton;01717;14530;S;E;+09:30
U.S.A.;Atlanta;03350;08424;N;W;-05:00
Laos;Attopeu;01448;10650;N;E;+07:00
New Zealand;Auckland;03652;17446;S;E;+12:00
Germany;Augsburg;04822;01054;N;E;+01:00
Australia;Augustus Mt.;02237;11808;S;E;+09:30
India;Aurangabad;02448;08424;N;E;+05:30
Australia;Austin L;02740;11800;S;E;+09:30
U.S.A.;Austin;03020;09745;N;W;-05:00
Australia;Australian Alps;03630;14830;S;E;+09:30
France;Avignon;04357;00450;N;E;+01:00
Spain;Avila;04039;00443;N;W;+01:00
U.K.;Avon;05200;00209;N;W;-00:00
Thailand;Ayutthaya;01425;10030;N;E;+07:00
Panama;Azuero Penin.;00730;08030;N;W;-05:00
Vietnam;Ba Don;01745;10626;N;E;+07:00
Indonesia;Babar;00800;12930;S;E;+07:00
Brazil;Bacabal;00415;04445;S;W;-03:00
Indonesia;Bacan Gr.;00050;12730;S;E;+07:00
Romania;Bacau;04635;02655;N;E;+02:00
Philippines;Bacolod;01040;12257;N;E;+08:00
Spain;Badajoz;03850;00659;N;W;+01:00
Spain;Badalona;04126;00215;N;E;+01:00
Pakistan;Badin;02438;06854;N;E;+05:30
Sri Lanka;Badulla;00701;08107;N;E;+05:30
Canada;Baffin B.;07200;06400;N;W;-05:00
Canada;Baffin I.;06800;07500;N;W;-05:00
Iraq;Baghdad;03320;04430;N;E;+03:00
Bangladesh;Bagherhat;02240;08947;N;E;+06:00
Afghanistan;Baghlan;03612;06900;N;E;+04:30
Nepal;Baglun;02816;08335;N;E;+05:30
Philippines;Baguio;01626;12034;N;E;+08:00
Pakistan;Bahawalnagar;03000;07315;N;E;+05:30
Argentina;Bahia Blanca;03835;06213;S;W;-03:00
Sudan;Bahr el Ghazal;00700;02800;N;E;+02:00
Brazil;Baido;00200;04909;S;W;-03:00
Nepal;Baitadi;02935;08025;N;E;+05:30
U.S.A.;Bakersfield;03525;11900;N;W;-05:00
Hungary;Bakony Forest;04710;01730;N;E;+01:00
U.K.;Bala L.;05253;00338;N;W;-00:00
Panama;Balboa;00900;07930;N;W;-05:00
New Zealand;Balclutha;04615;16945;S;E;+12:00
Spain;Balearic Is.;03930;00300;N;E;+01:00
Indonesia;Bali;00820;11500;S;E;+07:00
Turkey;Balikesir;03935;02758;N;E;+03:00
Indonesia;Balikpapan;00110;11655;S;E;+07:00
Bulgaria;Balkans;04315;02300;N;E;+02:00
Kazakhstan;Balkhash L.;04600;07450;N;E;+05:00
Australia;Ballarat;03733;14350;S;E;+09:30
Pakistan;Baluchistan;02730;06500;N;E;+05:30
Mali;Bamako;01234;00755;N;W;-00:00
Cen. Afr. Rep.;Bambari;00540;02035;N;E;+01:00
Afghanistan;Bamiyan;03500;06700;N;E;+04:30
Indonesia;Banda Acch;00535;09520;N;E;+07:00
Indonesia;Banda;00530;09520;N;E;+07:00
Japan;Bandai;03736;14004;N;E;+09:00
Brunei;Bandar Seri Begawan;00452;11500;N;E;+08:00
Indonesia;Bandung;00654;10736;S;E;+07:00
Indonesia;Banggai Arch.;00146;12331;S;E;+07:00
Malaysia;Banggi;00750;11700;N;E;+08:00
Indonesia;Bangka;00230;10530;S;E;+07:00
Thailand;Bangkok;01345;10035;N;E;+07:00
Cen. Afr. Rep.;Bangui;00423;01835;N;E;+01:00
Zambia;Bangweulu;01100;03000;S;E;+02:00
Dominica;Bani;01816;07022;N;W;-04:00
Bosnia & Herz.;Banja Luka;04447;01711;N;E;+01:00
Indonesia;Banjarmasin;00320;11435;S;E;+07:00
Gambia;Banjul;01328;01640;N;W;-00:00
Canada;Banks I;07315;12130;N;W;-05:00
New Zealand;Banks Penin.;04345;17315;S;E;+12:00
U.K.;Bann;05510;00634;N;W;-00:00
Pakistan;Bannu;03300;07018;N;E;+05:30
Slovenia;Banska Bystrica;04829;01850;N;E;+01:00
China;Baoding;03850;11528;N;E;+08:00
China;Baoji;03420;10705;N;E;+08:00
China;Baotou;04032;11002;N;E;+08:00
Spain;Baracaldo;04317;00259;N;W;+01:00
Dominica;Barahona;01813;07107;N;W;-04:00
U.S.A.;Baranof I.;05700;13510;N;W;-05:00
Spain;Barcelona;04121;00210;N;E;+01:00
Brazil;Barcelos;00059;06258;S;W;-03:00
Australia;Barcoo;02829;13746;S;E;+09:30
Italy;Bari;04106;01652;N;E;+01:00
Bangladesh;Barisal;02245;09020;N;E;+06:00
Indonesia;Barisan Mts;00330;10215;S;E;+07:00
Australia;Barkly Tableland;01750;13640;S;E;+09:30
Australia;Barlee L.;02915;11930;S;E;+09:30
Italy;Barletta;04120;01617;N;E;+01:00
Russia;Barnaul;05321;08345;N;E;+02:00
U.K.;Barnet;05137;00015;N;W;-00:00
U.K.;Barra Is.;05700;00730;N;W;-00:00
Colombia;Barranquilla;01100;07450;N;W;-05:00
Australia;Barrow Creek;02130;13555;S;E;+09:30
Ireland;Barrow;05210;00657;N;W;-00:00
Guyana;Bartica;00625;05840;N;W;-03:00
Philippines;Basilan;00640;12159;N;E;+08:00
U.K.;Basildon;05134;00029;N;E;-00:00
Switzerland;Basle;04735;00735;N;E;+01:00
Guadeloupe;Basse Terra;05600;06140;N;W;-04:00
St. Kitts-Nevis;Basseterre;01717;06243;N;E;-04:00
Australia;Batchelor;01304;13101;S;E;+09:30
Australia;Bathurst;03325;14931;S;E;+09:30
U.S.A.;Baton Rouge;03030;09105;N;W;-05:00
Cambodia;Battambang;01307;10312;N;E;+07:00
Sri Lanka;Batticaloa;00743;08145;N;E;+05:30
Indonesia;Baturaja;00411;10415;S;E;+07:00
Indonesia;Baubau;00525;12350;S;E;+07:00
Indonesia;Bawean;00546;11235;S;E;+07:00
Cuba;Bayamo;02020;07640;N;W;-05:00
Puerto Rico;Bayamon;01824;06610;N;W;-04:00
Russia;Baykal L.;05300;10800;N;E;+02:00
South Africa;Beaufort;03221;02235;S;E;+02:00
U.S.A.;Beaumont;03005;09408;N;W;-05:00
Australia;Bedourie;02420;13917;S;E;+09:30
Israel;Beersheba;03115;03448;N;E;+02:00
Pakistan;Behawalpur;02924;07140;N;E;+05:30
China;Beihei;02201;01009;N;E;+08:00
China;Beijing;03955;11620;N;E;+08:00
Mozambique;Beira;01950;03452;S;E;+02:00
Lebanon;Beirut;03353;03531;N;E;+02:00
Algeria;Bejaia;03642;00513;N;E;+01:00
Hungary;Bekescsaba;04640;02105;N;E;+01:00
Pakistan;Bela;02612;06620;N;E;+05:30
Canada;Belcher ls.;05615;07845;N;W;-05:00
Brazil;Belem;00120;04830;S;W;-03:00
U.K.;Belfast;05435;00556;N;W;-00:00
Yugoslavia;Belgrade;04450;02037;N;E;+01:00
Indonesia;Beliton Is;00310;10750;S;E;+07:00
Belize;Belize City;01725;08800;N;W;-06:00
France;Belle Is.;04720;00310;N;W;+01:00
U.S.A.;Bellingham;04845;12227;N;W;-05:00
Belize;Belmopan;01718;08830;N;W;-06:00
Brazil;Belo Horizonte;01955;04356;S;W;-03:00
Russia;Belomorsk;06435;03430;N;E;+02:00
Russia;Belukha Mt.;04950;08650;N;E;+02:00
U.K.;Ben Macdui.Mt.;05704;00340;N;W;-00:00
U.K.;Ben Nevis Mt.;05648;00500;N;W;-00:00
Australia;Benalla;03630;14600;S;E;+09:30
Liberia;Benghazi;03207;02004;N;E;-00:00
Indonesia;Bengkulu;00350;10212;S;E;+07:00
Angola;Benguela;01237;01325;S;E;+01:00
Brazil;Benjamin Constant;00423;06959;S;W;-03:00
Nigeria;Benue;00748;00646;N;E;+01:00
China;Benxi;04120;12348;N;E;+08:00
Indonesia;Beo;00425;12650;N;E;+07:00
Japan;Beppu;03315;13130;N;E;+09:00
Grenada;Bequia;01300;06115;N;W;-04:00
Albania;Berat;04043;01946;N;E;+01:00
Somalia;Berbera;01030;04502;N;E;+03:00
Russia;Berezniki;05924;05646;N;E;+02:00
Italy;Bergamo;04542;00940;N;E;+01:00
Norway;Bergen;06023;00520;N;E;+01:00
Germany;Berlin;05232;01324;N;E;+01:00
U.K.;Bermuda;03245;06500;N;W;-00:00
Switzerland;Bern;04657;00728;N;E;+01:00
France;Besancon;04715;00600;N;E;+01:00
Indonesia;Besar Mt.;00240;11600;S;E;+07:00
U.K.;Bexley;05126;00010;N;E;-00:00
Turkey;Beysehir Golu;03740;03145;N;E;+03:00
France;Beziers;04320;00312;N;E;+01:00
Bangladesh;Bhairab Bazar;02404;09058;N;E;+06:00
Myanmar;Bhamo;02415;09715;N;E;+06:00
Bangladesh;Bhola;02245;09035;N;E;+06:00
Poland;Bialystok;05310;02310;N;E;+01:00
Sri Lanka;Bibile;00710;08125;N;E;+05:30
Angola;Bie Plateau;01200;01600;S;E;+01:00
Germany;Bielefeld;05202;00831;N;E;+01:00
Poland;Bielsko;04950;01900;N;E;+01:00
Vietnam;Bien Hoa;01057;10649;N;E;+07:00
U.S.A.;Big Belt Mts.;04650;11130;N;W;-05:00
U.S.A.;Bighorn Mts.;04430;10730;N;W;-05:00
India;Bilaspur;02206;08212;N;E;+05:30
Spain;Bilbao;04316;00256;N;W;+01:00
U.S.A.;Billings;04543;10829;N;W;-05:00
Mauritania;Bir Mogrein;02510;01125;N;W;-00:00
Australia;Birdsville;02551;13920;S;E;+09:30
Australia;Birdum;01539;13313;S;E;+09:30
Iran;Birjand;03257;05910;N;E;+03:30
U.K.;Birkenhead;05324;00301;N;W;-00:00
U.K.;Birmingham;05059;10254;N;W;-00:00
Kyrgyzstan;Bishkek;04254;07446;N;E;+05:00
U.S.A.;Bismarck;04649;10049;N;W;-05:00
Guinea-Bissau;Bissau;01145;01545;N;W;-00:00
Macedonia;Bitola;04105;02110;N;E;+01:00
U.S.A.;Bitterroot Ra.;04600;11420;N;W;-05:00
Russia;Biysk;05240;08500;N;E;+02:00
Germany;Black Forest;04800;00800;N;E;+01:00
Australia;Blackall;02425;14545;S;E;+09:30
U.K.;Blackpool;05348;00303;N;W;-00:00
Ireland;Blackwater;05155;00750;N;W;-00:00
Russia;Blagoveshchensk;05020;12730;N;E;+02:00
Australia;Blair Athol;02241;14730;S;E;+09:30
Mauritania;Blanc;02050;01700;N;W;-00:00
U.S.A.;Blanca Peak;03735;10529;N;W;-05:00
Australia;Blanche L.;02225;12317;S;E;+09:30
U.S.A.;Blanco C.;04250;12440;N;W;-05:00
Malwi;Blantyre;01545;03500;S;E;+02:00
Denmark;Blavands Huk;05533;00803;N;E;+01:00
New Zealand;Blenheim;04138;17357;S;E;+12:00
France;Blols;04735;00120;N;E;+01:00
Australia;Blue Mts.;03340;15000;S;E;+09:30
Sudan;Blue Nile;01230;03430;N;E;+02:00
U.S.A.;Blue Ridge Mt.;03630;08015;N;W;-05:00
Nicaragua;Bluefieids;01200;08350;N;W;-06:00
New Zealand;Bluff;04637;16820;S;E;+12:00
Brazil;Boa Vista;00248;06030;N;W;-03:00
Burkina & Fasso;Bobo-Dioulasso;01108;00413;N;E;-00:00
Germany;Bochum;05128;00712;N;E;+01:00
Sweden;Boden;06550;02142;N;E;+01:00
Germany;Bodensee;04735;00925;N;E;+01:00
Norway;Bodo;06717;01424;N;E;+01:00
Colombia;Bogata;00505;07502;N;W;-05:00
Indonesia;Bogor;00636;10648;S;E;+07:00
Bangladesh;Bogra;02451;08922;N;E;+06:00
Czecho;Bohemian Forest;04920;01300;N;E;+01:00
U.S.A.;Boise;04343;11609;N;W;-05:00
Norway;Bokne Flord;05914;00540;N;E;+01:00
Pakistan;Bolan Pass;02950;06720;N;E;+05:30
U.S.A.;Bolivian Plateau;02000;06730;S;W;-05:00
Italy;Bologna;04430;01120;N;E;+01:00
Russia;Bolshevik I.;07830;10200;N;E;+02:00
Italy;Bolzano;04630;01122;N;E;+01:00
Tunisia;Bon;03701;01102;N;E;+01:00
Germany;Bonn;05043;00706;N;E;+01:00
Australia;Bonnie Rock;03029;11822;S;E;+09:30
Canada;Boothia Penin.;07100;09400;N;W;-05:00
Sweden;Boras;05743;01256;N;E;+01:00
Brazil;Borba;00439;05935;S;W;-03:00
Brazil;Borborema;00700;03700;S;W;-03:00
France;Bordeaux;04450;00036;N;W;+01:00
Australia;Bordertown;03619;14045;S;E;+09:30
Sweden;Borgholm;05652;01639;N;E;+01:00
Sweden;Borlange;06029;01526;N;E;+01:00
Denmark;Bornholm;05510;01500;N;E;+01:00
Australia;Borroloola;01604;13617;S;E;+09:30
China;Bose;02355;10632;N;E;+08:00
U.S.A.;Boston;04220;07100;N;W;-05:00
Romania;Botosani;04744;02641;N;E;+02:00
Ivory Coast;Bouake;00740;00502;N;W;-00:00
Cen. Afr. Rep.;Bouar;00600;01540;N;E;+01:00
France;Bourges;04709;00225;N;E;+01:00
Australia;Bourke;03008;14555;S;E;+09:30
U.K.;Bournemouth;05043;00153;N;W;-00:00
Australia;Bowen;02000;14816;S;E;+09:30
Zaire;Boyoma Falls;00012;02525;N;E;+02:00
U.K.;Bradford;05347;00145;N;W;-00:00
Portugal;Braga;04135;00825;N;W;-00:00
Bangladesh;Brahmanbaria;02350;09115;N;E;+06:00
Romania;Braila;04519;02759;N;E;+02:00
Brazil;Brasilia;01547;04755;S;E;-03:00
Romania;Brasov;04538;02535;N;E;+02:00
Slovenia;Bratislava;04810;01707;N;E;+01:00
Russia;Bratsk;05610;10130;N;E;+02:00
Ireland;Bray;05312;00606;N;W;-00:00
U.S.A.;Brazos;03030;09620;N;W;-05:00
Congo;Brazzaville;00409;01512;S;E;+01:00
Germany;Bremen;05304;00847;N;E;+01:00
Germany;Bremerhaven;05334;00835;N;E;+01:00
Italy;Brescia;04533;01013;N;E;+01:00
France;Brest;04824;00431;N;W;+01:00
Greece;Brewster.C.;07007;02200;N;W;+02:00
U.S.A.;Bridgeport;04112;07312;N;W;-05:00
Barbados;Bridgetown;01300;05930;N;W;-04:00
U.K.;Brighton;05050;00009;N;W;-00:00
Italy;Brindisi;04039;01755;N;E;+01:00
Australia;Brisbane;02725;15302;S;E;+09:30
U.K.;Bristol;05126;00235;N;W;-00:00
Czecho;Brno;04910;01635;N;E;+01:00
Australia;Broken Hill;03158;14129;S;E;+09:30
U.K.;Bromley;05120;00005;N;E;-00:00
Australia;Broome;01800;12215;S;E;+09:30
Australia;Bruce Mt.;02237;11808;S;E;+09:30
Belgium;Bruges;05113;00313;N;E;+01:00
Germany;Brunswick;05217;01028;N;E;+01:00
Belgium;Brussels;05051;00421;N;E;+01:00
Liberia;Buchanan;00557;01002;N;W;-00:00
Romania;Bucharest;04427;02610;N;E;+02:00
Hungary;Budapest;04729;01905;N;E;+01:00
Colombia;Buenaventura;00353;07704;N;W;-05:00
Argentina;Buenos Aires;03430;05820;S;W;-03:00
U.S.A.;Buffolo;04255;07850;N;W;-05:00
Burundi;Bujumbura;00316;02918;S;E;+02:00
Indonesia;Bukittinggi;00020;10020;S;E;+07:00
Zimbabwe;Bulawayo;02007;02832;S;E;+02:00
Mongolia;Bulgan;04845;10334;N;E;+08:00
Australia;Bunbury;03320;11535;S;E;+09:30
Australia;Bundaberg;02454;15222;S;E;+09:30
Japan;Bungo Chan.;03300;13215;N;E;+09:00
U.A.E.;Buraimi;02415;05543;N;E;+04:00
Saudi Arabia;Buraydah;02620;04408;N;E;+03:00
Bulgaria;Burgas;04233;02729;N;E;+02:00
Spain;Burgos;04221;00341;N;W;+01:00
Australia;Burketown;01745;13933;S;E;+09:30
Australia;Burnie;04104;14556;S;E;+09:30
Turkey;Bursa;04015;02905;N;E;+03:00
Indonesia;Buru;00330;12630;S;E;+07:00
Iran;Burujird;03358;04841;N;E;+03:30
Iran;Bushehr;02820;05145;N;E;+03:30
Australia;Busselton;03342;11515;S;E;+09:30
Nepal;Butawal;02707;08306;N;E;+05:30
U.S.A.;Butte;04600;11231;N;W;-05:00
France;Butung;00408;12208;S;E;+01:00
Romania;Buzau;04510;02650;N;E;+02:00
Poland;Bydgoszcz;05310;01800;N;E;+01:00
Canada;Bylot I;07313;07834;N;W;-05:00
Russia;Byrrang Mts;07500;10000;N;E;+02:00
Poland;Bytom;05025;01854;N;E;+01:00
Morocco;C.Asablance;03336;00736;N;W;+01:00
Bangladesh;C.Omilia;02328;09110;N;E;+06:00
Sri Lanka;C.olombo;00656;07958;N;E;+05:30
Ireland;C.onn L.;05403;00915;N;W;-00:00
Venezuella;Cabimas;01023;07125;N;W;-04:00
Angola;Cabinda;00534;01212;S;E;+01:00
Yugoslavia;Cacak;04354;02020;N;E;+01:00
Spain;Caceres;03926;00623;N;W;+01:00
Spain;Cadiz;03630;00620;N;W;+01:00
France;Caen;04910;00022;N;W;+01:00
Philippines;Cagayan de Oro;00830;12440;N;E;+08:00
Philippines;Cagayan;01825;12142;N;E;+08:00
Italy;Cagliari;03915;00906;N;E;+01:00
Puerto Rico;Caguas;01814;06604;N;W;-04:00
U.K.;Caicos Is.;02140;07140;N;W;-00:00
Australia;Cairns;01651;14543;N;E;+09:30
Egypt;Cairo;03001;03114;N;E;+02:00
Peru;Cajamarca;00705;07828;S;W;-05:00
Italy;Calabria;03924;01630;N;E;+01:00
France;Calais;05057;00150;N;E;+01:00
Chile;Calama;02230;06855;S;W;-04:00
Philippines;Calapan;01325;12107;N;E;+08:00
Philippines;Calbayog;01204;12438;N;E;+08:00
Romania;Calcarasi;04401;02701;N;E;+02:00
U.S.A.;California;03725;12000;N;W;-05:00
Colombia;Call;00325;07635;N;W;-05:00
Peru;Callao;01200;07700;S;W;-05:00
Cuba;Camaguey;02120;07800;N;W;-05:00
France;Cambrai;05010;00314;N;E;+01:00
U.K.;Cambrian Mts.;05225;00352;N;W;-00:00
New Zealand;Cambridge;03754;17529;S;E;+12:00
Australia;Camooweal;01956;13807;S;E;+09:30
Brazil;Campinas;02250;04700;S;W;-03:00
Brazil;Campo Grande;02025;05440;S;W;-03:00
Brazil;Campos;02150;04120;S;W;-03:00
Vietnam;Can Tho;01002;10546;N;E;+07:00
Spain;Canary Is.;02930;01700;N;W;+01:00
U.S.A.;Canaveral C.;02828;08031;N;W;-05:00
Australia;Canberra;03515;14908;S;E;+09:30
U.K.;Canna I.;05703;00633;N;W;-00:00
France;Cannes;04332;00700;N;E;+01:00
Australia;Canning Basin;01950;12400;S;E;+09:30
Spain;Cantabrian Mts.;04300;00510;N;W;+01:00
New Zealand;Canterbury Pins.;04355;17122;S;E;+12:00
U.S.A.;Canton;04047;08122;N;W;-05:00
South Africa;Cape Town;03355;01822;S;E;+02:00
Australia;Cape York Penin.;01200;14230;S;E;+09:30
Italy;Capri I.;04034;01415;N;E;+01:00
Colombia;Caqueta;00100;07620;N;W;-05:00
Venezuella;Caracas;01030;06655;N;W;-04:00
U.K.;Cardiff;05128;00311;N;W;-00:00
U.K.;Carlisle;05454;00255;N;W;-00:00
Ireland;Carlow;05250;00658;N;W;-00:00
U.S.A.;Carlsbad;03301;10408;N;W;-05:00
U.K.;Carn Eige;05717;00509;N;W;-00:00
Australia;Carnarvon;02451;11342;S;E;+09:30
Australia;Carnegie L.;02605;12230;S;E;+09:30
Brazil;Carolina;00801;04802;S;W;-03:00
U.S.A.;Carson City;03912;11946;N;W;-05:00
Colombia;Cartagena;01025;07533;N;W;-05:00
New Zealand;Carterton;04102;17531;S;E;+12:00
U.S.A.;Cascade Ra.;04700;12130;N;W;-05:00
Australia;Casino;02852;15303;S;E;+09:30
U.S.A.;Casper;04252;10620;N;W;-05:00
Spain;Castellon;04015;00005;N;W;+01:00
Saint Lucia;Castries;01400;06050;N;W;-04:00
Bahrain;Cat I.;02430;07530;N;W;+04:00
Argentina;Catamarca;02830;06550;S;W;-03:00
Italy;Catania;03731;01500;N;E;+01:00
Mexico;Catoche C.;02140;08700;N;E;-06:00
Guiana;Cayenne;00455;05218;N;W;-04:00
U.K.;Cayman ls.;01940;07950;N;W;-00:00
Philippines;Cebu;01018;12354;N;E;+08:00
U.S.A.;Cedar Rapids;04200;09138;N;W;-05:00
Australia;Ceduna;03207;13346;S;E;+09:30
Hungary;Cegled;04710;01947;N;E;+01:00
Pakistan;Central Makran Ra.;02630;06415;N;E;+05:30
Russia;Central Russian;05400;03600;N;E;+02:00
Indonesia;Ceram;00310;12900;S;E;+07:00
Czecho;Ceske Budejovice;04902;01406;N;E;+01:00
France;Cevennes;04410;00350;N;E;+01:00
Chad;Chad;01330;01430;N;E;+01:00
Afghanistan;Chaghcharan;03404;06503;N;E;+04:30
Afghanistan;Chahar Burjak;03004;06200;N;E;+04:30
Pakistan;Chakwal;03250;07245;N;E;+05:30
North MarianasCh;Chalan Kanoa;01508;14700;N;E;+10:00
Pakistan;Chaman;03058;06625;N;E;+05:30
France;Chambery;04534;00555;N;E;+01:00
Bangladesh;Chandpur;02208;09055;N;E;+06:00
China;Changchun;04358;12519;N;E;+08:00
China;Changde;02904;11135;N;E;+08:00
China;Changsha;02805;11301;N;E;+08:00
China;Changzhou;03147;11958;N;E;+08:00
U.K.;Channel Is.;04930;00240;N;W;-00:00
Thailand;Chanthaburi;01235;10208;N;E;+07:00
Thailand;Chao Phraoyae;01332;10036;N;E;+07:00
Belgium;Charleroi;05024;00427;N;E;+01:00
U.S.A.;Charleston;03247;07956;N;W;-05:00
Australia;Charleville;02624;14615;S;E;+09:30
Virgin Is. (UK);Charlotte Amalie;01822;06456;N;W;-04:00
U.S.A.;Charlotte;03516;08046;N;W;-05:00
Canada;Charlottetown;04614;06308;N;W;-05:00
France;Chateauroux;04650;00140;N;E;+01:00
U.S.A.;Chattanooga;03502;08517;N;W;-05:00
Myanmar;Chaukan Pass;02708;09710;N;E;+06:00
France;Chaumont;04807;00508;N;E;+01:00
Czecho;Cheb;05008;01228;N;E;+01:00
Myanmar;Chedube I.;01845;09340;N;E;+06:00
Poland;Chelm;05108;02329;N;E;+01:00
Russia;Chelyabinsk;05501;06102;N;E;+02:00
Pakistan;Chenab;03040;07330;N;E;+05:30
China;Chengdu;03038;10402;N;E;+08:00
U.K.;Cheviot Hills;05520;00230;N;W;-00:00
U.S.A.;Cheyenne;04109;10449;N;W;-05:00
Thailand;Chi;01511;10443;N;E;+07:00
Thailand;Chiang Mal;01848;09859;N;E;+07:00
Thailand;Chiang Rai;01956;09951;N;E;+07:00
U.S.A.;Chicago;04153;08740;N;W;-05:00
U.S.A.;Chichago Fi.;05800;13600;N;W;-05:00
Peru;Chiclayo;00642;07950;S;W;-05:00
Canada;Chicoutimi;04902;07001;N;W;-05:00
Canada;Chidley.C.;06023;06426;N;W;-05:00
China;Chifeng;04217;11856;N;E;+08:00
Mexico;Chihuahua;02840;10603;N;W;-06:00
Chile;Chiloe I;04250;07345;S;W;-04:00
Mexico;Chilpancingo;01733;09930;N;W;-06:00
U.K.;Chiltern Hills;05144;00042;N;W;-00:00
Ecuador;Chimborazo;00129;07855;S;W;-05:00
Peru;Chimbote;00900;07835;S;W;-05:00
Kazakhstan;Chimkent;04218;06936;N;E;+05:00
Nicaragua;Chinandega;01230;08700;N;W;-06:00
Peru;Chincha Alta;01325;07607;S;W;-05:00
Russia;Chita;05200;11335;N;E;+02:00
Pakistan;Chitral;03550;07156;N;E;+05:30
Bangladesh;Chittagong;02219;09155;N;E;+06:00
Honduras;Choluteca;01320;08714;N;W;-06:00
North Korea;Chongjin;04147;12950;N;E;+08:00
South Korea;Chongju;03639;12727;N;E;+09:00
China;Chongqing;02935;10625;N;E;+08:00
South Korea;Chonju;03550;12704;N;E;+09:00
Chile;Chonos Arch.;04500;07500;S;W;-04:00
Mongolia;Choybalsan;04804;11430;N;E;+08:00
New Zealand;Christchurch;04333;17247;S;E;+12:00
Argentina;Chubut;04300;07000;S;W;-03:00
Estonia;Chudskoye L.;05813;02730;N;E;+02:00
Thailand;Chumphon;01035;09914;N;E;+07:00
South Korea;Chunchon;03758;12744;N;E;+09:00
Canada;Churchill;05847;09412;N;W;-05:00
Cuba;Ciego de Avila;02150;07850;N;W;-05:00
Cuba;Cienfuegos;02210;08030;N;W;-05:00
U.S.A.;Cincinnati;03910;08426;N;W;-05:00
Indonesia;Cirebon;00645;10832;S;E;+07:00
Mexico;Citlaltepeti;01900;09720;N;W;-06:00
Venezuella;Ciudad Bolivar;00805;06336;N;W;-04:00
Mexico;Ciudad Victoria;02343;09910;N;W;-06:00
New Zealand;Clarence;04210;17356;S;E;+12:00
France;Clermont Ferrand;04546;00304;N;E;+01:00
Australia;Clermont;02249;14739;S;E;+09:30
U.S.A.;Cleveland;04128;08143;N;W;-05:00
France;Clipperton I.;01018;10913;N;W;+01:00
Australia;Cloncurry;02040;14028;S;E;+09:30
Ireland;Clonmei;05222;00742;N;W;-00:00
U.S.A.;Clovis;03414;10313;N;W;-05:00
Mexico;Cludad Juarez;03142;10629;N;W;-06:00
Romania;Cluj;04647;02338;N;E;+02:00
New Zealand;Clutha;04620;16949;S;E;+12:00
U.K.;Clyde;05520;00500;N;W;-00:00
Canada;Coast Mts.;05500;12900;N;W;-05:00
U.S.A.;Coast Ra.;04100;12300;N;W;-05:00
Guam;Coban;01530;09021;N;W;+10:00
Australia;Cobar;03127;14548;S;E;+09:30
Bolivia;Cobija;01100;06850;S;W;-04:00
Bolivia;Cochabamba;01726;06610;S;W;-04:00
Nicaragua;Coco;01400;08500;N;W;-06:00
U.S.A.;Cod.C.;04208;07010;N;W;-05:00
Australia;Coen;01352;14312;S;E;+09:30
Panama;Coiba;00730;08140;N;W;-05:00
Portugal;Coimbra;04015;00827;N;W;-00:00
U.K.;Coll I.;05640;00635;N;W;-00:00
New Zealand;Collingwood;04025;17240;S;E;+12:00
Australia;Collinsville;02030;14756;S;E;+09:30
Germany;Cologne;05056;00658;N;E;+01:00
Panama;Colon;00920;08000;N;W;-05:00
U.K.;Colonsay I.;05604;00612;N;W;-00:00
U.S.A.;Colorado Plateau;03640;11030;N;W;-05:00
U.S.A.;Colorado Springs;03855;10450;N;W;-05:00
Argentina;Colorado;03730;06900;S;W;-03:00
Canada;Columbia C.;08300;07000;N;W;-05:00
Georgia;Columbus;03230;08458;N;W;+03:00
U.S.A.;Colville;06915;15200;N;W;-05:00
Honduras;Comayagua;01425;08737;N;W;-06:00
Tajikistan;Communism Peak;03840;07220;N;E;+04:00
Guinea;Conakry;00929;01349;N;W;-00:00
Chile;Concopclon;03650;07300;S;W;-04:00
U.S.A.;Concord;04313;07134;N;W;-05:00
Australia;Condobolin;03304;14706;S;E;+09:30
U.S.A.;Connecticut;04140;07240;N;W;-05:00
Romania;Constanta;04414;02838;N;E;+02:00
Algeria;Constantine;03625;00642;N;E;+01:00
Australia;Coober Pedy;02901;13443;S;E;+09:30
New Zealand;Cook Is.;01700;16000;S;W;+12:00
New Zealand;Cook Mt.;04336;17009;S;E;+12:00
Australia;Cooktown;01530;14516;S;E;+09:30
Australia;Coolgardle;03055;12108;S;E;+09:30
Australia;Coonamble;03056;14827;S;E;+09:30
Denmark;Copenhagen;05541;01234;N;E;+01:00
Chile;Copiapo;02715;07020;S;W;-04:00
Canada;Coppermine;04658;08447;N;W;-05:00
Argentina;Cordoba;03120;06410;S;W;-03:00
Nicaragua;Corinto;01230;08710;N;W;-06:00
Ireland;Cork;05154;00830;N;W;-00:00
New Zealand;Coromandel;03645;17531;S;E;+12:00
U.S.A.;Corpus Christi;02750;09728;N;W;-05:00
Ireland;Corrib L.;05305;00910;N;W;-00:00
Argentina;Corrientes;02730;05845;S;W;-03:00
France;Corsica;04200;00900;N;E;+01:00
U.S.A.;Corvallis;04436;12315;N;W;-05:00
Italy;Cosenza;03917;01614;N;E;+01:00
Philippines;Cotabato;00714;12415;N;E;+08:00
Ecuador;Cotopaxi;00040;07830;S;W;-05:00
U.K.;Cotswold Hills;05142;00210;N;W;-00:00
Germany;Cottbus;05144;01420;N;E;+01:00
U.K.;Coventry;05225;00131;N;W;-00:00
Brazil;Coxim;01828;05445;S;W;-03:00
Romania;Craiova;04421;02348;N;E;+02:00
France;Creil;04916;00229;N;E;+01:00
Greece;Crete;03515;02500;N;E;+02:00
Ukraine;Crimea;04500;03400;N;E;+02:00
New Zealand;Cromwell;04503;16914;S;E;+12:00
Australia;Croydon;01813;14214;S;E;+09:30
Vietnam;Cua Rao;01916;10427;N;E;+07:00
Angola;Cuango;00615;01635;S;E;+01:00
Brazil;Cucil;00206;06801;N;W;-03:00
Ecuador;Cuenca;00250;07909;S;W;-05:00
Brazil;Cuiaba;01530;05600;S;W;-03:00
U.K.;Cuillin Hills;05714;00615;N;W;-00:00
Malaysia;Cukai;00416;10326;N;E;+08:00
Mexico;Culiacan;02450;10723;N;W;-06:00
Venezuella;Cumana;01030;06405;N;W;-04:00
U.S.A.;Cumberiand Plateau;03600;08400;N;W;-05:00
Canada;Cumberiand.;06530;06600;N;W;-05:00
Angola;Cunene;01700;01500;S;E;+01:00
Australia;Cunnamulla;02802;14538;S;E;+09:30
Brazil;Curitiba;02520;04910;S;W;-03:00
New Zealand;Cuvier I.;03627;17550;S;E;+12:00
Peru;Cuzco;01332;07200;S;W;-05:00
Poland;Czestochowa;05049;01907;N;E;+01:00
Vietnam;Da Lat;01156;10825;N;E;+07:00
Vietnam;Da Nang;01604;10813;N;E;+07:00
Chile;Da Qaidam;03750;09518;N;E;-04:00
Guyana;Dadanawa;00300;05930;N;W;-03:00
Nepal;Dadeldhura;02901;08004;N;E;+05:30
Philippines;Daet;01402;12255;N;E;+08:00
China;Daging;04637;12459;N;E;+08:00
Japan;Daio C.;03415;13645;N;E;+09:00
Australia;Dajarra;02142;13930;S;E;+09:30
Senegal;Dakar;01434;01729;N;W;-00:00
Sweden;Dalalven L.;06127;01715;N;E;+01:00
Mongolia;Dalandzadgad;04327;10430;N;E;+08:00
Marshall Is.;Dalap Vliga Darrit;00700;17000;N;E;+11:00
Pakistan;Dalbandin;02900;06423;N;E;+05:30
U.S.A.;Dallas;03250;09650;N;W;-05:00
Ivory Coast;Daloa;00700;00630;N;W;-00:00
Australia;Daly;01321;13018;S;E;+09:30
Indonesia;Damar;00715;12830;S;E;+07:00
Syria;Damascus;03330;03618;N;E;+02:00
Egypt;Damietta;03126;03148;N;E;+02:00
Saudi Arabia;Dammam;02625;05002;N;E;+03:00
Egypt;Damodar;03126;03148;N;E;+02:00
Australia;Dampier;02041;11642;S;E;+09:30
China;Dandong;04010;12420;N;E;+08:00
New Zealand;Dannevirke;04012;17608;S;E;+12:00
Tanzania;Dar-es-Salaam;00650;03912;S;E;+03:00
New Zealand;Dargaville;03557;17352;S;E;+12:00
Montserrat;Darhan;04930;10558;N;E;-04:00
China;Darlag;03601;09905;N;E;+08:00
Australia;Darling Ra.;03230;11600;S;E;+09:30
Australia;Darling;03404;14154;S;E;+09:30
Germany;Darmstadt;04951;00840;N;E;+01:00
U.K.;Dartmoor;05036;00400;N;W;-00:00
Australia;Darwin;01225;13051;S;E;+09:30
Iran;Daryacheh-ye-Sistan;03100;06100;N;E;+03:30
Iran;Dasht-I-Kavir;03430;05500;N;E;+03:30
Iran;Dasht-I-Lut;03130;05800;N;E;+03:30
Afghanistan;Dasht-I-Margo;03040;06230;N;E;+04:30
China;Datong;04006;11318;N;E;+08:00
Latvia;Daugava;05700;02400;N;E;+02:00
Latvia;Daugavpils;05552;02631;N;E;+02:00
Philippines;Davao;00700;12540;N;E;+08:00
U.S.A.;Davenport;04130;09040;N;W;-05:00
Panama;David;00830;08230;N;W;-05:00
Canada;Dawson;06404;13924;N;W;-05:00
U.S.A.;Dayton;03945;08410;N;W;-05:00
South Africa;De Aar;03039;02400;S;E;+02:00
Australia;De Grey;02012;11913;S;E;+09:30
U.S.A.;Death Valley;03619;11652;N;W;-05:00
Hungary;Debrecen;04733;02142;N;E;+01:00
U.K.;Dee;05315;00307;N;W;-00:00
Syria;Deir-ez-Zor;03502;04001;N;E;+02:00
U.S.A.;Delaware;03900;07540;N;W;-05:00
Sri Lanka;Delft I.;00930;07940;N;E;+05:30
China;Delingha;03716;09712;N;E;+08:00
Indonesia;Dempo Mt.;00410;10315;S;E;+07:00
Australia;Denham;02556;11331;S;E;+09:30
Turkey;Denizli;03742;02902;N;E;+03:00
Indonesia;Denpasa;00801;11501;S;E;+07:00
U.S.A.;Denver;03945;10500;N;W;-05:00
Pakistan;Dera Ismail Khan;03150;07050;N;E;+05:30
Australia;Derby;01718;12338;S;E;+09:30
Ireland;Derg L.;05300;00820;N;W;-00:00
U.K.;Derwent;05458;00140;N;W;-00:00
U.S.A.;Des Moines;04135;09337;N;W;-05:00
Germany;Dessau;05149;01215;N;E;+01:00
U.S.A.;Detroit;04223;08305;N;W;-05:00
Romania;Deva;04553;02255;N;E;+02:00
Canada;Devon I.;07547;08800;N;W;-05:00
Australia;Devonport;04110;14622;S;E;+09:30
Russia;Dezhneva;06610;16903;N;E;+02:00
Bangladesh;Dhaka;02343;09026;N;E;+06:00
Yemen North;Dhamar;01433;04430;N;E;+03:00
Nepal;Dhankuta;02655;08720;N;E;+05:30
Nepal;Dharan;02649;08718;N;E;+05:30
Vietnam;Dien Bien Phu;02120;10300;N;E;+07:00
France;Dieppe;04954;00104;N;E;+01:00
Iceland;Digranes;06604;01444;N;E;-00:00
France;Dijon;04720;00500;N;E;+01:00
Philippines;Dinagat;01010;12540;N;E;+08:00
Bangladesh;Dinajpur;02533;08843;N;E;+06:00
Croatia;Dinaric Alps;04400;01630;N;E;+01:00
Philippines;Dipolog;00836;12320;N;E;+08:00
Pakistan;Dir;03508;07159;N;E;+05:30
Australia;Dirranbandi;02833;14817;S;E;+09:30
U.S.A.;Disappointment C.;04620;12400;N;W;-05:00
Australia;Disappointment L.;02320;12240;S;E;+09:30
Turkey;Diyarbakir;03755;04018;N;E;+03:00
Ukraine;Dnepr;04630;03218;N;E;+02:00
Ukraine;Dnepropetrovsk;04830;03500;N;E;+02:00
Greece;Dodecanese Is.;03635;02700;N;E;+02:00
Tanzania;Dodoma;00608;03545;S;E;+03:00
Bangladesh;Dohazari;02210;09205;N;E;+06:00
Italy;Dolomites;04630;01140;N;E;+01:00
Norway;Dombas;06206;00904;N;E;+01:00
U.K.;Don;05714;00205;N;W;-00:00
Sri Lanka;Dondra Head;00555;08040;N;E;+05:30
Vietnam;Dong Hoi;01729;10636;N;E;+07:00
China;Dongting L.;02918;11245;N;E;+08:00
Netherlands;Dordrecht;05148;00439;N;E;+01:00
Mongolia;Doroo Nuur;04740;09330;N;E;+08:00
Germany;Dortmund;05132;00728;N;E;+01:00
Cameroon;Douala;00400;00945;N;E;+01:00
New Zealand;Doubtful Sd.;04520;16649;S;E;+12:00
Portugal;Douro;04108;00840;N;W;-00:00
U.K.;Dover;05107;00119;N;E;-00:00
Norway;Dovrefjell;06215;00933;N;E;+01:00
Greece;Drama;04110;02411;N;E;+02:00
Norway;Drammen;05942;01012;N;E;+01:00
Yugoslavia;Drava;04533;01855;N;E;+01:00
Ireland;Drcgheda;05345;00620;N;W;-00:00
Germany;Dresden;05102;01345;N;E;+01:00
France;Dreux;04844;00123;N;E;+01:00
Yugoslavia;Drina;04453;01921;N;E;+01:00
South Africa;Drokensberg;03100;02800;S;E;+02:00
U.A.E.;Dubai;02518;05520;N;E;+04:00
Australia;Dubbo;03211;14835;S;E;+09:30
Ireland;Dublin;05320;00618;N;W;-00:00
Bosnia & Herz.;Dubrovnik;04239;01806;N;E;+01:00
Russia;Dudinka;06930;08600;N;E;+02:00
U.K.;Dudley;05230;00205;N;W;-00:00
Spain;Duero;04108;00840;N;W;+01:00
Germany;Duisburg;05127;00642;N;E;+01:00
China;Dukou;02630;10145;N;E;+08:00
China;Dulan;03810;09816;N;E;+08:00
U.S.A.;Duluth;04648;09210;N;W;-05:00
Philippines;Dumaguete;00917;12315;N;E;+08:00
Ireland;Dun Laoghaire;05317;00609;N;W;-00:00
Ireland;Dundalk;05401;00625;N;W;-00:00
U.K.;Dundee;05629;00300;N;W;-00:00
New Zealand;Dunedin;04550;17033;S;E;+12:00
China;Dunhuang;04005;09445;N;E;+08:00
New Zealand;Dunstan Mts.;04453;16935;S;E;+12:00
Vietnam;Duong Dang;01013;10358;N;E;+07:00
South Africa;Durban;02949;03101;S;E;+02:00
U.S.A.;Durham;03600;07855;N;W;-05:00
Albania;Durres;04119;01928;N;E;+01:00
Tajikistan;Dushanbe;03833;06848;N;E;+04:00
Germany;Dusseldorf;05115;00646;N;E;+01:00
Montserrat;Dzamin Uud;04350;11153;N;E;-04:00
Kazakhstan;Dzhambul;04750;07125;N;E;+05:00
Mongolia;Dzuumcod;04702;10604;N;E;+08:00
New Zealand;Earnslaw Mt.;04432;16827;S;E;+12:00
New Zealand;East C.;03742;17835;S;E;+12:00
U.K.;East Kilbride;05546;00410;N;W;-00:00
South Africa;East London;03300;02755;S;E;+02:00
U.S.A.;East St.Louis;03836;09010;N;W;-05:00
U.K.;Eastbourne;05046;00018;N;W;-00:00
Canada;Eastmain;05220;07830;N;W;-05:00
Spain;Ebro;04043;00054;N;E;+01:00
U.K.;Eden;05457;00302;N;W;-00:00
U.K.;Edinburgh;05557;00312;N;W;-00:00
Canada;Edmonton;05330;11330;N;W;-05:00
Zaire;Edward;00025;02940;S;E;+02:00
Hungary;Eger;04753;02028;N;E;+01:00
Norway;Egersund;05826;00601;N;E;+01:00
New Zealand;Egmont Mt.;03917;17405;S;E;+12:00
New Zealand;Egmont. C.;03916;17345;S;E;+12:00
U.K.;Eigg I.;05654;00610;N;W;-00:00
Netherlands;Eindhoven;05126;00530;N;E;+01:00
Brazil;Eirunepe;00638;06953;S;W;-03:00
West Sahara;El Aaiun;02709;01312;N;W;-01:00
Sudan;El Fasher;01404;02506;N;E;+02:00
Egypt;El Giza;03000;03110;N;E;+02:00
Egypt;El Matarlya;03102;03201;N;E;+02:00
Egypt;El Minya;02807;03033;N;E;+02:00
Sudan;El Opeid;01204;03003;N;E;+02:00
U.S.A.;El Paso;03150;10630;N;W;-05:00
Honduras;El Progreso;01526;08751;N;W;-06:00
Egypt;El Qantara;03052;03242;N;E;+02:00
Egypt;El Salhiya;03005;03105;N;E;+02:00
Turkey;Elazig;03837;03922;N;E;+03:00
Italy;Elba;04248;01015;N;E;+01:00
Albania;Elbasan;04109;02009;N;E;+01:00
Germany;Elbe;05350;00900;N;E;+01:00
U.S.A.;Elbert Mt.;03912;10636;N;W;-05:00
Poland;Elblag;05410;01925;N;E;+01:00
Iran;Elburz Mts.;03600;05200;N;E;+03:30
Spain;Elche;03815;00042;N;W;+01:00
Sri Lanka;Elephant Pass;00935;08025;N;E;+05:30
Bahrain;Eleuthera I.;02500;07620;N;W;+04:00
Australia;Elizabeth;03442;13841;S;E;+09:30
U.S.A.;Elko;04040;11550;N;W;-05:00
Canada;Ellesmere Is.;07930;08000;N;W;-05:00
New Zealand;Eltham;03926;17419;S;E;+12:00
Norway;Elverum;06053;01134;N;E;+01:00
Paraguay;Encarnacion;02715;05600;S;W;-04:00
Indonesia;Ende;00845;12130;S;E;+07:00
Kiribati;Enderbury I.;00308;17105;S;W;+12:00
Indonesia;Enggano;00520;10240;S;E;+07:00
U.K.;England;05400;00200;N;W;-00:00
Nigeria;Enugu;00620;00730;N;E;+01:00
Iraq;Erbil;03612;04401;N;E;+03:00
Turkey;Erciyas Dagi;03830;03530;N;E;+03:00
China;Erenhot;04350;11200;N;E;+08:00
Germany;Erfurt;05058;01102;N;E;+01:00
U.S.A.;Erie L.;04210;08007;N;W;-05:00
Japan;Erimo C.;04150;14315;N;E;+09:00
Ethiopia;Eritrea;01400;04100;N;E;+03:00
Germany;Erlangen;04935;01100;N;E;+01:00
Turkey;Erzururm;03957;04115;N;E;+03:00
Denmark;Esbjerg;05529;00829;N;E;+01:00
Iran;Esfahan;03300;05300;N;E;+03:30
Sweden;Eskilstuna;05922;01632;N;E;+01:00
Turkey;Eskisehir;03950;03035;N;E;+03:00
Ecuador;Esmeraidas;00100;07940;N;W;-05:00
Australia;Esperance;03345;12155;S;E;+09:30
Finland;Espoo;06010;02442;N;E;+02:00
Germany;Essen;05128;00659;N;E;+01:00
Nicaragua;Esteli;01309;08622;N;W;-06:00
Ethiopia;Ethiopian Highlands;01000;03700;N;E;+03:00
Italy;Etna Mt.;03745;01500;N;E;+01:00
U.S.A.;Eugene;04400;12308;N;W;-05:00
U.S.A.;Eureka;04050;12400;N;W;-05:00
U.S.A.;Evansville;03800;08735;N;W;-05:00
Nepal;Everest;02805;08658;N;E;+05:30
Portugal;Evora;03833;00757;N;W;-00:00
Greece;Evvola;03830;02400;N;E;+02:00
U.K.;Exe;05038;00327;N;W;-00:00
Australia;Exmouth;02154;11410;S;E;+09:30
Australia;Eyre L.;02930;13726;S;E;+09:30
Australia;Eyre Penin.;03330;13717;S;E;+09:30
Australia;Eyre;03215;12618;S;E;+09:30
Maldives;Faaf;00402;07452;N;E;+05:00
Samoa;Fagatogo;01400;17000;S;W;-11:00
U.S.A.;Fairbanks;06450;14750;N;W;-05:00
New Zealand;Fairlie;04405;17049;S;E;+12:00
U.S.A.;Fairweather;05855;13745;N;W;-05:00
Pakistan;Faisalabad;03130;07305;N;E;+05:30
Afghanistan;Faizabad;03707;07033;N;E;+04:30
Indonesia;Fakfak;00300;13215;S;E;+07:00
U.K.;Falkland Is.;05130;05900;S;W;-00:00
Denmark;Falster;05445;01155;N;E;+01:00
Sweden;Falun;06037;01537;N;E;+01:00
Afghanistan;Farah;03220;06207;N;E;+04:30
Saudi Arabia;Farasan Is.;01640;04200;N;E;+03:00
New Zealand;Farewell.C.;04029;17243;S;E;+12:00
U.S.A.;Fargo;04700;09700;N;W;-05:00
Bangladesh;Faridpur;02315;09000;N;E;+06:00
Denmark;Faroe Is.;06200;00700;N;W;+01:00
Norway;Farsund;05805;00655;N;E;+01:00
U.S.A.;Fear C.;03345;07800;N;W;-05:00
Bangladesh;Fernando;00400;03310;S;W;+06:00
Spain;Ferrol;04345;00802;N;W;+01:00
Morocco;Fes;03400;00500;N;W;+01:00
Madeira;Fianarantsoa;02126;04705;S;E;-01:00
U.K.;Fife Ness;05613;00302;N;W;-00:00
Spain;Finisterre.C.;04250;00919;N;W;+01:00
Australia;Fitzroy Crossing;01809;12538;S;E;+09:30
Australia;Fitzroy;01731;12335;S;E;+09:30
U.S.A.;Flagstaff;03510;11140;N;W;-05:00
Norway;Flam;06052;00714;N;E;+01:00
U.K.;Flannan Is.;05809;00752;N;W;-00:00
U.S.A.;Flattery C.;04821;12443;N;W;-05:00
Norway;Flekkefjord;05818;00639;N;E;+01:00
Australia;Flinders;01736;14036;S;E;+09:30
Kiribati;Flint I;01126;15148;S;W;+12:00
U.S.A.;Flint;04305;08340;N;W;-05:00
Indonesia;Flores;00835;12100;S;E;+07:00
Brazil;Florianopolis;02730;04030;S;W;-03:00
U.S.A.;Florida;02830;08200;N;W;-05:00
Romania;Focsani;04541;02712;N;E;+02:00
Italy;Foggia;04128;01531;N;E;+01:00
Norway;Folda;06441;01050;N;E;+01:00
Tuvalu;Fongafalo;00800;17800;S;W;+12:00
Argentina;Formosa;02615;05810;S;W;-03:00
Australia;Forrest;03051;12806;S;E;+09:30
Australia;Forsayth;01833;14334;S;E;+09:30
U.S.A.;Fort Collins;04030;10504;N;W;-05:00
U.S.A.;Fort Lauderdale;02610;08005;N;W;-05:00
U.S.A.;Fort Wayne;04105;08510;N;W;-05:00
U.S.A.;Fort Worth;03245;09725;N;W;-05:00
Martinique;Fort de France;01436;06102;N;W;-04:00
Haiti;Fort-Liberte;01942;07151;N;W;-05:00
Brazil;Fortaleza;00345;03835;S;W;-03:00
U.K.;Forth;05605;00255;N;W;-00:00
China;Foshan;02304;11305;N;E;+08:00
Sri Lanka;Foul Point;00835;08125;N;E;+05:30
New Zealand;Foxton;04029;17518;S;E;+12:00
Gabon;Franceville;00140;01332;S;E;+01:00
Botswana;Francistown;02107;02733;S;E;+02:00
U.S.A.;Frankfort;03812;08452;N;W;-05:00
Germany;Frankfurt;05007;00840;N;E;+01:00
Russia;Franz Josef Land;08200;05500;N;E;+02:00
Australia;Fraser I.;02515;15310;S;E;+09:30
Canada;Fraser;04907;12311;N;W;-05:00
Canada;Fredericton;04557;06640;N;W;-05:00
Greece;Frederikshab;06104;05902;N;W;+02:00
Denmark;Frederikshavn;05728;01033;N;E;+01:00
Norway;Fredriksted;05913;01057;N;E;+01:00
Bahrain;Freeport;02545;07830;N;W;+04:00
Sierra Leone;Freetown;00830;01317;N;W;-00:00
Germany;Freiburg;04800;00752;N;E;+01:00
Australia;Fremantle;03207;11547;S;E;+09:30
France;French Guiana;00400;05300;N;W;+01:00
France;French Polynesia;02000;14500;S;E;+01:00
U.S.A.;Fresno;03647;11950;N;W;-05:00
Namibia;Fria;01800;01200;S;E;+02:00
Norway;Frohavet;00405;00935;N;E;+01:00
Mexico;Frontera;01837;09238;N;W;-06:00
Canada;Ft. Good Hope;06604;12900;N;W;-05:00
Canada;Ft. Simpson;06152;12115;N;W;-05:00
Canada;Ft. Smith;06001;11155;N;W;-05:00
Paraguay;Fuerte Olimpo;02100;05800;S;W;-04:00
Japan;Fuji;03522;13844;N;E;+09:00
Japan;Fujisawa;03522;13929;N;E;+09:00
Japan;Fukui;03600;13610;N;E;+09:00
Japan;Fukuoka;03339;13021;N;E;+09:00
Japan;Fukushima;03744;14028;N;E;+09:00
Tuvalu;Funafuti;00830;17900;S;E;+12:00
China;Fushun;04150;12356;N;E;+08:00
China;Fuxin;04205;12148;N;E;+08:00
China;Fuzhou;02605;11916;N;E;+08:00
Denmark;Fyn;05520;01030;N;E;+01:00
Botswana;Gaborone;02445;02557;S;E;+02:00
Bulgaria;Gabrovo;04252;02519;N;E;+02:00
Bangladesh;Gaibanda;02520;08936;N;E;+06:00
Romania;Galati;04527;02802;N;E;+02:00
Sri Lanka;Galle;00605;08010;N;E;+05:30
Sweden;Gallivare;06709;02040;N;E;+01:00
Ireland;Galway;05316;00904;N;W;-00:00
Australia;Gambier Mt.;03750;14046;S;E;+09:30
China;Gan;02915;11600;N;E;+08:00
Pakistan;Gandava;02832;06732;N;E;+05:30
Bangladesh;Ganga;02130;09000;N;E;+06:00
Mali;Gao;01610;00005;N;W;-00:00
China;Gar;03211;07959;N;E;+08:00
Italy;Garde L.;04540;01040;N;E;+01:00
U.S.A.;Garden City;03800;10045;N;W;-05:00
U.S.A.;Garland;03250;09637;N;W;-05:00
France;Garonne;04502;00036;N;W;+01:00
New Zealand;Garvie Mts.;04530;16850;S;E;+12:00
U.S.A.;Gary;04135;08720;N;W;-05:00
China;Garze;03139;09958;N;E;+08:00
Australia;Gascoyne;02452;11337;S;E;+09:30
Panama;Gatun L.;00907;07956;N;W;-05:00
Latvia;Gauja;05710;02445;N;E;+02:00
Norway;Gausta;05948;00840;N;E;+01:00
Sweden;Gavie;06041;01713;N;E;+01:00
Australia;Gayndah;02535;15139;S;E;+09:30
Turkey;Gaziantep;03706;03723;N;E;+03:00
Poland;Gdansk;05422;01841;N;E;+01:00
Poland;Gdynia;05435;01833;N;E;+01:00
Indonesia;Gebe;00005;12925;N;E;+07:00
Australia;Geelong;03810;14422;S;E;+09:30
China;Gejiu;02320;10310;N;E;+08:00
Switzerland;Geneva L.;04626;00630;N;E;+01:00
Italy;Gennargentu;04000;00910;N;E;+01:00
Guyana;Georgetown;00650;05812;N;W;-03:00
U.S.A.;Georgia;03200;08200;N;W;-05:00
Germany;Gera;05053;01211;N;E;+01:00
Australia;Geraldton;02848;11432;S;E;+09:30
Spain;Gerona;04158;00246;N;E;+01:00
Spain;Getafe;04018;00344;N;W;+01:00
Libya;Ghat;02459;01019;N;E;+01:00
Afghanistan;Ghazni;03330;06817;N;E;+04:30
Belgium;Ghent;05102;00342;N;E;+01:00
Australia;Gibson Desert;02400;12600;S;E;+09:30
Japan;Gifu;03530;13645;N;E;+09:00
U.S.A.;Gila;03305;10840;N;W;-05:00
Australia;Gilbert;01635;14115;S;E;+09:30
Afghanistan;Girishk;03147;06424;N;E;+04:30
New Zealand;Gisborne;03839;17805;S;E;+12:00
Albania;Gjirokaster;04005;02010;N;E;+01:00
Norway;Gjovik;06047;01043;N;E;+01:00
U.S.A.;Glacier N.P.;04835;11340;N;W;-05:00
Germany;Gladbach;05134;00659;N;E;+01:00
Norway;Glama;06030;01208;N;E;+01:00
U.K.;Glasgow;05552;00414;N;W;-00:00
Poland;Gliwice;05022;01841;N;E;+01:00
U.K.;Gloucester;05152;00215;N;W;-00:00
Poland;Glowgow;05140;01606;N;E;+01:00
Greece;Godthaab;06415;05135;N;W;+02:00
Brazil;Goiania;01643;04920;S;W;-03:00
Brazil;Goias;01557;05007;S;W;-03:00
Ireland;Golden Vale;05233;00817;N;W;-00:00
Chile;Golmud;03622;09455;N;E;-04:00
Belgium;Gomel;05228;03100;N;E;+01:00
South Africa;Good Hope;03424;01830;S;E;+02:00
Australia;Goorgina;02330;13947;S;E;+09:30
U.S.A.;Goose L.;04200;12030;N;W;-05:00
Bangladesh;Gopalganj;02301;08950;N;E;+06:00
Australia;Gordon Downs;01848;12840;S;E;+09:30
New Zealand;Gore;04605;16858;S;E;+12:00
Poland;Gorlitz;05110;01459;N;E;+01:00
Russia;Gorno Altaysk;05159;08556;N;E;+02:00
Indonesia;Gorontalo;00035;12313;N;E;+07:00
Poland;Gorzow Wielkopolski;05243;01515;N;E;+01:00
Japan;Goshogawara;04048;14027;N;E;+09:00
Sweden;Goteborg;05743;01159;N;E;+01:00
Sweden;Gotland;05730;01833;N;E;+01:00
Australia;Goulburn;03444;14944;S;E;+09:30
Canary Is.;Gracias a Dios;01500;08320;N;W;-05:00
Australia;Grafton;02938;15258;S;E;+09:30
Russia;Graham Bell I.;08005;07000;N;E;+02:00
Italy;Gran Sasso;04225;01330;N;E;+01:00
Nicaragua;Granada;01158;08600;N;W;-06:00
Bahrain;Grand Bahama I.;02640;07830;N;W;+04:00
U.S.A.;Grand Canyon N.P.;03615;11220;N;W;-05:00
U.S.A.;Grand Island;04102;09704;N;W;-05:00
U.S.A.;Grand Rapids;04257;08640;N;W;-05:00
Australia;Granites The;02035;13021;S;E;+09:30
Austria;Graz;04704;01527;N;E;+01:00
U.S.A.;Great Basin;04000;11630;N;W;-05:00
Canada;Great Bear L.;06530;12000;N;W;-05:00
Australia;Great Dividing Ra;02300;14600;S;E;+09:30
U.S.A.;Great Falls;04730;11116;N;W;-05:00
U.S.A.;Great Salt Lake Des;04020;11350;N;W;-05:00
U.S.A.;Great Salt Lake;04100;11230;N;W;-05:00
Australia;Great Sandy Desert;02100;12400;S;E;+09:30
Canada;Great Slave L.;06123;11538;N;W;-05:00
Australia;Great Victoria Des;02930;12630;S;E;+09:30
Barbados;Greater Antilles;01740;07400;N;W;-04:00
U.S.A.;Greeley;04030;10440;N;W;-05:00
U.K.;Greenock;05557;00446;N;W;-00:00
U.S.A.;Greensboro;03607;07946;N;W;-05:00
Liberia;Greenville;00507;00906;N;W;-00:00
U.K.;Greenwich;05128;00000;N;E;-00:00
Australia;Gregory L.;02005;12700;S;E;+09:30
France;Grenoble;04512;00542;N;E;+01:00
Australia;Grey Ra.;02700;14330;S;E;+09:30
New Zealand;Greymouth;04229;17113;S;E;+12:00
Australia;Griffith;03418;14602;S;E;+09:30
Belgium;Grodno;05342;02352;N;E;+01:00
Netherlands;Groningen;05315;00635;N;E;+01:00
Italy;Grosseto;04304;01100;N;E;+01:00
Russia;Groznyy;04320;04545;N;E;+02:00
Bahrain;Gt.Abaco I.;02625;07710;N;W;+04:00
New Zealand;Gt.Barrier I.;03611;17525;S;E;+12:00
Bahrain;Gt.Inagua I.;02100;07320;N;W;+04:00
U.K.;Gt.Ouse;05247;00022;N;W;-00:00
Mexico;Guadalajara;02040;10320;N;W;-06:00
Solomon Is.;Guadalcanal;00932;16012;S;E;+11:00
France;Guadeloupe;01620;06140;N;W;+01:00
Spain;Guadelquivir;03800;00400;N;W;+01:00
U.S.A.;Guam;01327;14445;N;E;-05:00
China;Guangzhou;02305;11310;N;E;+08:00
Cuba;Guantanamo;02009;07514;N;W;-05:00
Brazil;Guapore;01155;06504;S;W;-03:00
Somalia;Guardafui C.;01155;05110;N;E;+03:00
Guam;Guatemala City;01440;09022;N;W;+10:00
Colombia;Guaviare;00403;06744;N;W;-05:00
Ecuador;Guayaquil;00215;07952;S;W;-05:00
France;Gueret;04610;00152;N;E;+01:00
China;Guilin;02518;11015;N;E;+08:00
China;Guiyang;02632;10640;N;E;+08:00
Pakistan;Gujranwala;03210;07412;N;E;+05:30
Pakistan;Gujrat;03240;07402;N;E;+05:30
Pakistan;Gulistan;03036;06635;N;E;+05:30
Myanmar;Gwa;01730;09440;N;E;+06:00
Zimbabwe;Gweru;01928;02945;S;E;+02:00
Australia;Gympie;02611;15238;S;E;+09:30
Hungary;Gyor;04741;01740;N;E;+01:00
Estonia;Haapsalu;05856;02330;N;E;+02:00
Netherlands;Haarlem;05223;00439;N;E;+01:00
Japan;Hachijo jime;03305;13945;N;E;+09:00
Japan;Hachinohe;04030;14130;N;E;+09:00
North Korea;Haeju;03803;12545;N;E;+08:00
Japan;Hagi;03430;13130;N;E;+09:00
Netherlands;Hague The;05207;00417;N;E;+01:00
Israel;Haifa;03246;03500;N;E;+02:00
China;Haikou;02001;11016;N;E;+08:00
Saudi Arabia;Hail;02728;04145;N;E;+03:00
China;Hailar;04912;11937;N;E;+08:00
China;Hainan;01900;10930;N;E;+08:00
Vietnam;Haiphong;02047;10641;N;E;+07:00
Myanmar;Haka;02239;09337;N;E;+06:00
Japan;Hakodate;04145;14044;N;E;+09:00
Norway;Halden;05907;01123;N;E;+01:00
India;Halebidu;01300;07509;N;E;+05:30
Canada;Halifax;04438;06335;N;W;-05:00
Germany;Halle;05129;01200;N;E;+01:00
Norway;Hallingdal;06034;00912;N;E;+01:00
Indonesia;Halmahera;00040;12800;N;E;+07:00
Sweden;Halmstad;05641;01252;N;E;+01:00
Syria;Hama;03505;03640;N;E;+02:00
Japan;Hamada;03450;13210;N;E;+09:00
Iran;Hamadan;03452;04832;N;E;+03:30
Japan;Hamamatsu;03442;13742;N;E;+09:00
Norway;Hamar;06048;01107;N;E;+01:00
Germany;Hamburg;05332;00959;N;E;+01:00
Finland;Hameenlinna;06100;02428;N;E;+02:00
North Korea;Hamhung;04000;12730;N;E;+08:00
China;Hami;04247;09332;N;E;+08:00
Canada;Hamilton;04315;07950;N;W;-05:00
India;Hamirpur;02554;08006;N;E;+05:30
Norway;Hammerfest;07039;02341;N;E;+01:00
Australia;Hampton Tableland;03200;12700;N;E;+09:30
Pakistan;Hamun-I-Mashkel;02830;06300;N;E;+05:30
China;Handan;03637;11425;N;E;+08:00
Mongolia;Hangayn Nuruu;04730;10000;N;E;+08:00
China;Hangzhou Wan;03030;12130;N;E;+08:00
China;Hangzhou;03018;12011;N;E;+08:00
Finland;Hanko;05959;02257;N;E;+02:00
Vietnam;Hanoi;02105;10555;N;E;+07:00
Germany;Hanover;05223;00943;N;E;+01:00
China;Hanzhong;03309;10703;N;E;+08:00
Sweden;Haparanda;06552;02408;N;E;+01:00
Mongolia;Har us Nuur;04800;09210;N;E;+08:00
Zimbabwe;Harare;01743;03102;S;E;+02:00
China;Harbin;04546;12651;N;E;+08:00
Norway;Hardanger Fjord;06015;00600;N;E;+01:00
Ethiopia;Harer;00920;04210;N;E;+03:00
Somalia;Hargeisa;00930;04402;N;E;+03:00
Afghanistan;Hari;03420;06430;N;E;+04:30
U.S.A.;Harney Basin;04330;11900;N;W;-05:00
Sweden;Harnosand;06238;01805;N;E;+01:00
U.S.A.;Harrisburg;04018;07652;N;W;-05:00
U.K.;Harrow;05135;00015;N;W;-00:00
Norway;Harstad;06848;01630;N;E;+01:00
U.S.A.;Hartford;04147;07241;N;W;-05:00
U.K.;Hartlepool;05442;00111;N;W;-00:00
Syria;Haseke;03706;04200;N;E;+02:00
New Zealand;Hastings;03939;17652;S;E;+12:00
Thailand;Hat Yai;00701;10027;N;E;+07:00
Mongolia;Hatgal;05026;10009;N;E;+08:00
U.S.A.;Hatteras C.;03510;07530;N;W;-05:00
Norway;Haugesund;05923;00513;N;E;+01:00
Cuba;Havana;02308;08222;N;W;-05:00
U.S.A.;Hawaiian Is.;02030;15600;N;W;-05:00
New Zealand;Hawea L.;04428;16919;S;E;+12:00
New Zealand;Hawera;03935;17419;S;E;+12:00
Canada;Hay River;06002;11800;N;W;-05:00
Australia;Hay;02410;13720;S;E;+09:30
China;Hefel;03152;11718;N;E;+08:00
China;Hegang;04720;13019;N;E;+08:00
Germany;Heidelborg;04923;00841;N;E;+01:00
Saudi Arabia;Hejaz;02600;03730;N;E;+03:00
New Zealand;Helensvilfe;03641;17429;S;E;+12:00
Germany;Heligoland;05410;00751;N;E;+01:00
Afghanistan;Helmand;03400;06700;N;E;+04:30
Sweden;Helsingborg;05603;01242;N;E;+01:00
Finland;Helsinki;06015;02503;N;E;+02:00
Sweden;Hemse;05715;01822;N;E;+01:00
China;Hengyang;02651;11230;N;E;+08:00
Mongolia;Hentiyn Nuruu;04830;10830;N;E;+08:00
Myanmar;Henzada;01738;09526;N;E;+06:00
Afghanistan;Herat;03420;06207;N;E;+04:30
Mexico;Hermositio;02915;11059;N;W;-06:00
Nepal;Hetauda;02726;08502;N;E;+05:30
U.S.A.;Hialeach;02549;08017;N;W;-05:00
Morocco;High Atlas;03230;00500;N;W;+01:00
New Zealand;Hikurangi Mt.;00755;17804;S;E;+12:00
U.K.;Hilingdon;05133;00029;N;W;-00:00
Iraq;Hilla;03230;04427;N;E;+03:00
St. Vin. & Gren.;Hills borough;01228;06128;N;W;-04:00
Japan;Himeji;03450;13440;N;E;+09:00
Bhutan;Hindang Gang Jung;02702;09100;N;E;+05:30
Afghanistan;Hindu Kush;03600;07100;N;E;+04:30
Norway;Hinnoy;06840;01628;N;E;+01:00
Japan;Hiroshima;03424;13230;N;E;+09:00
Norway;Hitra;06330;00845;N;E;+01:00
Sweden;Hjalmaren L.;05918;01540;N;E;+01:00
Denmark;Hjorring;05729;00959;N;E;+01:00
Vietnam;Ho Chi Minh City;01058;10640;N;E;+07:00
Vietnam;Hoa Binh;02050;10520;N;E;+07:00
Australia;Hobart;04250;14721;S;E;+09:30
Yemen North;Hodeida;01450;04300;N;E;+03:00
North Korea;Hoeryong;04230;12958;N;E;+08:00
Algeria;Hoggar;02300;00630;N;E;+01:00
China;Hohhot;04052;11140;N;E;+08:00
New Zealand;Hokitika;04242;17100;S;E;+12:00
Japan;Hokkaido;04330;14300;N;E;+09:00
Cuba;Holguin;02050;07620;N;W;-05:00
U.S.A.;Hollywood;02600;08009;N;W;-05:00
Denmark;Holstebro;05622;00837;N;E;+01:00
Myanmar;Homatin;02455;09500;N;E;+06:00
Australia;Home Hill;01943;14725;S;E;+09:30
Syria;Homs;03440;03645;N;E;+02:00
Norway;Honefoss;06010;01012;N;E;+01:00
China;Hong Kong;02220;11411;N;E;+08:00
Solomon Is.;Honiara;00930;16000;S;E;+11:00
U.S.A.;Honolulu;02119;15752;N;W;-05:00
Japan;Honshu;03600;13800;N;E;+09:00
Canada;Hopedale;05530;06010;N;W;-05:00
Chile;Horn C.;05550;06730;S;W;-04:00
Sweden;Hornavan;06615;01730;N;E;+01:00
Chile;Horqin Youyi Qianqi;04602;12200;N;E;-04:00
Australia;Horsham;03644;14213;S;E;+09:30
Spain;Hospitalet;04121;00206;N;E;+01:00
China;Hotan;03725;07955;N;E;+08:00
New Zealand;Houhoro;03449;17309;S;E;+12:00
U.S.A.;Houston;02950;09520;N;W;-05:00
Mongolia;Hovd;04802;09137;N;E;+08:00
Mongolia;Hovsgol;05100;10030;N;E;+08:00
Australia;Howe C.;03730;15000;S;E;+09:30
U.K.;Hoy I.;05850;00315;N;W;-00:00
Myanmar;Hpungan Pass;02730;09655;N;E;+06:00
Czecho;Hradec Kralove;05015;01550;N;E;+01:00
China;Huainan;03239;11702;N;E;+08:00
Angola;Huambo;01242;01554;S;E;+01:00
Peru;Huancayo;01205;07512;S;W;-05:00
China;Huang Ho;03755;11850;N;E;+08:00
China;Huangshi;03010;11503;N;E;+08:00
Peru;Huanuco;00955;07615;S;W;-05:00
Peru;Huaraz;00930;07732;S;W;-05:00
U.S.A.;Hudson;04042;07402;N;W;-05:00
Vietnam;Hue;01630;10735;N;E;+07:00
Spain;Huelva;04208;00035;N;W;+01:00
Australia;Hughenden;02052;14410;S;E;+09:30
New Zealand;Huiarau Ra.;03845;17655;S;E;+12:00
U.K.;Hull;05345;00020;N;W;-00:00
Maldives;Hulule;00452;07452;N;E;+05:00
U.S.A.;Humboldt;04002;11831;N;W;-05:00
North Korea;Hungnam;03949;12745;N;E;+08:00
New Zealand;Huntly;03734;17511;S;E;+12:00
U.S.A.;Huntsville;03444;08635;N;W;-05:00
U.S.A.;Hutchinson;03803;09759;N;W;-05:00
Iceland;Hvita;06400;02858;N;W;-00:00
Mongolia;Hyargas Nuur;04912;09334;N;E;+08:00
Pakistan;Hyderabad;02523;06836;N;E;+05:30
Romania;Iasi;04710;02740;N;E;+02:00
Spain;Ibiza;03854;00126;N;E;+01:00
Peru;Ica;01400;07548;S;W;-05:00
U.S.A.;Idaho;04410;11400;N;W;-05:00
Russia;Igarka;06730;08633;N;E;+02:00
Nepal;Iiam;02655;08755;N;E;+05:30
Japan;Iki;03345;12942;N;E;+09:00
Zaire;Ilebo;00417;02047;S;E;+02:00
U.S.A.;Illinois;04015;08930;N;W;-05:00
Philippines;Iloilo;01045;12233;N;E;+08:00
Japan;Imabari;03404;13300;N;E;+09:00
Algeria;In Salah;02712;00229;N;E;+01:00
Finland;Inari L.;06900;02800;N;E;+02:00
Finland;Inari;06854;02705;N;E;+02:00
South Korea;Inchon;03727;12640;N;E;+09:00
U.S.A.;Independence;03904;09427;N;W;-05:00
U.S.A.;Indiana;04000;08600;N;W;-05:00
U.S.A.;Indianapolis;04123;09226;N;W;-05:00
Russia;Indigirka;06900;14700;N;E;+02:00
Pakistan;Indus;02840;07010;N;E;+05:30
Australia;Ingham;01843;14610;S;E;+09:30
Austria;Inn;04835;01328;N;E;+01:00
Poland;Inowroclaw;05249;01812;N;E;+01:00
Myanmar;Insein;01715;09600;N;E;+06:00
Canada;Inuvik;06816;13340;N;W;-05:00
New Zealand;Invercargill;04624;16824;S;E;+12:00
Australia;Inverell;02946;15110;S;E;+09:30
Greece;Ioannina;03940;02051;N;E;+02:00
U.S.A.;Iowa;04218;09330;N;W;-05:00
Malaysia;Ipoh;00435;10105;N;E;+08:00
Australia;Ipswich;02735;15246;S;E;+09:30
Chile;Iquique;02019;07005;S;W;-04:00
Peru;Iquitos;00345;07310;S;W;-05:00
Greece;Iraklion;03520;02512;N;E;+02:00
Jordan;Irbid;03235;03548;N;E;+02:00
Indonesia;Irian Jaya;00400;13700;S;E;+07:00
Russia;Irkutsk;05218;10420;N;E;+02:00
Australia;Iron knob;03246;13708;S;E;+09:30
Myanmar;Irrawaddy;01550;09506;N;E;+06:00
Russia;Irtysh;05336;07530;N;E;+02:00
U.S.A.;Irving;03247;09657;N;W;-05:00
Australia;Isa Mt.;02042;13926;S;E;+09:30
Iceland;Isfjorour;06601;02354;N;W;-00:00
Japan;Ishinomaki;03832;14120;N;E;+09:00
Pakistan;Islamabad;03340;07300;N;E;+05:30
U.K.;Islay I;05546;00610;N;W;-00:00
U.K.;Isle of Man;05415;00430;N;W;-00:00
Egypt;Ismailiya;03036;03215;N;E;+02:00
Turkey;Isparta;03747;03030;N;E;+03:00
Turkey;Istanbul;04100;02900;N;E;+03:00
Russia;Iturup I;04500;14800;N;E;+02:00
Finland;Ivalo;06838;02735;N;E;+02:00
Finland;Ivalojoki;06830;02700;N;E;+02:00
Russia;Ivanova;05207;02529;N;E;+02:00
Japan;Iwaki;03703;14055;N;E;+09:00
Turkey;Izmir;03825;02708;N;E;+03:00
Turkey;Izmit;04045;02950;N;E;+03:00
Saudi Arabia;Jabal Shammar;02801;04201;N;E;+03:00
U.S.A.;Jackson;03220;09010;N;W;-05:00
U.S.A.;Jacksonville;03015;08138;N;W;-05:00
Haiti;Jacmel;01820;07240;N;W;-05:00
Spain;Jaen;03744;00343;N;W;+01:00
Sri Lanka;Jaffna;00945;08002;N;E;+05:30
India;Jaipur;02718;09524;N;E;+05:30
Indonesia;Jakarta;00609;10649;S;E;+07:00
Greece;Jakobshavn;06910;05105;N;W;+02:00
Afghanistan;Jalalabad;03430;07029;N;E;+04:30
Mexico;Jalapa Enriquez;01932;09656;N;W;-06:00
Indonesia;Jambi;00138;10330;S;E;+07:00
Brazil;Januaria;01528;04423;S;W;-03:00
Brazil;Japura;00308;06446;S;W;-03:00
Indonesia;Java;00700;11000;S;E;+07:00
Indonesia;Jayapura;00237;14039;S;E;+07:00
Indonesia;Jayawijaya Ra.;00700;13900;S;E;+07:00
Saudi Arabia;Jedda;02129;03910;N;E;+03:00
U.S.A.;Jefferson City;03608;09330;N;W;-05:00
Poland;Jelexia Gora;05158;01552;N;E;+01:00
Latvia;Jelgava;05641;02249;N;E;+02:00
Germany;Jena;05056;01133;N;E;+01:00
Haiti;Jeremie;01840;07410;N;W;-05:00
Spain;Jerez;03641;00607;N;W;+01:00
U.S.A.;Jersey City;04041;07408;N;W;-05:00
Israel;Jerusalem;03147;03510;N;E;+02:00
Bangladesh;Jessore;02310;08910;N;E;+06:00
Pakistan;Jhang Maghiana;03115;07215;N;E;+05:30
Pakistan;Jhelum;03150;07210;N;E;+05:30
China;Jiamusi;04640;13026;N;E;+08:00
China;Jian;02706;11459;N;E;+08:00
China;Jiangcheng;02236;10150;N;E;+08:00
China;Jiangmen;02240;11305;N;E;+08:00
China;Jiayuguan;03947;09814;N;E;+08:00
China;Jilin;04344;12630;N;E;+08:00
Ethiopia;Jima;00740;03647;N;E;+03:00
China;Jinan;03641;11700;N;E;+08:00
China;Jingdezhen;02917;11712;N;E;+08:00
China;Jining;03525;11640;N;E;+08:00
China;Jinzhou;04105;12103;N;E;+08:00
China;Jiujiang;02941;11603;N;E;+08:00
China;Jixi;04520;13050;N;E;+08:00
Brazil;Joao Pessoa;00710;03452;S;W;-03:00
Finland;Joensuu;06237;02949;N;E;+02:00
South Africa;Johannesburg;02610;02802;S;E;+02:00
Malaysia;Johor Baharu;00128;10346;N;E;+08:00
Brazil;Joinvile;02615;04855;S;E;-03:00
Sweden;Jokkmokk;06635;01950;N;E;+01:00
Philippines;Jolo;00600;12100;N;E;+08:00
Sweden;Jonkoping;05745;01410;N;E;+01:00
Canada;Jonquiere;04825;07116;N;W;-05:00
Norway;Jotunheimen;06135;00825;N;E;+01:00
Greece;Julianehab;06040;04600;N;W;+02:00
Nepal;Jumla;02917;08210;N;E;+05:30
U.S.A.;Juneau;05820;13420;N;W;-05:00
U.K.;Jura I;05600;00550;N;W;-00:00
Brazil;Juruti;00210;05600;S;W;-03:00
Honduras;Juticalpa;01440;08550;N;W;-06:00
Denmark;Jutland;05625;00930;N;E;+01:00
Finland;Jyvaskyla;06214;02550;N;E;+02:00
Indonesia;Kabaena;00515;12200;S;E;+07:00
Afghanistan;Kabul;03430;06913;N;E;+04:30
Turkey;Kackar;04045;04130;N;E;+03:00
Mauritania;Kaedi;01609;01328;N;W;-00:00
North Korea;Kaesong;03758;12635;N;E;+08:00
Japan;Kagoshima;03135;13033;N;E;+09:00
Indonesia;Kai Is.;00555;13245;S;W;+07:00
China;Kaifeng;03449;11430;N;E;+08:00
New Zealand;Kaikohe;03525;17349;S;E;+12:00
New Zealand;Kaikoura Ra.;04159;17341;S;E;+12:00
New Zealand;Kaikoura;04225;17343;S;E;+12:00
Indonesia;Kaimana;00339;13344;S;E;+07:00
New Zealand;Kaitaia;03508;17317;S;E;+12:00
Finland;Kajaani;06417;02746;N;E;+02:00
Australia;Kajabbi;02000;14001;S;E;+09:30
New Zealand;Kakanui Mts;04510;17030;S;E;+12:00
Myanmar;Kaladan;02130;09245;N;E;+06:00
Myanmar;Kalagauk I.;01533;09735;N;E;+06:00
Greece;Kalamata;03702;02207;N;E;+02:00
Pakistan;Kalat;02908;06631;N;E;+05:30
Indonesia;Kalimanton;03600;11400;N;E;+07:00
Russia;Kaliningrad;05442;02032;N;E;+02:00
Poland;Kalisz;05318;01555;N;E;+01:00
Sweden;Kalmar;05640;01620;N;E;+01:00
Sri Lanka;Kalutara;00635;08000;N;E;+05:30
Russia;Kama;06000;05300;N;E;+02:00
Zaire;Kamina;00845;02500;S;E;+02:00
Canada;Kamloops;05039;12024;N;W;-05:00
Uganda;Kampala;00020;03230;N;E;+03:00
Cambodia;Kampot;01036;10410;N;E;+07:00
Japan;Kamui C.;04503;14230;N;E;+09:00
Zaire;Kananga;00555;02215;S;E;+02:00
Japan;Kanazawa;03630;13638;N;E;+09:00
Nepal;Kanchenjunga;02750;08810;N;E;+05:30
Sri Lanka;Kandy;00718;08043;N;E;+05:30
Afghanistan;Kang;03055;06155;N;E;+04:30
Australia;Kangaroo I.;03545;13700;S;E;+09:30
North Korea;Kanggy;04100;12635;N;E;+08:00
South Korea;Kangnung;03745;12854;N;E;+09:00
Russia;Kanin Nos .C.;06845;04320;N;E;+02:00
Russia;Kanin Penin.;06800;04500;N;E;+02:00
Nigeria;Kano;01202;00830;N;E;+01:00
U.S.A.;Kansas City;03900;09440;N;W;-05:00
U.S.A.;Kansas;03840;09800;N;W;-05:00
Austria;Kapfenberg;04727;01518;N;E;+01:00
New Zealand;Kapiti I.;04050;17456;S;E;+12:00
Malaysia;Kapuas Hulu Ra.;00130;11330;N;E;+08:00
Indonesia;Kapuas;00020;11140;N;E;+07:00
Pakistan;Karachi;02453;06700;N;E;+05:30
Kazakhstan;Karaganda;04950;07310;N;E;+05:00
Russia;Karaginski I.;05845;16400;N;E;+02:00
Sri Lanka;Karaitivu I;00945;07952;N;E;+05:30
Iran;Karaj;03504;05100;N;E;+03:30
China;Karamay;04548;08430;N;E;+08:00
Iraq;Karbaia;03236;04403;N;E;+03:00
Indonesia;Karimata Is.;00140;10900;S;E;+07:00
Germany;Karl Marx Stadt;05050;01255;N;E;+01:00
Croatia;Karlovac;04530;01554;N;E;+01:00
Sweden;Karlshamn;05610;01451;N;E;+01:00
Sweden;Karlskoga;05922;01433;N;E;+01:00
Sweden;Karlskrona;05610;01535;N;E;+01:00
Germany;Karlsruhe;04903;00823;N;E;+01:00
Sweden;Karlstad;05923;01330;N;E;+01:00
Nepal;Karnali;02900;08200;N;E;+05:30
Zaire;Kasal;00820;02200;S;E;+02:00
China;Kashi;03930;07602;N;E;+08:00
Finland;Kaskinen;06222;02115;N;E;+02:00
Germany;Kassel;05119;00932;N;E;+01:00
Pakistan;Kasur;03105;07425;N;E;+05:30
Australia;Katanning;03340;11733;S;E;+09:30
Australia;Katherine;01427;13220;S;E;+09:30
Nepal;Katmandu;02705;08504;N;E;+05:30
Poland;Katowice;05017;01905;N;E;+01:00
U.S.A.;Kauai;02200;15930;N;W;-05:00
Lithuania;Kaunas;05454;02354;N;E;+02:00
Albania;Kavaje;04111;01933;N;E;+01:00
Greece;Kavalla;04057;02428;N;E;+02:00
New Zealand;Kawerau;03807;17642;S;E;+12:00
Mali;Kayes;01425;01130;N;E;-00:00
Turkey;Kayseri;03845;03530;N;E;+03:00
Russia;Kazan;05548;04903;N;E;+02:00
Sweden;Kebnekaise;06754;01833;N;E;+01:00
Hungary;Kecskemet;04657;01942;N;E;+01:00
Indonesia;Kediri;00751;11211;S;E;+07:00
Namibia;Keetmanshoop;02635;01808;S;E;+02:00
Greece;Kefallinia;03820;02030;N;E;+02:00
Sri Lanka;Kegalla;00715;08021;N;E;+05:30
Finland;Kelloselko;06656;02853;N;E;+02:00
New Zealand;Kelso;04554;16915;S;E;+12:00
Malaysia;Keluang;00203;10318;N;E;+08:00
Russia;Kemerovo;05520;08605;N;E;+02:00
Finland;Kemi L.;06544;02434;N;E;+02:00
Finland;Kemi;06544;02434;N;E;+02:00
Finland;Kemijarvi;06643;02722;N;E;+02:00
Indonesia;Kendari;00350;12230;S;E;+07:00
Myanmar;Keng Tung;02100;09930;N;E;+06:00
U.S.A.;Kentucky;03720;08500;N;W;-05:00
Greece;Kerkire I;03938;01950;N;E;+02:00
Iran;Kerman;03015;05701;N;E;+03:30
Mongolia;Kerulen;04848;11700;N;E;+08:00
Cambodia;Kg.Cham;01200;10505;N;E;+07:00
Russia;Khabarovsk;04830;13505;N;E;+02:00
Pakistan;Khairpur;02732;06849;N;E;+05:30
Greece;Khalkis;03828;02336;N;E;+02:00
Saudi Arabia;Khamis Mushait;01819;04245;N;E;+03:00
Greece;Khania;03531;02401;N;E;+02:00
Ukraine;Kharkov;04958;03620;N;E;+02:00
Sudan;Khartoum;01533;03232;N;E;+02:00
Afghanistan;Khash;02815;06105;N;E;+04:30
Bulgaria;Khaskovo;04156;02530;N;E;+02:00
Ukraine;Kherson;04635;03235;N;E;+02:00
Greece;Khios;03820;02600;N;E;+02:00
Afghanistan;Khojak pass;03055;06630;N;E;+04:30
Thailand;Khon Kaen;01630;10247;N;E;+07:00
Iran;Khorramabad;03330;04825;N;E;+03:30
Iran;Khorramshahr;03029;04815;N;E;+03:30
Bangladesh;Khulna;02245;08934;N;E;+06:00
Pakistan;Khushab;03220;07220;N;E;+05:30
Pakistan;Khuzdar;02752;06630;N;E;+05:30
Iran;Khvoy;03835;04500;N;E;+03:30
Afghanistan;Khyber Pass;03410;07108;N;E;+04:30
New Zealand;Kidnappers;03938;17705;S;E;+12:00
Germany;Kiel;05416;01008;N;E;+01:00
Poland;Kielce;05052;02042;N;E;+01:00
Ukraine;Kiev;05030;03028;N;E;+02:00
Rwanda;Kigali;00159;03004;S;E;+02:00
Yugoslavia;Kikinda;04550;02030;N;E;+01:00
Greece;Kikladhes;03720;02430;N;E;+02:00
Tanzania;Kilimanjaro;00307;03720;S;E;+03:00
South Africa;Kimberley;02843;02446;S;E;+02:00
Malaysia;Kinabalu Mt.;00600;11600;N;E;+08:00
Australia;King I.;03950;14400;S;E;+09:30
Australia;King Sd.;01650;12320;S;E;+09:30
Jamaica;Kingston;03602;14000;S;E;-05:00
U.K.;Kintyre;05517;00504;N;W;-00:00
Iraq;Kirkuk;03530;04421;N;E;+03:00
Pakistan;Kirthar Ra.;02700;06700;N;E;+05:30
Sweden;Kiruna;06752;02015;N;E;+01:00
Zaire;Kisangani;00035;02515;N;E;+02:00
Moldova;Kishinev;04700;02850;N;E;+02:00
Bangladesh;Kishorganj;02426;09040;N;E;+06:00
Somalia;Kismayu;00022;04232;S;E;+03:00
Kenya;Kisumu;00003;03445;S;E;+03:00
Japan;Kitakyushu;03350;13050;N;E;+09:00
Greece;Kithira;03609;02300;N;E;+02:00
Canada;Kitimat;05405;12038;N;W;-05:00
Zambia;Kitwe;01254;02813;S;E;+02:00
Austria;Klagenfurt;04638;01420;N;E;+01:00
Lithuania;Klaipeda;05543;02110;N;E;+02:00
U.S.A.;Klamath Falls;04220;12150;N;W;-05:00
Sweden;Klaralven;06032;01315;N;E;+01:00
U.S.A.;Knoxville;03558;08357;N;W;-05:00
Thailand;Ko Samui;00930;10000;N;E;+07:00
Japan;Kobe;03445;13510;N;E;+09:00
Germany;Koblenz;05021;00736;N;E;+01:00
Indonesia;Kobroor;00610;13430;S;E;+07:00
Japan;Kochi;03330;13335;N;E;+09:00
U.S.A.;Kodiak I;05730;15245;N;W;-05:00
Pakistan;Kohat;03340;07129;N;E;+05:30
Finland;Kokkola;06350;02308;N;E;+02:00
Indonesia;Kolaka;00403;12146;S;E;+07:00
Russia;Kolguyev I.;06920;04830;N;E;+02:00
Russia;Kolyma;06440;15300;N;E;+02:00
Russia;Komandorskiye I.;05500;16700;N;E;+02:00
Japan;Komatsu;03625;13627;N;E;+09:00
Greece;Komotini;04106;02525;N;E;+02:00
Cambodia;Kompong Som;01050;10332;N;E;+07:00
Russia;Komsomolets I.;08030;09500;N;E;+02:00
Russia;Komsomolsk;05030;13700;N;E;+02:00
Norway;Kongsberg;05939;00939;N;E;+01:00
Norway;Kongsvinger;06012;01202;N;E;+01:00
Poland;Konin;05212;01812;N;E;+01:00
Turkey;Konya;03752;03535;N;E;+03:00
Croatia;Koper;04531;01344;N;E;+01:00
Albania;Korce;04037;02050;N;E;+01:00
Russia;Korelny I.;07510;13900;N;E;+02:00
Japan;Koriyama;03723;14022;N;E;+09:00
China;Korla;04145;08604;N;E;+08:00
Russia;Koryak Re.;06100;17100;N;E;+02:00
Australia;Kosciusko Mt.;03627;14816;S;E;+09:30
Slovenia;Kosice;04842;02115;N;E;+01:00
Russia;Kostroma;05750;04058;N;E;+02:00
Poland;Koszalin;05410;01610;N;E;+01:00
Malaysia;Kota Baharu;00607;10214;N;E;+08:00
Malaysia;Kota Kinabalu;00600;11604;N;E;+08:00
Finland;Kotka;06028;02658;N;E;+02:00
Russia;Kotlas;06115;04700;N;E;+02:00
Pakistan;Kotri;02522;06822;N;E;+05:30
Russia;Kotuy;07030;10300;N;E;+02:00
Thailand;Istmus of Kra;01015;09930;N;E;+07:00
Indonesia;Krakatau;00610;10520;S;E;+07:00
Poland;Krakow;05004;01957;N;E;+01:00
Sweden;Kramfors;06255;01750;N;W;+01:00
Russia;Krasnodar;04502;03900;N;E;+02:00
Turkmenistan;Krasnovodsk;04000;05252;N;E;+04:00
Russia;Krasnoyarsk;05608;09300;N;E;+02:00
Cambodia;Kratie;01232;10610;N;E;+07:00
Germany;Krefeld;05120;00632;N;E;+01:00
Sweden;Kristianstad;05602;01409;N;E;+01:00
Norway;Kristiansund;05808;00801;N;E;+01:00
Finland;Kristiinankapunki;06216;02121;N;E;+02:00
Yugoslavia;Krusevac;04335;02128;N;E;+01:00
Malaysia;Kuala Dungan;00445;10325;N;E;+08:00
Malaysia;Kuala Lumpur;00309;10141;N;E;+08:00
Malaysia;Kuala Selangor;00320;10115;N;E;+08:00
Malaysia;Kuala Terengganu;00520;10308;N;E;+08:00
Indonesia;Kualakapuas;00255;11420;S;E;+07:00
Malaysia;Kuantan;00349;10320;N;E;+08:00
Japan;Kuchinoerabu-Jima;03028;13011;N;E;+09:00
Malaysia;Kucing;00133;11025;N;E;+08:00
Malaysia;Kudat;00655;11655;N;E;+08:00
Iran;Kuh-E-Hazaran;02935;05720;N;E;+03:30
Iran;Kuh-I-Taftan;02840;06100;N;E;+03:30
Turkmenistan;Kum;03930;06000;N;E;+04:00
Macedonia;Kumanovo;04209;02142;N;E;+01:00
Myanmar;Kumon Bum;02630;09715;N;E;+06:00
Afghanistan;Kunar;03430;07103;N;E;+04:30
Russia;Kunashir I.;04400;14600;N;E;+02:00
Afghanistan;Kunduz;03650;06850;N;E;+04:30
Sweden;Kungsbacka;05730;01205;N;E;+01:00
China;Kunming;02501;10241;N;E;+08:00
South Korea;Kunsan;03559;12645;N;E;+09:00
Australia;Kununurra;01540;12839;S;E;+09:30
Finland;Kuopio;06253;02735;N;E;+02:00
Indonesia;Kupang;01019;12339;S;E;+07:00
China;Kuqa;04143;08258;N;E;+08:00
Russia;Kurgan;05526;06515;N;E;+02:00
Oman;Kuria Muria Is.;01730;05558;N;E;+04:00
Russia;Kuril Is.;04500;15000;N;E;+02:00
New Zealand;Kurow;04404;17029;S;E;+12:00
Russia;Kursk;05142;03611;N;E;+02:00
Japan;Kurume;03315;13030;N;E;+09:00
Sri Lanka;Kurunegala;00730;08018;N;E;+05:30
Japan;Kushiro;04259;14423;N;E;+09:00
Afghanistan;Kushk;03455;06230;N;E;+04:30
U.S.A.;Kuskokwim;06148;15700;N;W;-05:00
Kazakhstan;Kustanay;05310;06335;N;E;+05:00
Iraq;Kut;03302;04600;N;E;+03:00
Turkey;Kutahya;03930;03002;N;E;+03:00
Russia;Kuybyshev;05308;05006;N;E;+02:00
South Korea;Kwangju;03509;12654;N;E;+09:00
Mongolia;Kyakhta;05030;10625;N;E;+08:00
Japan;Kyoto;03500;13545;N;E;+09:00
Japan;Kyushu;03300;13100;N;E;+09:00
Bulgaria;Kyustendil;04216;02240;N;E;+02:00
Uzbekistan;Kyzyl Kum;04230;06500;N;E;+05:00
Russia;Kyzyl;05150;09430;N;E;+02:00
Australia;L Dore;02200;12200;S;E;+09:30
Australia;L Gairdner;03100;13500;S;E;+09:30
Venezuella;La Blanquilia;01201;06500;N;W;-04:00
Honduras;La Ceiba;01545;08645;N;W;-06:00
Panama;La Chorrera;00851;07946;N;W;-05:00
Spain;La Coruna;04320;00825;N;W;+01:00
Spain;La Linea;03602;00503;N;W;+01:00
Panama;La Palma;00744;08016;N;W;-05:00
Bolivia;La Paz;01620;06810;S;W;-04:00
Argentina;La Plata;03500;05755;S;W;-03:00
Argentina;La Rioja;02920;06700;S;W;-03:00
France;La Rochelle;04610;00109;N;W;+01:00
Cuba;La Romana;01827;06857;N;W;-05:00
Spain;La Sagra;03704;00200;N;W;+01:00
Chile;La Serena;02955;07110;S;W;-04:00
Italy;La Spezia;04408;00950;N;E;+01:00
Venezuella;La Tortuga;01002;06800;N;W;-04:00
Cuba;La Vega (Don.Rep);01915;07033;N;W;-05:00
Canada;Labrador;05320;06100;N;W;-05:00
Australia;Lachion;03422;14355;S;E;+09:30
Russia;Ladoga;06115;03030;N;E;+02:00
Denmark;Laeso;05715;01053;N;E;+01:00
Nigeria;Lagos;00625;00327;N;E;+01:00
Pakistan;Lahore;03132;07422;N;E;+05:30
Finland;Lahti;06058;02540;N;E;+02:00
Vietnam;Lai Chau;02205;10303;N;E;+07:00
Pakistan;Lakki;03238;07050;N;E;+05:30
Bangladesh;Laksham;02314;09108;N;E;+06:00
Greece;Lamia;03855;02226;N;E;+02:00
Thailand;Lampang;01818;09931;N;E;+07:00
Norway;Langoy;06845;01510;N;E;+01:00
U.S.A.;Lansing;04247;08440;N;W;-05:00
China;Lanzhou;03601;10352;N;E;+08:00
Philippines;Laoag;01807;12034;N;E;+08:00
France;Laon;05001;00352;N;E;+01:00
Finland;Lappeenranta;06105;02803;N;E;+02:00
Indonesia;Larantuka;00805;12255;S;E;+07:00
Greece;Larisa;03949;02228;N;E;+02:00
Pakistan;Larkana;02732;06802;N;E;+05:30
U.S.A.;Las Cruces;03225;10650;N;W;-05:00
U.S.A.;Las Vegas;03610;11505;N;W;-05:00
Myanmar;Lashio;02256;09745;N;E;+06:00
Syria;Latakia;03531;03547;N;E;+02:00
Italy;Latina;04126;01253;N;E;+01:00
Australia;Launceston;04124;14708;S;E;+09:30
Australia;Laura;01532;14432;S;E;+09:30
Indonesia;Laut I.;00445;11540;S;E;+07:00
France;Laval;04804;00048;N;W;+01:00
Australia;Laverton;02844;12229;S;E;+09:30
France;Le Havre;04930;00005;N;E;+01:00
France;Le Mans;04800;00010;N;E;+01:00
Italy;Lecce;04020;01810;N;E;+01:00
Ireland;Lee;05150;00830;N;W;-00:00
U.K.;Leeds;05348;00134;N;W;-00:00
Australia;Leeton;03433;14623;S;E;+09:30
Australia;Leeuwin C.;03420;11509;S;E;+09:30
Barbados;Leeward is.;01630;06330;N;W;-04:00
Italy;Leghorn;04332;01018;N;E;+01:00
Poland;Legnica;05112;01610;N;E;+01:00
U.K.;Leicester;05239;00109;N;W;-00:00
Australia;Leichhardt;01750;13949;S;E;+09:30
Germany;Leipzig;05120;01223;N;E;+01:00
Russia;Lena;07252;12640;N;E;+02:00
Nicaragua;Leon;01220;08651;N;W;-06:00
Spain;Lerida;04137;00039;N;E;+01:00
Yugoslavia;Leskovac;04300;02158;N;E;+01:00
Greece;Lesvos;03910;02620;N;E;+02:00
Poland;Leszno;05151;01635;N;E;+01:00
Indonesia;Leti Is.;00810;12800;S;E;+07:00
Brazil;Leticia;00409;06957;S;W;-03:00
Myanmar;Letpadan;01745;09600;N;E;+06:00
Norway;Levanger;06345;01119;N;E;+01:00
New Zealand;Levin;04037;17518;S;E;+12:00
U.K.;Lewis I.;05810;00640;N;W;-00:00
U.S.A.;Lexington;03806;08430;N;W;-05:00
Philippines;Leyte;01100;12500;N;E;+08:00
China;Lhasa;02950;09103;N;E;+08:00
China;Lhaze;02908;08743;N;E;+08:00
Bhutan;Lhuntsi Dzong;02739;09110;N;E;+05:30
China;Lianyungang;03437;11928;N;E;+08:00
China;Liaoyang;04115;12310;N;E;+08:00
China;Liaoyuan;04255;12510;N;E;+08:00
Czecho;Liberec;05005;01504;N;E;+01:00
Gabon;Libreville;00025;00926;N;E;+01:00
Sweden;Lidkoping;05831;01314;N;E;+01:00
Belgium;Liege;05038;00535;N;E;+01:00
Latvia;Liepaja;05630;02100;N;E;+02:00
China;Lijiang;03727;02158;N;E;+08:00
Denmark;Lille Baelt;05520;00945;N;E;+01:00
France;Lille;05038;00303;N;E;+01:00
Norway;Lillehammer;06108;01030;N;E;+01:00
Malwi;Lilongwe;01400;03348;S;E;+02:00
Peru;Lima;01200;07700;S;W;-05:00
Cyprus;Limassol;03442;03301;N;E;+02:00
Ireland;Limerick;05240;00838;N;W;-00:00
Greece;Limnos;03950;02505;N;E;+02:00
France;Limoges;04550;00115;N;E;+01:00
Mozambique;Limpopo;02515;03330;S;E;+02:00
Spain;Linares;03810;00340;N;W;+01:00
U.S.A.;Lincoln;04050;09642;N;W;-05:00
Guyana;Linden;00600;05810;N;W;-03:00
Indonesia;Lingga Arch;00010;10430;S;E;+07:00
China;Linhe;04045;10726;N;E;+08:00
Sweden;Linkoping;05828;01536;N;E;+01:00
Austria;Linz;04818;01418;N;E;+01:00
Philippines;Lipa;01357;12110;N;E;+08:00
Italy;Lipari Is.;03830;01450;N;E;+01:00
Finland;Lisalmi;06304;02605;N;E;+02:00
Portugal;Lisbon;03842;00910;N;W;-00:00
U.S.A.;Lisburne C.;06850;16600;N;W;-05:00
Australia;Lismore;02844;15321;S;E;+09:30
New Zealand;Lit Barrier I.;03612;17508;S;E;+12:00
U.K.;Little Minch;05735;00645;N;W;-00:00
U.S.A.;Little Rock;03441;09210;N;W;-05:00
China;Liuzhou;02422;10932;N;E;+08:00
U.K.;Liverpool;05325;00300;N;W;-00:00
Zambia;Livingstone;01746;02552;S;E;+02:00
U.K.;Lizard Point;04957;00511;N;W;-00:00
U.S.A.;Ljanos;00500;07135;N;W;-05:00
Slovenia;Ljubijana;04604;01433;N;E;+01:00
Sweden;Ljungby;05649;01355;N;E;+01:00
Sweden;Ljungen;06230;01430;N;E;+01:00
Greece;Loannina;03940;02051;N;E;+02:00
Angola;Lobito;01218;01335;S;E;+01:00
Vietnam;Loc Ninh;01150;10634;N;E;+07:00
U.K.;Lochnagar;05657;00314;N;W;-00:00
Canada;Logan Mt;06031;14022;N;W;-05:00
Spain;Logrono;04228;00227;N;W;+01:00
Myanmar;Loi-Kaw;01940;09717;N;E;+06:00
France;Loire;04716;00210;N;W;+01:00
Ecuador;Loja;00359;07916;S;W;-05:00
Denmark;Lolland;05445;01130;N;E;+01:00
Indonesia;Lombok;00835;11620;S;E;+07:00
Togo;Lome;00609;00120;N;E;+00:00
U.K.;Lomond L.;05608;00438;N;W;-00:00
Poland;Lomza;05310;02202;N;E;+01:00
Canada;London;04258;08115;N;W;-05:00
U.S.A.;Long Beach;03346;11812;N;W;-05:00
Bahrain;Long I.;02320;07510;N;W;+04:00
Vietnam;Long Xuyen;01019;10528;N;E;+07:00
Indonesia;Longiram;00005;11545;S;E;+07:00
Australia;Longreach;02328;14414;S;E;+09:30
China;Lop Nor;04020;09010;N;E;+08:00
Gabon;Lopez;01800;01200;S;E;+01:00
Pakistan;Loralai;03029;06830;N;E;+05:30
Afghanistan;Lore;03200;06715;N;E;+04:30
France;Lorient;04745;00323;N;W;+01:00
U.K.;Lorn;05620;00540;N;W;-00:00
Chile;Los Angeles;03728;07223;S;W;-04:00
U.S.A.;Louisiana;03050;09200;N;W;-05:00
U.S.A.;Louisville;03815;08545;N;W;-05:00
Mexico;Lower California;03110;11512;N;W;-06:00
New Caledonia;Loyalty ls;02100;16730;S;E;+11:00
New Zealand;Lr.Hutt;04110;17455;S;E;+12:00
Angola;Luanda;00850;01315;S;E;+01:00
Laos;Luang Prabang;01945;10210;N;E;+07:00
Zaire;Luapula;00545;02650;S;E;+02:00
Angola;Lubango;01455;01330;S;E;+01:00
Germany;Lubeck;05352;01041;N;E;+01:00
Poland;Lublin;05112;02238;N;E;+01:00
Zaire;Lubumbashi;01140;02728;S;E;+02:00
Philippines;Lucena;01356;12137;N;E;+08:00
China;Luda;03850;12140;N;E;+08:00
Germany;Ludwigshafen;04927;00827;N;E;+01:00
Ukraine;Lugansk;04835;03920;N;E;+02:00
Spain;Lugo;04302;00735;N;W;+01:00
Sweden;Lulea;06535;02210;N;E;+01:00
Zambia;Lusaka;01528;02816;S;E;+02:00
Indonesia;Luwuk;00056;12247;S;E;+07:00
France;Luxembourg City;04937;00608;N;E;+01:00
France;Luxembourg;04937;00608;N;E;+01:00
China;Luxi;02400;09900;N;E;+08:00
China;Luzhou;02852;10520;N;E;+08:00
Philippines;Luzon;01600;12100;N;E;+08:00
Russia;Lyakhov Is.;07340;14100;N;E;+02:00
Sweden;Lycksele;06438;01840;N;E;+01:00
New Zealand;Lye Ra.;04138;17220;S;E;+12:00
Australia;Lyons;02502;11509;S;E;+09:30
Portugal;Macao;02216;11335;N;E;-00:00
Brazil;Macapa;00005;05104;N;W;-03:00
Australia;Macdonald L.;02330;12900;S;E;+09:30
Australia;Macdonnell Ra.;02340;13306;S;E;+09:30
Brazil;Maceio;00940;03541;S;W;-03:00
Ecuador;Machala;00320;07957;S;W;-05:00
Australia;Mackay;02108;14911;S;E;+09:30
Canada;Mackenzie Mts.;06400;13000;N;W;-05:00
Canada;Mackenzie;06910;13420;N;W;-05:00
U.S.A.;Macon;03250;08337;N;W;-05:00
Mexico;Macuspana;01746;09236;N;W;-06:00
Bangladesh;Madaripur;02309;09011;N;E;+06:00
Brazil;Madeira;00322;05845;S;W;-03:00
Bangladesh;Madhumati;02253;08952;N;E;+06:00
U.S.A.;Madison;04305;08925;N;W;-05:00
Spain;Madrid;04025;00345;N;W;+01:00
Thailand;Mae Klong;01324;10000;N;E;+07:00
Russia;Magadan;05938;15050;N;E;+02:00
Colombia;Magdalena;01106;07451;N;W;-05:00
Germany;Magdeburg;05208;01136;N;E;+01:00
Australia;Magnet Mt.;02802;11747;S;E;+09:30
Russia;Magnitogorsk;05327;05904;N;E;+02:00
Myanmar;Magwe;02010;09500;N;E;+06:00
Iran;Mahabad;03650;04545;N;E;+03:30
Madeira;Mahajanga;01700;04700;S;E;-01:00
Indonesia;Mahakam;00100;11440;N;E;+07:00
Botswana;Mahalapye;02301;02651;S;E;+02:00
New Zealand;Mahia Penin.;03909;17706;S;E;+12:00
Nigeria;Maidguri;01153;01316;N;E;+01:00
Bangladesh;Maijdi;02248;09110;N;E;+06:00
Afghanistan;Maimana;03553;06438;N;E;+04:30
U.K.;Mainland I.;05900;00310;N;W;-00:00
Germany;Mainz;05000;00817;N;E;+01:00
Australia;Maitland;03233;15136;S;E;+09:30
Japan;Maizuru;03525;13522;N;E;+09:00
Indonesia;Majene;00327;11857;S;E;+07:00
Russia;Makhachkala;04300;04730;N;E;+02:00
Pakistan;Makran Coast Ra.;02540;06400;N;E;+05:30
Thailand;Mal Hong Son;01916;09808;N;E;+07:00
Eq. Guinea;Malabo;00345;00848;N;E;+01:00
Spain;Malaga;03643;00423;N;W;+01:00
Sudan;Malakal;00931;03140;N;E;+02:00
Pakistan;Malakand;03440;07155;N;E;+05:30
Indonesia;Malang;00759;11245;S;E;+07:00
Angola;Malanje;00932;01620;S;E;+01:00
Sweden;Malaren;05930;01710;N;E;+01:00
Kiribati;Malden I.;00403;15501;S;W;+12:00
Maldives;Male;04620;01055;N;E;+05:00
Indonesia;Maling Mt.;00100;12100;N;E;+07:00
Spain;Mallorca;03930;00300;N;E;+01:00
Sweden;Malmberget;06711;02040;N;E;+01:00
Sweden;Malmo;05536;01259;N;E;+01:00
Malta;Malta;03601;01400;N;E;+01:00
Indonesia;Manado;00129;12451;N;E;+07:00
Nicaragua;Managua;01206;08620;N;W;-06:00
Bahrain;Manama;02611;05035;N;E;+04:00
New Zealand;Manapouri L.;04532;01632;S;E;+12:00
Nepal;Manasalu;02833;08433;N;E;+05:30
Brazil;Manaus;00300;06000;S;W;-03:00
U.K.;Manchester;05330;00215;N;W;-00:00
China;Manchurian Plain;04200;12500;N;E;+08:00
Norway;Mandal;05802;00725;N;E;+01:00
Myanmar;Mandalay;02200;09604;N;E;+06:00
Mongolia;Mandalgovi;04545;01020;N;E;+08:00
China;Mangnai;03752;09126;N;E;+08:00
New Zealand;Mangonui;03501;17332;S;E;+12:00
Brazil;Manicore;00548;06116;S;W;-03:00
Cook Is.;Manihiki;01024;16101;S;W;-10:00
Bangladesh;Manikganj;02352;09000;N;E;+06:00
Philippines;Manila;01440;12103;N;E;+08:00
Germany;Mannheim;04928;00829;N;E;+01:00
Indonesia;Manokwari;00054;13400;S;E;+07:00
Canada;Mansel I;06200;07950;N;W;-05:00
Russia;Manych;04700;04115;N;E;+02:00
Cuba;Manzanillo;02020;07710;N;W;-05:00
Indonesia;Mapia;00050;13420;N;E;+07:00
Mozambique;Maputo;02558;03232;S;E;+02:00
Argentina;Mar Chiquita L;03040;06250;S;W;-03:00
Argentina;Mar Del Plata;03800;05732;S;W;-03:00
Brazil;Maraba;00523;04910;S;W;-03:00
Venezuella;Maracaibo L.;00940;07130;N;W;-04:00
Venezuella;Maracaibo;01040;07137;N;W;-04:00
Nigeria;Maradi;01335;00810;N;E;+01:00
Brazil;Maraghen;03725;04613;N;E;-03:00
Australia;Marble Bar;02109;11944;S;E;+09:30
Pakistan;Mardan;03420;07200;N;E;+05:30
Australia;Mareeba;01659;14528;S;E;+09:30
Venezuella;Margarita;01100;00400;N;W;-04:00
Slovenia;Maribor;04636;01540;N;E;+01:00
Guadeloupe;Marie-Galante;01556;06116;N;W;-04:00
France;Marne;04848;00224;N;E;+01:00
Morocco;Marrakesh;03109;00800;N;W;+01:00
Australia;Marree;02940;13804;S;E;+09:30
Indonesia;Martapura;00322;11456;S;E;+07:00
New Zealand;Martinborough;04114;17529;S;E;+12:00
France;Martinique;01440;06100;N;W;+01:00
New Zealand;Marton;04004;17523;S;E;+12:00
Afghanistan;Maruf;03130;06700;N;E;+04:30
Turkmenistan;Mary;03740;06150;N;E;+04:00
U.S.A.;Maryland;03910;07640;N;W;-05:00
Nicaragua;Masaya;01200;08607;N;W;-06:00
Philippines;Masbate;01221;12336;N;E;+08:00
Lesotho;Maseru;02918;02730;S;E;+02:00
Iran;Mashhad;03620;05935;N;E;+03:30
Ireland;Mask L.;05336;00924;N;W;-00:00
U.S.A.;Massachusetts;04225;07500;N;W;-05:00
New Zealand;Masterton;04056;17539;S;E;+12:00
Pakistan;Mastuj;03620;07236;N;E;+05:30
Pakistan;Mastung;02950;06642;N;E;+05:30
Japan;Masuda;03440;13151;N;E;+09:00
Nicaragua;Matagalpa;01310;08540;N;W;-06:00
Sri Lanka;Matale;00730;08044;N;E;+05:30
Cuba;Matanzas;02300;08140;N;W;-05:00
Sri Lanka;Matara;00558;08030;N;E;+05:30
Indonesia;Mataram;00841;11610;S;E;+07:00
Australia;Mataranka;01455;13304;S;E;+09:30
Turkey;Matatya;03825;03820;N;E;+03:00
New Zealand;Mataura;04611;16851;S;E;+12:00
Philippines;Mati;00659;12612;N;E;+08:00
Brazil;Mato Grosso;01505;05957;S;W;-03:00
Japan;Matsue;03525;13310;N;E;+09:00
Japan;Matsumae;04126;14007;N;E;+09:00
Japan;Matsumoto;03615;13800;N;E;+09:00
Japan;Matsuyama;03345;13245;N;E;+09:00
Switzerland;Matterhorn;04558;00739;N;E;+01:00
U.S.A.;Maui;02045;15620;N;W;-05:00
U.S.A.;Mauna Loa;02108;15710;N;W;-05:00
U.S.A.;Maune Kea;01950;15525;N;W;-05:00
Myanmar;Maungdaw;02050;09235;N;E;+06:00
Jamaica;May Penin.;01758;07715;N;W;-05:00
Russia;Maya;05820;13500;N;E;+02:00
Bahrain;Mayaguana;02130;07244;N;W;+04:00
New Zealand;Mayor I.;03716;17617;S;E;+12:00
France;Mayotte;04427;00108;N;W;+01:00
Afghanistan;Mazar-I-Sharif;03641;06700;N;E;+04:30
Guam;Mazatenango;01435;09130;N;W;+10:00
Swaziland;Mbabane;02618;03106;S;E;+02:00
Zaire;Mbuji-Mayi;00609;02340;S;E;+02:00
U.S.A.;Mckinley Mt.;06302;15100;N;W;-05:00
U.S.A.;Mead;03601;11444;N;W;-05:00
Saudi Arabia;Mecca;02130;03954;N;E;+03:00
Indonesia;Medan;00340;09838;N;E;+07:00
Sri Lanka;Medawachchiya;08130;08030;N;E;+05:30
Colombia;Medellin;00615;07535;N;W;-05:00
U.S.A.;Medford;04220;12252;N;W;-05:00
Canada;Medicine Hat;05003;11041;N;W;-05:00
Saudi Arabia;Medina;02435;03952;N;E;+03:00
Russia;Medvezhi Is;07100;16100;N;E;+02:00
Australia;Meekatharra;02632;11829;S;E;+09:30
Bangladesh;Meghna;02345;09040;N;E;+06:00
China;Mei Xian;02416;11606;N;E;+08:00
Myanmar;Meiktila;02100;09600;N;E;+06:00
Morocco;Meknes;03357;00533;N;W;+01:00
Australia;Melbourne;03750;14500;S;E;+09:30
France;Melun;04832;00240;N;E;+01:00
Canada;Melville I;07530;11100;N;W;-05:00
Indonesia;Memberamo;00200;13750;S;E;+07:00
U.S.A.;Memphis;03507;09000;N;W;-05:00
Turkey;Menderes;03725;02845;N;E;+03:00
Argentina;Mendoza;03250;06852;S;W;-03:00
Spain;Menorca;04000;00400;N;E;+01:00
Belgium;Mensk;05352;02730;N;E;+01:00
Australia;Menzies;02940;12058;S;E;+09:30
China;Meoming;02150;11054;N;E;+08:00
Indonesia;Merauke;00829;14024;S;E;+07:00
Uruguay;Mercedes;03312;05800;S;W;-03:00
Canada;Mercy C.;06500;06230;N;W;-05:00
Myanmar;Mergui Arch.;01130;09730;N;E;+06:00
Myanmar;Mergui;01230;09835;N;E;+06:00
Mexico;Merida;02059;08939;N;W;-06:00
Turkey;Mersin;03651;03436;N;E;+03:00
Kenya;Meru;00003;03740;N;E;+03:00
U.S.A.;Mesa;03320;11156;N;W;-05:00
Ethiopia;Mesewa;01801;03805;N;E;+03:00
Italy;Messina;03810;01532;N;E;+01:00
New Zealand;Methven;04338;17140;S;E;+12:00
France;Metz;04908;00610;N;E;+01:00
Mexico;Mexico;01920;09910;N;W;-06:00
Russia;Mezen;06550;04420;N;E;+02:00
Pakistan;Mianwali;03238;07128;N;E;+05:30
Chile;Mianyang;03125;10445;N;E;-04:00
U.S.A.;Michigan L.;04400;08700;N;W;-05:00
U.S.A.;Michigan;04440;08540;N;W;-05:00
U.S.A.;Micronesia;01700;16000;N;E;-05:00
U.K.;Middlesbrough;05435;00114;N;W;-00:00
Finland;Mikkeli;06143;02715;N;E;+02:00
Italy;Milan;04528;00910;N;E;+01:00
Australia;Mildura;03413;14209;S;E;+10:00
New Zealand;Milford Sd.;04434;16747;S;E;+12:00
U.S.A.;Milk;04805;10615;N;W;-05:00
New Zealand;Milton;04607;16959;S;E;+12:00
U.S.A.;Milwaukee;04309;08758;N;W;-05:00
Kuwait;Mina al Ahmadi;02905;04810;N;E;+03:00
Philippines;Mindanao;00800;12500;N;E;+08:00
Philippines;Mindoro;01300;12100;N;E;+08:00
U.S.A.;Minneapolis;04458;09320;N;W;-05:00
Pakistan;Miram Shah;03300;07005;N;E;+05:30
Malaysia;Miri;00418;11400;N;E;+08:00
Japan;Mirioka;04000;14102;N;E;+09:00
Pakistan;Mirpur Khas;02533;06905;N;E;+05:30
Pakistan;Mirpur Sakro;02433;06741;N;E;+05:30
China;Mishan;04531;00132;N;E;+08:00
Hungary;Miskolc;04807;02050;N;E;+01:00
Indonesia;Misool;00200;13000;S;E;+07:00
Liberia;Misrath;03223;01506;N;E;-00:00
U.S.A.;Mississippi Delta;02915;09030;N;W;-05:00
U.S.A.;Mississippi;03300;09000;N;W;-05:00
U.S.A.;Missouri;03825;09230;N;W;-05:00
Australia;Mitchell;02629;14758;S;E;+09:30
Japan;Mito;03620;14030;N;E;+09:00
Japan;Miyake-Jima;03400;13930;N;E;+09:00
Japan;Miyako;03938;14159;N;E;+09:00
Japan;Miyazaki;03156;13130;N;E;+09:00
Norway;Mo I Rana;06619;01410;N;E;+01:00
U.S.A.;Mobile;03041;08803;N;W;-05:00
Italy;Modena;04439;01055;N;E;+01:00
Somalia;Mogadishu;00202;04525;N;E;+03:00
Japan;Mogami;03845;14000;N;E;+09:00
Belgium;Mogilev;05355;03018;N;E;+01:00
Yemen North;Mokha;01204;04304;N;E;+03:00
Norway;Molde;06245;00709;N;E;+01:00
Sweden;Molndal;05740;01203;N;E;+01:00
U.S.A.;Molokai;02108;15700;N;W;-05:00
Kenya;Mombasa;00402;03943;S;E;+03:00
Japan;Mombetsu;04421;14322;N;E;+09:00
Denmark;Mon;05457;01215;N;E;+01:00
Barbados;Mona Pass.;01800;06740;N;W;-04:00
Spain;Moncayo;04147;00150;N;W;+01:00
Vietnam;Mong Cai;02127;10754;N;E;+07:00
Myanmar;Mong Ton;02025;09845;N;E;+06:00
Australia;Monger L.;02925;11705;S;E;+09:30
Zambia;Mongu;01516;02312;S;E;+02:00
Libya;Monrovia;00618;01047;N;W;+01:00
U.S.A.;Montana;04700;11000;N;W;-05:00
Colombia;Monteria;00846;07553;N;W;-05:00
Mexico;Monterrey;02540;10030;N;W;-06:00
Spain;Montes de Toledo;03935;00430;N;W;+01:00
Uruguay;Montevideo;03450;05611;S;W;-03:00
U.S.A.;Montgomery;03220;08620;N;W;-05:00
U.S.A.;Montpelier;04415;07238;N;W;-05:00
France;Montpellier;04336;00853;N;E;+01:00
Canada;Montreal;04531;07334;N;W;-05:00
U.K.;Montserrat;01640;06210;N;W;-00:00
Myanmar;Monywa;02207;09511;N;E;+06:00
Italy;Monza;04535;00915;N;E;+01:00
Australia;Moore L.;02950;11735;S;E;+09:30
Canada;Moosonee;05118;08040;N;W;-05:00
Mali;Mopti;01430;00400;N;W;-00:00
Guyana;Morawhanna;00830;05940;N;W;-03:00
U.K.;Moray Firth;05750;00330;N;W;-00:00
Australia;Moree;02928;14954;S;E;+09:30
Mexico;Morelia;01940;01111;N;W;-06:00
Australia;Morgan Mt.;02340;15025;S;E;+09:30
Australia;Morgan;03400;13935;S;E;+09:30
Comoros;Mornoni;00204;04303;S;E;+03:00
Cuba;Moron;02200;07830;N;W;-05:00
Comoros;Moroni;01140;04316;S;E;+03:00
Indonesia;Morotai;00210;12830;N;E;+07:00
Myanmar;Moscos Is.;01400;09730;N;E;+06:00
Russia;Moscow;05545;03735;N;E;+02:00
Norway;Mosjoen;06550;01310;N;E;+01:00
Norway;Moss;05927;01040;N;E;+01:00
Australia;Mossman;01628;14523;S;E;+09:30
Bosnia & Herz.;Mostar;04322;01750;N;E;+01:00
Iraq;Mosul;03615;04305;N;E;+03:00
Sweden;Motala;05832;01501;N;E;+01:00
Myanmar;Moulmein;01630;09740;N;E;+06:00
Myanmar;Mouths thelrrawaddy;01503;09400;N;E;+06:00
Peru;Moyobamba;00600;07700;S;W;-05:00
France;Mt. Canigou;04300;00300;N;E;+01:00
Liechtenstein;Mt. Viso;04402;00701;N;E;+01:00
Greece;Mt.ldhi;03500;02606;N;E;+02:00
Indonesia;Muaratewe;00050;11500;S;E;+07:00
Saudi Arabia;Mubarraz;02529;04940;N;E;+03:00
China;Mudanjiang;04438;12930;N;E;+08:00
Nepal;Mugu Karnali;02945;08230;N;E;+05:30
Yemen North;Mukalla;01433;04902;N;E;+03:00
Germany;Mulheim;05126;00653;N;E;+01:00
France;Mulhouse;04740;00720;N;E;+01:00
Sri Lanka;Mullaittivu;00915;08055;N;E;+05:30
Australia;Mullewa;02829;11530;S;E;+09:30
U.K.;Mulli;05627;00600;N;W;-00:00
Pakistan;Multan;03015;07130;N;E;+05:30
Germany;Munich;04808;01133;N;E;+01:00
Bangladesh;Munshiganj;02333;09032;N;E;+06:00
Germany;Munster;05158;00737;N;E;+01:00
Spain;Murcia;03820;00110;N;W;+01:00
Romania;Mures;04615;02013;N;E;+02:00
Russia;Murmansk;06857;03310;N;E;+02:00
Japan;Muroran;04225;14100;N;E;+09:00
Australia;Murray;03520;13922;S;E;+09:30
Australia;Murrumbidgee;03443;14312;S;E;+09:30
New Zealand;Murupara;03828;17642;S;E;+12:00
Afghanistan;Musa Qala;03220;06450;N;E;+04:30
Oman;Muscat;02340;05838;N;E;+04:00
Australia;Musgrave Ra.;02600;13200;S;E;+09:30
Japan;Mutsu;04118;14115;N;E;+09:00
Pakistan;Muzaffargarh;03010;07110;N;E;+05:30
Tanzania;Mwanza;00230;03258;S;E;+03:00
Vietnam;My Tho;01029;10623;N;E;+07:00
Myanmar;Myanaung;01825;09510;N;E;+06:00
Myanmar;Myingyan;02130;09530;N;E;+06:00
Myanmar;Myitkyina;02524;09726;N;E;+06:00
Bangladesh;Mymensingh;02445;09024;N;E;+06:00
Indonesia;N. Bunguran Is.;00445;10800;N;E;+07:00
Russia;N. Dvine;06140;04530;N;E;+02:00
New Zealand;N.Palmerston;04021;17539;S;E;+12:00
Philippines;Naga;01338;12315;N;E;+08:00
Japan;Nagaoka;03727;13851;N;E;+09:00
Japan;Nagasaki;03247;12950;N;E;+09:00
Japan;Nagoya;03510;13650;N;E;+09:00
Kenya;Nairobi;00117;03650;S;E;+03:00
North Korea;Najin;04212;13015;N;E;+08:00
Saudi Arabia;Najran;01731;04419;N;E;+03:00
Japan;Naka-no-Shima;02951;12946;N;E;+09:00
Thailand;Nakhon Phanom;01802;10500;N;E;+07:00
Thailand;Nakhon Ratchasima;01459;10212;N;E;+07:00
Thailand;Nakhon Sawan;01535;10010;N;E;+07:00
Thailand;NakhonSI Thammarat;00829;10000;N;E;+07:00
South Korea;Naktong;03507;12857;N;E;+09:00
Pakistan;Nal;02700;06550;N;E;+05:30
Australia;Nambour;02632;15258;S;E;+09:30
China;Namcha Barwa;02940;09510;N;E;+08:00
Angola;Namibe;01507;01211;S;E;+01:00
Indonesia;Namlea;00315;12707;S;E;+07:00
Mozambique;Nampula;01506;03915;N;E;+02:00
Norway;Namsos;06428;01100;N;E;+01:00
Myanmar;Namtu;02305;09728;N;E;+06:00
Belgium;Namur;05027;00452;N;E;+01:00
Thailand;Nan;01542;10009;N;E;+07:00
China;Nanchang;02842;11555;N;E;+08:00
China;Nanchong;03043;10602;N;E;+08:00
China;Nanjing;03202;11847;N;E;+08:00
China;Nanning;02248;10820;N;E;+08:00
France;Nantes;04712;00133;N;W;+01:00
China;Nantong;03201;12052;N;E;+08:00
Bangladesh;Naogaon;02452;08852;N;E;+06:00
Italy;Naples;04050;01417;N;E;+01:00
Japan;Nara;03440;13549;N;E;+09:00
Australia;Naracoorte;03658;14045;S;E;+09:30
Bangladesh;Narayanganj;02331;09033;N;E;+06:00
Australia;Narrabri;03019;14946;S;E;+09:30
Australia;Narrogin;03258;11714;S;E;+09:30
Australia;Narromine;03212;14812;S;E;+09:30
Estonia;Narva;05910;02805;N;E;+02:00
Norway;Narvik;06828;01726;N;E;+01:00
Norway;Nasa;06632;01523;N;E;+01:00
U.S.A.;Nashville;03612;08646;N;W;-05:00
Bahrain;Nassau;02500;07720;N;W;+04:00
Brazil;Natal;00547;03533;S;W;-03:00
Pakistan;Nawabshah;02615;06625;N;E;+05:30
Greece;Naxos;03708;02525;N;E;+02:00
Bangladesh;Nazir Hat;02235;09155;N;E;+06:00
Chad;Ndjamena;01210;01459;N;E;+01:00
Zambia;Ndola;01300;02834;S;E;+02:00
U.K.;Neagh L.;05435;00625;N;W;-00:00
U.S.A.;Near Is.;05300;17200;N;E;-05:00
Sri Lanka;Negombo;00712;07950;N;E;+05:30
Myanmar;Negrais C.;01600;09430;N;E;+06:00
China;Neijiang;02935;10455;N;E;+08:00
Colombia;Neiva;00256;07518;N;W;-05:00
Canada;Nelson;05433;09802;N;W;-05:00
Mauritania;Nema;01640;07415;N;W;-00:00
Japan;Nemuro;04320;14535;N;E;+09:00
U.K.;Nene;05238;00013;N;E;-00:00
Nepal;Nepal Ganj;02801;08104;N;E;+05:30
U.K.;Ness L.;05715;00430;N;W;-00:00
Argentina;Neuquen;03800;06800;S;E;-03:00
New Zealand;New Brighton;04329;17243;S;E;+12:00
France;New Caledonia;02100;16500;S;E;+01:00
Spain;New Castile;03945;00320;N;W;+01:00
Australia;New England Ra.;03020;15145;S;E;+09:30
U.S.A.;New Hampshire;04340;07140;N;W;-05:00
Australia;New Norfolk;04246;14702;S;E;+09:30
U.S.A.;New Orleans;03000;09005;N;W;-05:00
Russia;New Siberian Is.;07500;14200;N;E;+02:00
Canada;NewFoundLand;04828;05600;N;W;-05:00
Australia;Newcastio;03300;15146;S;E;+09:30
Australia;Newcastle Waters;01730;13328;S;E;+09:30
U.K.;Newcastle;05413;00554;N;W;-00:00
U.S.A.;Newenham C.;05840;16215;N;W;-05:00
Australia;Newman;02318;11945;S;E;+09:30
U.S.A.;Newport News;03702;07630;N;W;-05:00
U.K.;Newport;05135;00300;N;W;-00:00
Vietnam;Nha Trang;01216;10910;N;E;+07:00
Australia;Nhulunbuy;01210;13645;S;E;+09:30
U.S.A.;Niagara Falls;04305;07900;N;W;-05:00
Canada;Niagare Falls;04307;07905;N;W;-05:00
Nigeria;Niamey;01327;00206;N;E;+01:00
Indonesia;Nias;00100;09740;N;E;+07:00
France;Nice;04342;00714;N;E;+01:00
Cyprus;Nicosia;03510;03325;N;E;+02:00
Costa Rica;Nicoya Penin.;00945;08540;N;W;-06:00
Japan;Nigata;03709;13900;N;E;+09:00
Japan;Nii-Jima;03420;13915;N;E;+09:00
Netherlands;Nijmegen;05150;00552;N;E;+01:00
Russia;Nikolayevsk;05402;14001;N;E;+02:00
U.S.A.;Nilhau;02155;16010;N;W;-05:00
France;Nimes;04350;00423;N;E;+01:00
China;Ningbo;02951;12128;N;E;+08:00
Yugoslavia;Nis;04319;02158;N;E;+01:00
Brazil;Niteroi;02252;04300;S;W;-03:00
Russia;Nizhni Novgorod;05620;04400;N;E;+02:00
Russia;Nizhni Tagil;05755;05957;N;E;+02:00
Japan;Nobeoka;03236;13141;N;E;+09:00
Philippines;Nogros;00930;12240;N;E;+08:00
Pakistan;Nok Kundi;02850;06245;N;E;+05:30
Russia;Nordvik;07402;11132;N;E;+02:00
U.S.A.;Norfolk;03640;07615;N;W;-05:00
Russia;Norilsk;06920;08806;N;E;+02:00
Canada;Norman Wells;06518;12642;N;W;-05:00
Australia;Norman;01920;14235;S;E;+09:30
Australia;Normanton;01740;14110;S;E;+09:30
Sweden;Norrkoping;05837;01611;N;E;+01:00
Australia;Norseman;03208;12143;S;E;+09:30
Norway;North C.;07115;02540;N;E;+01:00
U.S.A.;North Carolina;03530;08000;N;W;-05:00
U.S.A.;North Dakota;04730;10000;N;W;-05:00
U.K.;North Downs;05117;00030;N;E;-00:00
U.K.;North Foreland;05122;00128;N;E;-00:00
New Zealand;North I.;03800;17500;S;E;+12:00
Sudan;North Khartoum;01601;03105;N;W;+02:00
U.S.A.;North Las Vegas;03704;11501;N;W;-05:00
U.K.;North Minch;05805;00555;N;W;-00:00
U.S.A.;North Platte;04110;10050;N;W;-05:00
U.K.;North Uist I.;05740;00715;N;W;-00:00
Australia;North West C.;02145;11409;S;E;+09:30
Australia;Northam;03135;11642;S;E;+09:30
Australia;Northampton;02821;11433;S;E;+09:30
Australia;Northern Territory;01600;13300;S;E;+09:30
U.K.;Northwest Highlands;05735;00502;N;W;-00:00
U.K.;Norwich;05238;00117;N;E;-00:00
Mauritania;Nouakchott;01809;01558;N;W;-00:00
New Caledonia;Noumea;02217;16630;S;E;+11:00
Italy;Novara;04527;00837;N;E;+01:00
Russia;Novaya Zemlya;07500;05600;N;E;+02:00
Yugoslavia;Novi Sad;04518;01952;N;E;+01:00
Russia;Novokuznetsk;05345;08710;N;E;+02:00
Russia;Novosibirsk;05504;08305;N;E;+02:00
Uzbekistan;Nukus;04228;05907;N;E;+05:00
Australia;Nullagine;02153;12006;S;E;+09:30
Australia;Nullarbor Plain;03045;12900;S;E;+09:30
Japan;Numazu;03508;13850;N;E;+09:00
U.S.A.;Nunivak I.;06000;16600;N;W;-05:00
Germany;Nuremberg;04926;01105;N;E;+01:00
Pakistan;Nushki;02935;06555;N;E;+05:30
Sri Lanka;Nuwara Eliya;00658;08055;N;E;+05:30
China;NyenchenTanglhaRa.;03030;09500;N;E;+08:00
Hungary;Nyiregyhaza;04758;02147;N;E;+01:00
Sweden;Nykoping;05845;01700;N;E;+01:00
Australia;Nyngan;03130;14708;S;E;+09:30
Japan;O-Shimo;03444;13924;N;E;+09:00
U.S.A.;Oahu;00213;15800;N;W;-05:00
U.S.A.;Oakland;03750;12218;N;W;-05:00
New Zealand;Oamaru;04505;17059;S;E;+12:00
Mexico;Oaxaca;01705;09641;N;W;-06:00
Russia;Ob;06240;06600;N;E;+02:00
Afghanistan;Obeh;03428;06310;N;E;+04:30
Indonesia;Obi Is.;00130;12730;S;E;+07:00
Brazil;Obidos;00152;05530;S;W;-03:00
Russia;OctoberRevolutionI.;07930;09700;N;E;+02:00
Norway;Odda;06003;00635;N;E;+01:00
Denmark;Odense;05522;01023;N;E;+01:00
Ukraine;Odessa;04630;03045;N;E;+02:00
Poland;Odra;05333;01438;N;E;+01:00
Japan;Oga-Hanto;03958;13959;N;E;+09:00
Nigeria;Ogbomosho;00801;00411;N;E;+01:00
U.S.A.;Ohio;04020;01410;N;W;-05:00
Japan;Oita;03315;13136;N;E;+09:00
Argentina;Ojos del Salado;02700;06840;S;W;-03:00
Pakistan;Okara;03050;07325;N;E;+05:30
Japan;Okayama;03440;13354;N;E;+09:00
U.S.A.;Okeechobee.L.;02700;08050;N;W;-05:00
U.S.A.;Oklahoma City;03525;09730;N;W;-05:00
U.S.A.;Oklahoma;03520;09730;N;W;-05:00
Sweden;Oland;05645;01638;N;E;+01:00
Spain;Old Castile;04155;00400;N;W;+01:00
Germany;Oldenburg;05310;00810;N;E;+01:00
Russia;Olekma;05800;12130;N;E;+02:00
Russia;Olenek;07100;12350;N;E;+02:00
Montserrat;Olgiy;04854;09000;N;E;-04:00
Czecho;Olomouc;04938;01712;N;E;+01:00
Poland;Olsztyn;05348;02029;N;E;+01:00
U.S.A.;Olympia;04700;12258;N;W;-05:00
Greece;Olympus;04006;02223;N;E;+02:00
Sudan;Omdurman;01540;03228;N;E;+02:00
Japan;Omono;03946;14003;N;E;+09:00
Russia;Omsk;05500;07312;N;E;+02:00
Japan;Omuta;03300;13026;N;E;+09:00
Mongolia;Ondorhaan;04719;11039;N;E;+08:00
Russia;Onega;06200;03530;N;E;+02:00
New Zealand;Onehunga;03655;17448;S;E;+12:00
Russia;Onekotan I;04959;15400;N;E;+02:00
Australia;Onslow;02140;11500;S;E;+09:30
Japan;Ontake;03553;13729;N;E;+09:00
U.S.A.;Ontario;04340;07800;N;W;-05:00
Australia;Oodnadatta;02730;13527;S;E;+09:30
Australia;Ooldea;03030;13145;S;E;+09:30
Poland;Opole;05042;01758;N;E;+01:00
New Zealand;Opua;03519;17409;S;E;+12:00
New Zealand;Opunake;03926;17352;S;E;+12:00
Australia;Orange;03315;14907;S;E;+09:30
Australia;Orbost;03740;14829;S;E;+09:30
Australia;Ord;01533;12835;S;E;+09:30
Sweden;Orebro;05920;01518;N;E;+01:00
U.S.A.;Oregon;04400;12100;N;W;-05:00
Russia;Orel;05257;03603;N;E;+02:00
Russia;Orenburg;05145;05506;N;E;+02:00
Spain;Orense;04219;00755;N;W;+01:00
Venezuella;Orinoco;00900;06840;S;W;-04:00
U.K.;Orkney Is.;05900;00300;N;W;-00:00
U.S.A.;Orlando;02830;08125;N;W;-05:00
France;Orleans;04754;00152;N;E;+01:00
China;Oroqen Zizhiqi;05031;12345;N;E;+08:00
Russia;Orsk;05112;05834;N;E;+02:00
Bolivia;Oruro;01800;06709;S;W;-04:00
Bulgaria;Oryakhovo;04344;02356;N;E;+02:00
Japan;Osaka;03440;13530;N;E;+09:00
Sweden;Oskarshamn;05715;01627;N;E;+01:00
Norway;Oslo Fjord;05830;01000;N;E;+01:00
Norway;Oslo;05955;01045;N;E;+01:00
Germany;Osnabruck;05216;00802;N;E;+01:00
Sweden;Ostersund;06310;01438;N;E;+01:00
Czecho;Ostrava;04951;01818;N;E;+01:00
Poland;Ostrow Wielkopolski;05139;01750;N;E;+01:00
New Zealand;Otaki;04045;17510;S;E;+12:00
Japan;Otaru;04310;14100;N;E;+09:00
Canada;Ottawa;04527;07542;N;W;-05:00
Finland;Oulu L.;06425;02700;N;E;+02:00
Finland;Oulu;06501;02529;N;E;+02:00
Finland;Oulujoki;06445;02630;N;E;+02:00
Finland;Ounasjoki;06631;02544;N;E;+02:00
Australia;Ouyen;03501;14222;S;E;+09:30
Sweden;Overtornea;06623;02340;N;E;+01:00
Spain;Oviedo;04325;00550;N;W;+01:00
Philippines;Ozamiz;00815;12350;N;E;+08:00
U.S.A.;Ozark Plateau;03720;09140;N;W;-05:00
U.S.A.;Ozarks;03810;09300;N;W;-05:00
Thailand;P a Sak;01530;10100;N;E;+07:00
Bangladesh;Pabna;02401;08918;N;E;+06:00
Indonesia;Padang;00100;10021;S;E;+07:00
Bangladesh;Padma;02322;09032;N;E;+06:00
Italy;Padua;04524;01152;N;E;+01:00
Philippines;Pagadian;00755;12330;N;E;+08:00
New Zealand;Pahiatua;04027;17550;S;E;+12:00
Laos;Pak Beng;01957;10108;N;E;+07:00
Indonesia;Pakanbaru;00003;10200;N;E;+07:00
Laos;Pakse;01505;10552;N;E;+07:00
Laos;Pakxan;01804;10303;N;E;+07:00
Philippines;Palawan Is.;00930;11830;N;E;+08:00
Indonesia;Palembang;00300;10450;S;E;+07:00
Spain;Palencia;04201;00434;N;W;+01:00
Italy;Palermo;03808;01320;N;E;+01:00
Spain;Palma;03935;00239;N;E;+01:00
Liberia;Palmas Cape;00427;00746;N;W;-00:00
Indonesia;Palopo;00300;12016;S;E;+07:00
Indonesia;Palu;00100;11959;S;E;+07:00
Sri Lanka;Pamban l.;00924;07935;N;E;+05:30
U.S.A.;Pamlico Sd.;03520;07600;N;W;-05:00
Argentina;Pampas;03500;06300;S;W;-03:00
Spain;Pamplona;04248;00138;N;W;+01:00
Panama;Panama Canal;00910;07937;N;W;-05:00
Philippines;Panay;01110;12230;N;E;+08:00
Lithuania;Panevezys;05542;02425;N;E;+02:00
Pakistan;Panjgur;02700;06405;N;E;+05:30
Italy;Pantelleria;03652;01200;N;E;+01:00
Russia;Panza;05315;04505;N;E;+02:00
Australia;Paraburdoo;00102;10203;N;E;+09:30
Pakistan;Parachinar;03356;07004;N;E;+05:30
Paraguay;Paraguay;02718;05838;S;W;-04:00
Suriname;Paramaribo;00550;05510;N;W;-03:00
Argentina;Parana;03145;06030;S;W;-03:00
Czecho;Pardubice;05003;01545;N;E;+01:00
Brazil;Parintins;00238;05645;S;W;-03:00
France;Paris;04850;00220;N;E;+01:00
Italy;Parma;04450;01020;N;E;+01:00
Brazil;Parnaiba;00300;04150;S;W;-03:00
Greece;Parnassos;03801;02300;N;E;+02:00
Estonia;Parnu;05812;02433;N;E;+02:00
Afghanistan;ParoPamisus Ra.;03445;06300;N;E;+04:30
Australia;Paroo;03000;14405;S;E;+09:30
Australia;Parramnatta;03348;15101;S;E;+09:30
Canada;Parry Is;07700;11000;N;W;-05:00
U.S.A.;Pasadena;02945;09514;N;W;-05:00
Philippines;Pasay;01433;12108;N;E;+08:00
Philippines;Pasig;01434;12104;N;E;+08:00
Pakistan;Pasni;02515;06327;N;E;+05:30
Colombia;Pasto;00113;07717;N;W;-05:00
Argentina;Patagonia;04500;06900;S;W;-03:00
Nepal;Patan;02740;08520;N;E;+05:30
New Zealand;Patea;03945;17430;S;E;+12:00
Greece;Patrai;03814;02147;N;E;+02:00
Thailand;Pattani;00648;10115;N;E;+07:00
Bangladesh;Patuakhali;02220;09025;N;E;+06:00
France;Pau;04319;00025;N;W;+01:00
Kazakhstan;Pavlodar;05233;07700;N;E;+05:00
Indonesia;Payakumbah;00020;10035;S;E;+07:00
Uruguay;Paysandu;03219;05808;S;W;-03:00
Canada;Peace;05900;11125;N;W;-05:00
Australia;Peak Hill;02535;11843;S;E;+09:30
Yugoslavia;Pec;04240;02019;N;E;+01:00
Russia;Pechora;06230;05630;N;E;+02:00
U.S.A.;Pecos;03122;10230;N;W;-05:00
Hungary;Pecs;04605;01815;N;E;+01:00
Paraguay;PedroJuan;02230;05540;S;W;-04:00
Myanmar;Pegu Yoma;01900;09600;N;E;+06:00
Myanmar;Pegu;01720;09629;N;E;+06:00
Brazil;Pelotas;03142;05223;S;W;-03:00
Indonesia;Pematang Siantar;00257;09950;N;E;+07:00
Tanzania;Pemba;00500;03945;S;E;+03:00
Malaysia;Peninsular;00400;10200;N;E;+08:00
U.K.;Pennine Chain;05450;00220;N;W;-00:00
U.S.A.;Pennsylvania;04050;07800;N;W;-05:00
Australia;Penong;03159;13305;S;E;+09:30
U.S.A.;Peoria;04040;08940;N;W;-05:00
Colombia;Pereira;00449;07543;N;W;-05:00
France;Perigueux;04512;00044;N;E;+01:00
Russia;Perm;05800;05710;N;E;+02:00
Bulgaria;Pernik;04236;02303;N;E;+02:00
France;Perpignan;04242;00253;N;E;+01:00
Italy;Pescara;04228;01413;N;E;+01:00
Pakistan;Peshawar;03402;07137;N;E;+05:30
U.K.;Peterborough;04420;07820;N;W;-00:00
Kazakhstan;Petropavlovsk;05453;06913;N;E;+05:00
Russia;Petrozavodsk;06141;03420;N;E;+02:00
Russia;Pevek;06941;17019;N;E;+02:00
Germany;Pforzheim;04853;00843;N;E;+01:00
Vietnam;Phan Thiet;01101;10809;N;E;+07:00
U.S.A.;Philadelphia;04000;07510;N;W;-05:00
Thailand;Phitsanuloka;01700;10000;N;E;+07:00
Cambodia;Phnom Penh;01133;10455;N;E;+07:00
U.S.A.;Phoenix;03330;11210;N;W;-05:00
Laos;Phongsali;02142;10209;N;E;+07:00
Vietnam;Phu Quoc;01920;10526;N;E;+07:00
Sri Lanka;Piduratalagala Mt.;00710;08050;N;E;+05:30
U.S.A.;Pierre;04423;10020;N;W;-05:00
Finland;Pietarsaari;06341;02240;N;E;+02:00
South Africa;Pietermaritzburg;02935;03025;S;E;+02:00
Poland;Pila;05310;01648;N;E;+01:00
Paraguay;Pilar;02650;05810;S;W;-04:00
Paraguay;Pilcomayo;02521;05742;S;W;-04:00
Malaysia;Pinang;00525;10015;N;E;+08:00
Cuba;Pinar Del Rio;02224;08342;N;W;-05:00
Greece;Pindus Mts.;04000;02100;N;E;+02:00
Thailand;Ping;01542;10009;N;E;+07:00
Australia;Pinjarra;03237;11552;S;E;+09:30
Poland;Piotrkow;05123;01943;N;E;+01:00
Greece;Piraievs;03757;02342;N;E;+02:00
Bangladesh;Pirojpur;02235;09001;N;E;+06:00
Italy;Pisa;04343;01023;N;E;+01:00
U.K.;Pitcairn ls;02505;13005;S;W;-00:00
Sweden;Pite Alv;06544;02050;N;W;+01:00
Sweden;Pitea;06520;02125;N;E;+01:00
Romania;Pitesti;04452;02454;N;E;+02:00
U.S.A.;Pittsburgh;04025;07955;N;W;-05:00
Peru;Piura;00548;08002;N;W;-05:00
U.S.A.;Plat.du Coteau du;04709;10105;N;W;-05:00
U.S.A.;Platte;04100;09800;N;W;-05:00
Vietnam;Pleiku;01403;10800;N;E;+07:00
Bulgaria;Pleven;04326;02437;N;E;+02:00
Australia;Plibara;02115;11816;S;E;+09:30
Poland;Plock;05232;01940;N;E;+01:00
Romania;Ploesti;04457;02605;N;E;+02:00
U.S.A.;Plymouth;04189;07069;N;W;-05:00
Italy;Po;04457;01204;N;E;+01:00
Kyrgyzstan;Pobedy;04045;07958;N;E;+05:00
South Korea;Pohang;03601;12923;N;E;+09:00
U.S.A.;Point Barrow;07122;15630;N;W;-05:00
Colombia;Point Gallines;01228;07140;N;W;-05:00
U.S.A.;Point Hope;06820;16650;N;W;-05:00
Guadeloupe;Pointe A Pitre;01614;06132;N;W;-04:00
France;Poitiers;04635;00020;N;E;+01:00
Puerto Rico;Ponce;01801;06637;N;W;-04:00
U.S.A.;Pontchartrain;03012;09000;N;W;-05:00
Indonesia;Pontianak;00003;10915;S;E;+07:00
U.K.;Poole;05042;00158;N;W;-00:00
Colombia;Popayan;00227;07636;N;W;-05:00
Mexico;Popocatepett;01910;09840;N;W;-06:00
Finland;Pori;06129;02148;N;E;+02:00
Japan;Poroshiri-Dake;04241;14252;N;E;+09:00
Norway;Porsangen;07045;02500;N;E;+01:00
Norway;Porsgrunn;05910;00940;N;E;+01:00
Australia;Port Augusta;03230;13750;S;E;+09:30
New Zealand;Port Chalmers;04549;17030;S;E;+12:00
South Africa;Port Elizabeth;03358;02540;S;E;+02:00
Egypt;Port Fuad;03102;03202;N;E;+02:00
Nigeria;Port Harcourt;00443;00710;N;E;+01:00
Australia;Port Hedland;02025;11835;S;E;+09:30
Australia;Port Lincoln;03442;13552;S;E;+09:30
Papua New Guinea;Port Moresby;00802;14504;S;E;+10:00
New Zealand;Port Pegasus;04712;16741;S;E;+12:00
Australia;Port Pirie;03310;13801;S;E;+09:30
Egypt;Port Said;03116;03218;N;E;+02:00
Sudan;Port Sudan;01932;03709;N;E;+02:00
Haiti;Port au Prince;01840;07220;N;W;-05:00
Trinidad &Tobago;Port of Spain;01040;06131;N;W;-04:00
Haiti;Port-de-Paix;01950;07250;N;W;-05:00
U.K.;Portland Bill;05031;00227;N;W;-00:00
U.S.A.;Portland;04535;12240;N;W;-05:00
Brazil;Porto Alegre;03005;05110;S;W;-03:00
Benin;Porto Novo;00623;00242;N;E;+01:00
Brazil;Porto Velho;00846;06354;S;W;-03:00
Ecuador;Portoviejo;00107;08028;S;W;-05:00
U.K.;Portsmouth;05048;00106;N;W;-00:00
Finland;Porvoo;06024;02540;N;E;+02:00
Indonesia;Poso;00120;12055;S;E;+07:00
Bolivia;Potosi;01938;06550;S;W;-04:00
Germany;Potsdam;05223;01304;N;E;+01:00
Sri Lanka;Pottuvil;00655;08150;N;E;+05:30
Cameroon;Pouthisat;01203;10305;N;E;+01:00
U.S.A.;Powder;04647;10512;N;W;-05:00
China;Poyang L.;02910;11610;N;E;+08:00
Poland;Poznan;05225;01655;N;E;+01:00
Canada;Pr. Rupert;05418;13017;N;W;-05:00
Czecho;Prague;05005;01422;N;E;+01:00
Italy;Prato;04353;01105;N;E;+01:00
U.K.;Preston;05346;00242;N;W;-00:00
Canada;Prince Charles I;06747;07612;N;W;-05:00
Canada;Prince George;05355;12049;N;W;-05:00
Canada;Prince Patrick;07700;12000;N;W;-05:00
Canada;Prince of Wales I.;07300;09900;N;W;-05:00
U.S.A.;Prince of Wales L;05330;13130;N;W;-05:00
Yugoslavia;Pristina;04240;02113;N;E;+01:00
Yugoslavia;Prizren;04213;02045;N;E;+01:00
Russia;Prokopyevsk;05400;08645;N;E;+02:00
Myanmar;Prome;01849;09513;N;E;+06:00
Egypt;Prot Tautiq;02952;03205;N;E;+02:00
U.S.A.;Providence;04150;07128;N;W;-05:00
Colombia;Provindencia;01325;08126;N;W;-05:00
U.S.A.;Provo;04016;11137;N;W;-05:00
Romania;Prut;04603;02810;N;E;+02:00
Poland;Przemysl;04950;02245;N;E;+01:00
Russia;Pskov;05750;02825;N;E;+02:00
Peru;Pucallpa;00825;07430;S;W;-05:00
Mexico;Puebla;01903;09812;N;W;-06:00
U.S.A.;Pueblo;03817;10438;N;W;-05:00
Venezuella;Puerto Ayacucho;00540;06735;N;W;-04:00
Guam;Puerto Barrios;01540;08840;N;W;+10:00
Colombia;Puerto Carreno;00612;06722;N;W;-05:00
Peru;Puerto Maldonado;01230;06910;S;W;-05:00
Chile;Puerto Montt;04128;07300;S;W;-04:00
Mexico;Puerto Morelos;02002;08000;N;W;-06:00
Dominican Rep.;Puerto Plata;01940;07045;N;W;-04:00
U.S.A.;Puerto Rico;01815;06645;N;W;-05:00
Spain;Puertollano;03804;00401;N;W;+01:00
Croatia;Pula;04452;01352;N;E;+01:00
Bhutan;Punakha;02742;08952;N;E;+05:30
Peru;Puno;01555;07003;S;W;-05:00
Chile;Punta Arenas;05310;07100;S;W;-04:00
Brazil;Purus;00342;06128;S;W;-03:00
South Korea;Pusan;03505;12900;N;E;+09:00
New Zealand;Putaruru;03802;17550;S;E;+12:00
Sri Lanka;Puttalam;00801;07955;N;E;+05:30
Myanmar;Pyapon;01605;09550;N;E;+06:00
Russia;Pyasina;07230;09030;N;E;+02:00
Myanmar;Pyinmana;01945;09620;N;E;+06:00
North Korea;Pyongyang;03900;12530;N;E;+08:00
Afghanistan;Qalat-i-Ghilzai;03202;06704;N;E;+04:30
China;Qamdo;03111;09718;N;E;+08:00
Afghanistan;Qandahar;03104;06504;N;E;+04:30
Afghanistan;Qarabagh;03302;06804;N;E;+04:30
Iran;Qazvin;03615;05000;N;E;+03:30
Egypt;Qena;02610;03243;N;E;+02:00
Pakistan;Qila Saifullah;03045;06817;N;E;+05:30
China;Qingdao;03605;12020;N;E;+08:00
China;Qinghuangdao;03904;12000;N;E;+08:00
China;Qingjiang;03330;11902;N;E;+08:00
China;Qinzhou;02200;10800;N;E;+08:00
China;Qiqihar;04726;12400;N;E;+08:00
Saudi Arabia;Qizan;01657;04234;N;E;+03:00
Iran;Qom;03440;05100;N;E;+03:30
Vietnam;Quang Ngai;01513;10858;N;E;+07:00
Vietnam;Quang Tri;01646;10711;N;E;+07:00
China;Quanzhou;02600;11057;N;E;+08:00
Australia;Queanbeyan;03517;14914;S;E;+09:30
Canada;Quebec;04652;07113;N;W;-05:00
U.S.A.;Queen Charlotte Is;05320;13210;N;W;-05:00
Canada;Queen Elizabeth Is;07600;09500;N;W;-05:00
Australia;Queens Chan.;01500;12930;S;E;+09:30
Australia;Queensland;02200;14200;S;E;+09:30
Australia;Queenstown;04204;14535;S;E;+09:30
Pakistan;Quetta;03015;06655;N;E;+05:30
Philippines;Quezon City;01438;12100;N;E;+08:00
Vietnam;Qui Nhon;01340;10913;N;E;+07:00
Australia;Quilpie;02635;14411;S;E;+09:30
Ecuador;Quito;00015;07835;S;W;-05:00
China;Qumarleb;03433;09525;N;E;+08:00
Australia;Quorn;03225;13800;S;E;+09:30
Indonesia;Raba;00836;11855;S;E;+07:00
Morocco;Rabat;03402;00648;N;W;+01:00
U.S.A.;Racine;04241;08751;N;W;-05:00
Poland;Radom;05123;02112;N;E;+01:00
New Zealand;Raglan;03755;17455;S;E;+12:00
India;Raigarh;02154;08324;N;E;+05:30
U.S.A.;Rainier Mt.;04650;12150;N;W;-05:00
Nepal;Rajbiraj;02905;08604;N;E;+05:30
Bangladesh;Rajshahi;02422;08839;N;E;+06:00
Estonia;Rakvere;05921;02620;N;E;+02:00
U.S.A.;Raleigh;03547;07839;N;W;-05:00
Iraq;Ramadi;03328;04315;N;E;+03:00
Nepal;Ramechhap;02725;08610;N;E;+05:30
India;Rampur;03124;07736;N;E;+05:30
Myanmar;Ramree I.;01900;09400;N;E;+06:00
Denmark;Randers;05629;01002;N;E;+01:00
Bangladesh;Rangamati;02238;09212;S;E;+06:00
New Zealand;Rangiora;04319;17236;S;E;+12:00
New Zealand;Rangitaiki;03754;17649;S;E;+12:00
New Zealand;Rangitata;04345;17115;S;E;+12:00
Bangladesh;Rangpur;02542;08922;N;E;+06:00
Indonesia;Rantauprapat;00215;09950;N;E;+07:00
U.S.A.;Rapid City;04400;10300;N;W;-05:00
Cook Is.;Rarotonga;02130;16000;S;W;-10:00
Oman;Ras AI Hadd;02231;05945;N;E;+04:00
Ethiopia;Ras Dashan Mt.;01308;03745;N;E;+03:00
Iran;Rasht;03720;04940;N;E;+03:30
Sri Lanka;Ratnapura;00640;08020;N;E;+05:30
New Zealand;Raukumara Ra.;03805;17755;S;E;+12:00
Finland;Rauma;06110;02130;N;E;+02:00
Pakistan;Ravi;03100;07300;N;E;+05:30
Kiribati;Rawaki Is.;00330;17200;S;W;+12:00
Pakistan;Rawalpindi;03338;07308;N;E;+05:30
New Zealand;Rawene;03525;17332;S;E;+12:00
Argentina;Rawson;04315;06500;S;W;-03:00
U.K.;Reading;05127;00057;N;W;-00:00
Japan;Rebun-To;04523;14102;N;E;+09:00
Brazil;Recife;00800;03500;S;W;-03:00
U.S.A.;Red;03100;09140;N;W;-05:00
Ireland;Ree L.;05335;00800;N;W;-00:00
Germany;Regensburg;04901;01207;N;E;+01:00
Italy;Reggio;04442;01038;N;E;+01:00
Canada;Regina;05027;10435;N;W;-05:00
Namibia;Rehoboth;01755;01505;S;E;+02:00
France;Reims;04915;00401;N;E;+01:00
Canada;Reindeer L.;05715;10215;N;W;-05:00
New Zealand;Reinga C.;03425;17243;S;E;+12:00
Malaysia;Rejang;00230;11330;N;E;+08:00
France;Rennes;04807;00141;N;W;+01:00
U.S.A.;Reno;03930;11950;N;W;-05:00
Argentina;Resistencia;02730;05900;S;W;-03:00
Romania;Resita;04516;02155;N;E;+02:00
New Zealand;Resolution I.;04540;16640;S;E;+12:00
Mexico;Revilla Gigedo Is.;01840;11200;N;W;-06:00
Iceland;Reykjavik;06410;02157;N;E;-00:00
Australia;Reynolds Ra.;02230;13300;S;E;+09:30
U.S.A.;Rhode ls.;04138;07137;N;W;-05:00
France;Rhone;04328;00442;N;E;+01:00
U.K.;Rhum I.;05700;00620;N;W;-00:00
Bolivia;Riberatta;01100;06600;S;W;-04:00
New Zealand;Riccarton;04332;17237;S;E;+12:00
U.S.A.;Richmond;03733;07727;N;W;-05:00
New Zealand;Richrnond;04120;17310;S;E;+12:00
Latvia;Riga;05653;02408;N;E;+02:00
Croatia;Rijeka;04520;01421;N;E;+01:00
Italy;Rimini;04403;01233;N;E;+01:00
Romania;Rimnicu Vilcea;04509;02421;N;E;+02:00
Norway;Ringvassoy;06936;01915;N;E;+01:00
Indonesia;Riniani Mt.;00820;11630;S;E;+07:00
Brazil;Rio Branco;00958;06749;S;W;-03:00
Argentina;Rio Cuarto;03308;06420;S;W;-03:00
Argentina;Rio Gallegos;05135;06915;S;W;-03:00
Brazil;Rio Grande;03200;05220;S;W;-03:00
Brazil;Rio de Janeiro;02300;04312;S;W;-03:00
Ecuador;Riobamba;00150;07845;S;W;-05:00
Norway;Risor;05843;00913;N;E;+01:00
Uruguay;Rivera;03100;05550;S;W;-03:00
U.S.A.;Riverside;03400;11722;N;W;-05:00
New Zealand;Riverton;04621;16800;S;E;+12:00
Saudi Arabia;Riyadh;02441;04642;N;E;+03:00
France;Roanne;04603;00404;N;E;+01:00
Canada;Robson Mt;05310;11910;N;W;-05:00
Uruguay;Rocha;03430;05425;S;W;-03:00
U.S.A.;Rochester;04310;07740;N;W;-05:00
U.S.A.;Rock Springs;04140;10910;N;W;-05:00
U.S.A.;Rockford;04220;08900;N;W;-05:00
Australia;Rockhampton;02322;15032;S;E;+09:30
Greece;Rodhos;03615;02810;N;E;+02:00
New Zealand;Rodney C.;03617;17450;S;E;+12:00
Australia;Roebourne;02044;11709;S;E;+09:30
Indonesia;Romang;00730;12720;S;E;+07:00
U.S.A.;Romanzof C.;06200;16550;N;W;-05:00
Italy;Rome;04154;01230;N;E;+01:00
Venezuella;Roraima;00510;06040;N;W;-04:00
Norway;Roros;06235;01123;N;E;+01:00
Argentina;Rosario;03300;06040;S;W;-03:00
Dominica;Roseau;01520;06124;N;W;-04:00
Germany;Rostock;05404;01209;N;E;+01:00
Russia;Rostov;04715;03945;N;E;+02:00
U.S.A.;Roswell;03326;10432;N;W;-05:00
Indonesia;Roti;01050;12300;S;E;+07:00
New Zealand;Rotorua;03809;17616;S;E;+12:00
Netherlands;Rotterdam;05155;00430;N;E;+01:00
Fiji;Rotuma;01225;17705;S;E;+12:00
U.K.;Rousay I.;05910;00302;N;W;-00:00
Finland;Rovaniemi;06629;02541;N;E;+02:00
Philippines;Roxas;01136;12249;N;E;+08:00
New Zealand;Roxburgh;04533;16919;S;E;+12:00
New Zealand;Ruahine Ra.;03955;17602;S;E;+12:00
New Zealand;Ruapehu;03917;17535;S;E;+12:00
New Zealand;Ruapuke I.;04646;16831;S;E;+12:00
Bangladesh;Ruhea;02610;08825;N;E;+06:00
Australia;Rum Jungle;01300;13059;S;E;+09:30
Japan;Rumoi;04326;14139;N;W;+09:00
New Zealand;Runanga;04225;17115;S;E;+12:00
China;Ruoqiang;03902;08802;N;E;+08:00
Bulgaria;Ruse;04348;02559;N;E;+02:00
China;Rutog;03327;07943;N;E;+08:00
Russia;Ryazan;05440;03940;N;E;+02:00
Russia;Rybinsk Res.;05830;03800;N;E;+02:00
Japan;Ryukyuls.;02600;12800;N;E;+09:00
Poland;Rzeszow;05005;02158;N;E;+01:00
Germany;Saarbrucken;04915;00658;N;E;+01:00
Estonia;Saaremaa;05830;02230;N;E;+02:00
Spain;Sabadell;04128;00207;N;E;+01:00
Malaysia;Sabah;00600;11700;N;E;+08:00
Libya;Sabhab;02709;01429;N;E;+01:00
U.S.A.;Sabine;03130;09335;N;W;-05:00
Canada;Sable C.;04329;06538;N;W;-05:00
U.S.A.;Sacramento;03833;12130;N;W;-05:00
Sweden;Saffie;05908;01255;N;E;+01:00
Morocco;Safi;03218;00920;N;W;+01:00
Japan;Saga;03315;13016;N;E;+09:00
Myanmar;Sagaing;02330;09530;N;E;+06:00
Cuba;Sagua la Grande;02250;08010;N;W;-05:00
Algeria;Saharan Atlas;03409;00329;N;E;+01:00
Pakistan;Sahiwal;03045;07308;N;E;+05:30
Pakistan;Saidu;03450;07215;N;E;+05:30
Germany;Saizgitter;05213;01022;N;E;+01:00
Saudi Arabia;Sakaka;03000;04008;N;E;+03:00
Turkey;Sakarya;04005;03100;N;E;+03:00
Japan;Sakata;03855;13951;N;E;+09:00
Russia;Sakhalin;05100;14300;N;E;+02:00
Argentina;Salado;03140;06041;S;W;-03:00
Oman;Salala;01700;05404;N;E;+04:00
Spain;Salamanca;04058;00539;N;W;+01:00
Indonesia;Salayar;00615;12030;S;E;+07:00
Australia;Sale;03806;14706;S;E;+09:30
U.S.A.;Salem;04500;12300;N;W;-05:00
Indonesia;Salembu Is.;00535;11430;S;E;+07:00
Italy;Salerno;04040;01444;N;E;+01:00
U.S.A.;Salina;03850;09740;N;W;-05:00
U.S.A.;Salt Lake City;04045;11158;N;W;-05:00
Argentina;Salta;02457;06525;S;W;-03:00
Mexico;Saltillo;02530;10100;N;W;-06:00
Uruguay;Salto;03127;05750;S;W;-03:00
Brazil;Salvador;01300;03830;S;W;-03:00
Myanmar;Salween;01631;09737;N;E;+06:00
Austria;Salzburg;04748;01303;N;E;+01:00
Afghanistan;Samangan;03615;06740;N;E;+04:30
Philippines;Samar;01200;12500;N;E;+08:00
Indonesia;Samarinda;00030;11709;S;E;+07:00
Uzbekistan;Samarkand;03920;06657;N;E;+05:00
Iraq;Samarra;03416;04355;N;E;+03:00
Indonesia;Sambas;00120;10920;N;E;+07:00
Iran;Samnan;03530;05325;N;E;+03:30
Turkey;Samsun;04115;03615;N;E;+03:00
Thailand;Samut Songkhram;01325;10001;N;E;+07:00
Chile;San Ambrosio;02635;07930;S;W;-04:00
U.S.A.;San Antonia;02930;09830;N;W;-05:00
Philippines;San Carlos;01555;12020;N;E;+08:00
Venezuella;San Cristobai;01650;09240;N;W;-04:00
U.S.A.;San Diego;03243;11710;N;W;-05:00
Egypt;San El Hagar;03059;03152;N;E;+02:00
Chile;San Felix;02630;08000;S;W;-04:00
Chile;San Fernando;03430;07100;S;W;-04:00
U.S.A.;San Francisco;03747;12230;N;W;-05:00
Costa Rica;San Jose;01000;08402;N;W;-06:00
Nicaragua;San Juan;01100;08430;N;W;-06:00
Mexico;San Lucas C.;02250;11000;N;W;-06:00
Mexico;San Luis Potosi;02209;10059;N;W;-06:00
Laos;San Nua;02005;10401;N;E;+07:00
Honduras;San Pedro Sula;01530;08800;N;W;-06:00
Paraguay;San Pedro;02408;05708;S;W;-04:00
Argentina;San Rafael;03404;06800;N;W;-03:00
Spain;San Sebastlan;04317;00158;N;W;+01:00
Argentina;San-Diego.C.;05440;06510;S;W;-03:00
Argentina;SanMiguelde;02650;06520;S;W;-03:00
Iran;Sanandaj;03525;04707;N;E;+03:30
Cuba;Sancti Spiritus;02152;07933;N;W;-05:00
Malaysia;Sandakan;00553;11810;N;E;+08:00
Norway;Sandefjord;05910;01015;N;E;+01:00
Norway;Sandnes;05850;00545;N;E;+01:00
Myanmar;Sandoway;01820;09430;N;E;+06:00
Australia;Sandstone;02759;11916;S;E;+09:30
Sweden;Sandviken;06038;01646;N;E;+01:00
Pakistan;Sanghar;02610;06859;N;E;+05:30
Indonesia;Sangihe Is.;00300;12600;N;E;+07:00
Indonesia;Sangkulirang;00055;11801;N;E;+07:00
China;Sanming;02613;11735;N;E;+08:00
U.S.A.;Santa Barbara;03425;11940;N;W;-05:00
Cuba;Santa Clara;02220;08000;N;W;-05:00
Bolivia;Santa Cruz;01743;06310;S;W;-04:00
Argentina;Santa Fe;03135;06041;S;W;-03:00
Brazil;Santa Maria;02940;05348;S;W;-03:00
Colombia;Santa Marta;01115;07413;N;W;-05:00
Honduras;Santa Rosa de Copan;01447;08846;N;W;-06:00
Bangladesh;Santahar;02448;08859;N;E;+06:00
Spain;Santander;04327;00351;N;W;+01:00
Brazil;Santarem;00226;05441;S;W;-03:00
Cuba;Santiago De;02000;07549;N;W;-05:00
Dominican Rep.;Santiago;01930;07040;N;W;-04:00
Dominica;Santo Domingo;01830;06454;N;W;-04:00
Brazil;Santos;02400;04620;S;W;-03:00
Brazil;Sao Francisco;01030;03624;S;W;-03:00
Brazil;Sao Luis;00239;04415;S;W;-03:00
Brazil;Sao Paulo;02332;04637;S;W;-03:00
Sao Tome & E-Pri;Sao Tome;00001;00704;N;E;-00:00
Japan;Sapporo;04300;14121;N;E;+09:00
Bosnia & Herz.;Sarajevo;04352;01826;N;E;+01:00
Russia;Saransk;05410;04510;N;E;+02:00
Russia;Saratov;05130;04602;N;E;+02:00
Laos;Saravane;01543;10625;N;E;+07:00
Malaysia;Sarawak;00200;11300;N;E;+08:00
Italy;Sardinia;04000;00900;N;E;+01:00
Pakistan;Sargodha;03210;07240;N;E;+05:30
Chad;Sarh;00905;01823;N;E;+01:00
North Korea;Sariwon;03830;12545;N;E;+08:00
Indonesia;Sarmi;00149;13838;S;E;+07:00
Japan;Sasebo;03310;12943;N;E;+09:00
Canada;Saskatchewan;05440;10600;N;W;-05:00
Canada;Saskatoon;05210;10638;N;W;-05:00
Italy;Sassari;04100;00805;N;E;+01:00
Romania;Satu Mare;04746;02255;N;E;+02:00
Norway;Sauda;05938;00623;N;E;+01:00
New Zealand;Saunders. C.;04553;17045;S;E;+12:00
Iceland;Sauoarkrokur;06545;01940;N;W;-00:00
Yugoslavia;Sava;04450;02026;N;E;+01:00
U.S.A.;Savannah;03204;08104;N;W;-05:00
Laos;Savannakhet;01630;10449;N;E;+07:00
Italy;Savona;04418;00828;N;E;+01:00
Finland;Savonlinna;06152;02853;N;E;+02:00
Indonesia;Sawu;01035;12150;S;E;+07:00
Mongolia;Saynshand;04455;11011;N;E;+08:00
Canada;Schefferville;05405;06700;N;W;-05:00
Germany;Schwerin;05337;01122;N;E;+01:00
U.K.;Scotland;05700;00500;N;W;-00:00
U.S.A.;Scottsbluff;04155;10335;N;W;-05:00
Australia;Scottsdale;04109;14731;S;E;+09:30
U.S.A.;Seattle;04741;12215;N;W;-05:00
New Zealand;Secretary I.;04515;16656;S;E;+12:00
France;Seine;04936;00026;N;E;+01:00
Indonesia;Selaru;00818;13100;S;E;+07:00
Indonesia;Selatan;04009;11436;S;E;+07:00
Brazil;Selvas;00630;06700;S;W;-03:00
Indonesia;Semarang;00700;11026;S;E;+07:00
Kazakhstan;Semipalatinsk;05030;08010;N;E;+05:00
South Korea;Seoul;03731;12658;N;E;+09:00
Canada;Sept lles;05013;06622;N;W;-05:00
U.S.A.;Seqoia N. P.;03630;11830;N;W;-05:00
Brunei;Seria;00437;11430;N;E;+08:00
Botswana;Serowe;02225;02643;S;E;+02:00
Greece;Serrai;04103;02333;N;E;+02:00
Portugal;Setubal;03830;00858;N;W;-00:00
Ukraine;Sevastopol;04435;03330;N;E;+02:00
U.K.;Severn;05135;00238;N;W;-00:00
Russia;Severnaya Zemlya;07900;10000;N;E;+02:00
Spain;Seville;03723;00600;N;W;+01:00
U.S.A.;Seward Penin.;06500;16400;N;W;-05:00
Iceland;Seyoisfjorour;06500;01400;N;W;-00:00
Tunisia;Sfax;03449;01048;N;E;+01:00
Iran;Shahr Kord;03215;05055;N;E;+03:30
China;Shanghai;03115;12126;N;E;+08:00
China;Shangqiu;03427;11507;N;E;+08:00
China;Shangrao;02825;11759;N;E;+08:00
China;Shangshui;03342;11434;N;E;+08:00
Greece;Shannon I;07500;01800;N;W;+02:00
Ireland;Shannon;05235;00930;N;W;-00:00
Russia;Shantar Is.;05509;13740;N;E;+02:00
China;Shantou;02318;11640;N;E;+08:00
China;Shaoguan;02448;11335;N;E;+08:00
China;Shaoxing;03002;12035;N;E;+08:00
China;Shaoyang;02714;11125;N;E;+08:00
China;Shashi;03016;11220;N;E;+08:00
U.K.;Sheffield;05323;00128;N;W;-00:00
Australia;Shellharbour;03431;15051;S;E;+09:30
China;Shenyang;04150;12325;N;E;+08:00
Australia;Shepparton;03623;14526;S;E;+09:30
U.K.;Shetland Is.;06030;00130;N;W;-00:00
Afghanistan;Shibarghan;03545;06600;N;E;+04:30
Japan;Shibushi;03124;13108;N;E;+09:00
China;Shihezi;04419;08610;N;E;+08:00
China;Shijiazhuang;03802;11428;N;E;+08:00
Japan;Shikoku;03330;13330;N;E;+09:00
Russia;Shilka;05155;11601;N;E;+02:00
Japan;Shimonoseki;03358;13100;N;E;+09:00
U.K.;Shin L.;05807;00430;N;W;-00:00
Afghanistan;Shindand;03312;06208;N;E;+04:30
Myanmar;Shingbwiyang;02641;09613;N;E;+06:00
Japan;Shio-No C.;03325;13545;N;E;+09:00
China;Shiping;02343;10227;N;E;+08:00
Iran;Shiraz;02942;05230;N;E;+03:30
China;Shiyan;03231;11045;N;E;+08:00
China;Shizuishan;03904;10622;N;E;+08:00
Japan;Shizuoka;03500;13824;N;E;+09:00
Albania;Shkoder;04206;00920;N;E;+01:00
U.S.A.;Shreveport;03230;09350;N;W;-05:00
China;Shuangyashan;04628;13105;N;E;+08:00
Myanmar;Shwebo;02230;09545;N;E;+06:00
Myanmar;Shweli;02345;09645;N;E;+06:00
China;Si Kiang;02220;11320;N;E;+08:00
Cameroon;Siae Reap;01300;10352;N;E;+01:00
Pakistan;Siahan Ra.;02730;06440;N;E;+05:30
Lithuania;Siauliai;05556;02315;N;E;+02:00
Croatia;Sibenlk;04345;01555;N;E;+01:00
Pakistan;Sibi;02930;06748;N;E;+05:30
Romania;Sibiu;04545;02409;N;E;+02:00
Indonesia;Sibolga;00150;09845;N;E;+07:00
Malaysia;Sibu;00218;11149;N;E;+08:00
Philippines;Sibuyan;01225;12240;N;E;+08:00
Germany;Siegen;05252;00802;N;E;+01:00
Mexico;Sierra Madre;01600;09300;N;W;-06:00
U.S.A.;Sierra Nevada;03900;12030;N;W;-05:00
Cambodia;Sifophon;01331;10259;N;E;+07:00
Bulgaria;Silistra;04406;02717;N;E;+02:00
Malaysia;Simanggang;00110;11132;N;E;+08:00
Indonesia;Simeulue;00245;09545;N;E;+07:00
Ukraine;Simferopol;04455;03403;N;E;+02:00
Nepal;Simikot;03000;08150;N;E;+05:30
Australia;Simpson Desert;02500;13700;S;E;+09:30
Russia;Simushir I.;04650;15230;N;E;+02:00
Egypt;Sinai Penin.;02930;03400;N;E;+02:00
Colombia;Sincelejo;00918;07524;N;W;-05:00
Nepal;Sindhulimadi;02717;08558;N;E;+05:30
Indonesia;Singkawang;00100;10905;N;E;+07:00
Indonesia;Sintang;00005;11135;N;E;+07:00
North Korea;Sinuiju;04004;12025;N;E;+08:00
Italy;Siracusa;03704;01518;N;E;+01:00
Bangladesh;Sirajganj;02425;08947;N;E;+06:00
Croatia;Sisak;04530;01622;N;E;+01:00
Thailand;Sisaket;01508;10423;N;E;+07:00
Myanmar;Sittwe;02018;09245;N;E;+06:00
Turkey;Sivas;03943;03658;N;E;+03:00
Denmark;Sjaelland;05530;01130;N;E;+01:00
Sweden;Skagerrak;06445;02058;N;E;+01:00
Norway;Skien;05912;00935;N;E;+01:00
Macedonia;Skopje;04201;02132;N;E;+01:00
U.K.;Skye I.;05715;00610;N;W;-00:00
Romania;Slatina;04426;02422;N;E;+02:00
U.K.;Sleat;05705;00547;N;W;-00:00
Ireland;Sligo;05417;00828;N;W;-00:00
Bulgaria;Sliven;04242;02619;N;E;+02:00
Romania;Slovozia;04434;02723;N;E;+02:00
Poland;Slupsk;05428;01700;N;E;+01:00
Yugoslavia;Smederevo;04440;02057;N;E;+01:00
Russia;Smolensk;05445;03200;N;E;+02:00
U.S.A.;Snake;04612;11902;N;W;-05:00
Russia;Sochi;04335;03940;N;E;+02:00
Sweden;Sodertalje;05912;01750;N;E;+01:00
Bulgaria;Sofia;04245;02320;N;E;+02:00
Norway;Sogne Fjord;06110;00550;N;E;+01:00
Norway;Solfonn Mt.;06002;00657;N;E;+01:00
Sweden;Sollefted;06309;01715;N;E;+01:00
U.K.;Solway Firth;05445;00338;N;W;-00:00
Australia;Somerstet;01045;14225;S;E;+09:30
India;Sonai;02608;09202;N;E;+05:30
Thailand;Songkhla;00713;10037;N;E;+07:00
Indonesia;Sorong;00055;13115;S;E;+07:00
Philippines;Sorsogon;01300;12400;N;E;+08:00
Poland;Sosnowiec;05020;01000;N;E;+01:00
Brazil;Soure;00040;04830;S;W;-03:00
U.S.A.;South Bend;04138;08620;N;W;-05:00
U.S.A.;South Carolina;03345;08100;N;E;-05:00
U.S.A.;South Dakota;04500;10000;N;W;-05:00
U.K.;South Downs;05053;00010;N;W;-00:00
U.K.;South Shields;05459;00126;N;W;-00:00
U.K.;South Uist I.;05720;00701;N;W;-00:00
New Zealand;South West C.;04716;16731;S;E;+12:00
New Zealand;South;04400;17000;S;E;+12:00
Canada;Southampton I.;06430;08400;N;W;-05:00
U.K.;Southampton;05054;00123;N;W;-00:00
U.K.;Southend-On-Sea;05132;00042;N;E;-00:00
New Zealand;Southern Alps;04341;17011;S;E;+12:00
Australia;Southern Cross;03112;11915;S;E;+09:30
U.K.;Southern Uplands;05530;00303;N;W;-00:00
Lithuania;Sovetsk;05506;02150;N;E;+02:00
New Zealand;Spenser Mts.;04215;17245;S;E;+12:00
U.K.;Spey;05726;00325;N;W;-00:00
Croatia;Split;04331;01626;N;E;+01:00
U.S.A.;Spokane;04745;11725;N;W;-05:00
U.S.A.;Springfield;03948;08940;N;W;-05:00
U.K.;Spurn Hd.;05334;00008;N;E;-00:00
Russia;Sredinny Ra.;05700;16000;N;E;+02:00
Sri Lanka;Sri Jayawardhana;00656;07958;N;E;+05:30
France;St. Barthelemy;01750;06250;N;W;+01:00
U.S.A.;St. Elias Mt.;06020;14159;N;W;-05:00
France;St. Etienne;04527;00422;N;E;+01:00
Australia;St. George;02801;14841;S;E;+09:30
New Zealand;St. Klida;04553;17031;S;E;+12:00
U.S.A.;St. Lawrence I.;06300;17000;N;W;-05:00
Canada;St. Lawrence;04930;06600;N;W;-05:00
U.S.A.;St. Louis;03840;09012;N;W;-05:00
France;St. Malo;04839;00201;N;W;+01:00
Netherlands;St. Martin I.(Fr.;01800;06300;N;W;+01:00
France;St. Nazaire;04717;00212;N;W;+01:00
U.S.A.;St. Paul;04454;09305;N;W;-05:00
Russia;St. Petersburg;05955;03020;N;E;+02:00
Austria;St. Polten;04813;01537;N;E;+01:00
Poland;Stalowa Wola;05005;02205;N;E;+01:00
U.S.A.;Stamford;04105;07330;N;W;-05:00
Russia;Stanovoy Ra.;05500;13000;N;E;+02:00
Bulgaria;Stara Zagora;04626;02539;N;E;+02:00
Kiribati;Starbuck I.;00537;15555;S;W;+12:00
Argentina;Staten I.;05440;06400;S;W;-03:00
Norway;Stavanger;05857;00540;N;E;+01:00
Russia;Stavropol;04505;04200;N;E;+02:00
Madeira;Ste-Marie;02536;04508;S;E;-01:00
Australia;Steep Point;02608;11308;S;E;+09:30
Norway;Steinkjer;06359;01131;N;E;+01:00
New Zealand;Stewart I.;04658;16754;S;E;+12:00
Sweden;Stockholm;05920;01803;N;E;+01:00
U.S.A.;Stockton;03800;12120;N;W;-05:00
U.K.;Stockton-on-Tees;05434;00120;N;W;-00:00
U.K.;Stoke-on-Trent;05301;00211;N;W;-00:00
Iceland;Stokksnes;06414;01458;N;W;-00:00
Russia;Stony Tunguska;06400;09500;N;E;+02:00
France;Strasbourg;04835;00742;N;E;+01:00
New Zealand;Stratford;03920;17419;S;E;+12:00
Cambodia;Stung Treng;01331;10558;N;E;+07:00
Australia;Sturt;02008;12724;S;E;+09:30
Germany;Stuttgart;04846;00910;N;E;+01:00
Yugoslavia;Subotica;04606;01949;N;E;+01:00
Bolivia;Sucre;01900;06515;S;W;-04:00
Canada;Sudbury;04630;08101;N;W;-05:00
Indonesia;Sudirman Ra.;00430;13700;S;E;+07:00
Egypt;Suez;02958;03231;N;E;+02:00
China;Suihua;04640;12700;N;E;+08:00
Ireland;Suir;05215;00710;N;W;-00:00
Russia;Sukhona;06004;04500;N;E;+02:00
Pakistan;Sukkur;02750;06846;N;E;+05:30
Iraq;Sulaimaniya;03532;04527;N;E;+03:00
Pakistan;Sulaimen Ra.;03030;06950;N;E;+05:30
Indonesia;Sulawesi;00205;12000;N;E;+07:00
Philippines;Sulu Arch.;00600;12100;N;E;+08:00
Indonesia;Sumba;00945;11935;S;E;+07:00
Indonesia;Sumbawa;00826;11730;S;E;+07:00
Bulgaria;Sumen;04300;02605;N;E;+02:00
Ukraine;Sumy;05055;03449;N;E;+02:00
Bangladesh;Sundarbans;02200;08900;N;E;+06:00
U.S.A.;Superior;04740;08700;N;W;-05:00
Pakistan;Surab;02825;06615;N;E;+05:30
Indonesia;Surabaya;00717;11245;S;E;+07:00
Indonesia;Surakarta;00735;11048;S;E;+07:00
Thailand;Surat Thani;00906;09914;N;E;+07:00
Fiji;Suva;01740;17808;S;E;+12:00
Poland;Suwalki;05406;02256;N;W;+01:00
Japan;Suwanose Jima;02938;12938;N;E;+09:00
South Korea;Suwon;03717;12701;N;E;+09:00
China;Suzhou;03119;12038;N;E;+08:00
Japan;Suzuka;03452;13637;N;E;+09:00
Canada;Sverdrup Is.;07900;09700;N;W;-05:00
Bulgaria;Svishtov;04336;02522;N;E;+02:00
Namibia;Swakopmund;02237;01430;S;E;+02:00
Australia;Swan Hill;03520;14333;S;E;+09:30
U.K.;Swansea;05137;00357;N;W;-00:00
South Africa;Swartberg;03320;02200;S;E;+02:00
Australia;Sydney;03353;15110;S;E;+09:30
Russia;Syktyvkar;06145;05040;N;E;+02:00
Sweden;Sylarna;06302;01211;N;E;+01:00
Bangladesh;Sylhet;02454;09152;N;E;+06:00
Kazakhstan;Syr Darya;04500;06500;N;E;+05:00
U.S.A.;Syracuse;04304;07611;N;W;-05:00
Poland;Szczecin;05327;01427;N;E;+01:00
Hungary;Szeged;04616;02010;N;E;+01:00
Hungary;Szekesfehervar;04715;01825;N;E;+01:00
Hungary;Szekszard;04621;01841;N;E;+01:00
Philippines;Tablas;01225;12202;N;E;+08:00
Iran;Tabriz;03807;04620;N;E;+03:30
Saudi Arabia;Tabuk;02823;03636;N;E;+03:00
Philippines;Tacloban;01115;01255;N;E;+08:00
Peru;Tacna;01800;07020;S;W;-05:00
U.S.A.;Tacoma;04715;12230;N;W;-05:00
South Korea;Taegu;03550;12837;N;E;+09:00
Spain;Tagus;03840;00924;N;W;+01:00
Nigeria;Tahoua;01457;00516;N;E;+01:00
Indonesia;Tahuna;00345;12530;N;E;+07:00
Saudi Arabia;Taif;02115;04021;N;E;+03:00
New Zealand;Taihape;03941;17545;S;E;+12:00
Russia;Taimyr Penin;07420;10200;N;E;+02:00
Russia;Taimyr;07420;10200;N;E;+02:00
Taiwan;Taipei;02502;12130;N;E;+08:00
Malaysia;Taiping;00451;10044;N;E;+08:00
Chile;Taitao Penin.;04630;07500;S;W;-04:00
Afghanistan;Taiwara;03330;06424;N;E;+04:30
China;Taiyuan;03752;11233;N;E;+08:00
Thailand;Tak;01652;09908;N;E;+07:00
New Zealand;Takaka;04051;17250;N;E;+12:00
New Zealand;Takapuna;03647;17447;S;E;+12:00
China;Takla Makan;03900;08300;N;E;+08:00
Indonesia;Talaud Is.;00430;12710;N;E;+07:00
Chile;Talcahuano;03640;07310;S;W;-04:00
U.S.A.;Tallahassee;03025;08415;N;W;-05:00
Estonia;Tallinn;05929;02458;N;E;+02:00
Malaysia;Tama Abu Ra.;00310;11500;N;E;+08:00
Russia;Tambov;05245;04128;N;E;+02:00
Finland;Tammisaari;06000;02326;N;E;+02:00
U.S.A.;Tampa;02757;08238;N;W;-05:00
Finland;Tampere;06130;02350;N;E;+02:00
Australia;Tamworth;03107;15058;S;E;+09:30
Vietnam;Tan An;01032;10625;N;E;+07:00
Norway;Tana Fjord;07035;02830;N;E;+01:00
Kenya;Tana;00050;03945;S;E;+03:00
Japan;Tanabe;03344;13522;N;E;+09:00
Indonesia;Tanahmerah;00608;14018;S;E;+07:00
Australia;Tanami;01959;12943;S;E;+09:30
U.S.A.;Tanana;06425;14530;N;W;-05:00
Argentina;Tandil;03715;05906;S;W;-03:00
Pakistan;Tando Allahyar;02528;06844;N;E;+05:30
Bangladesh;Tangail;02415;08959;N;E;+06:00
Morocco;Tangier;03550;00549;N;W;+01:00
China;Tanglha Ra.;03300;09000;N;E;+08:00
China;Tangshan;03938;11810;N;E;+08:00
Indonesia;Tanimbar Is;00730;13130;S;E;+07:00
Indonesia;Tanjungpandan;00244;10737;S;E;+07:00
Indonesia;Tanjungredeb;00209;11729;N;E;+07:00
Brazil;Tapajos;00224;05441;S;W;-03:00
Indonesia;Taraken;00320;11735;N;E;+07:00
Italy;Taranto;04030;01711;N;E;+01:00
New Zealand;Tararua Ra.;04045;17525;S;E;+12:00
U.K.;Tarbat Ness;05752;00348;N;W;-00:00
Australia;Taree;03150;15230;S;E;+09:30
Bolivia;Tarija;02130;06440;S;W;-04:00
China;Tarim Basin;04000;08400;N;E;+08:00
China;Tarim;04105;08640;N;E;+08:00
Philippines;Tarlac;01529;12035;N;E;+08:00
Spain;Tarragona;04105;00117;N;E;+01:00
Spain;Tarrasa;04134;00201;N;E;+01:00
Estonia;Tartu;05804;02701;N;E;+02:00
Uzbekistan;Tashkent;04120;06910;N;E;+05:00
New Zealand;Tasman B.;04059;17325;S;E;+12:00
New Zealand;Tasman Glacier;04345;17020;S;E;+12:00
New Zealand;Tasman Mts.;04103;17225;S;E;+12:00
Australia;Tasmania;04200;14630;S;E;+09:30
Myanmar;Taungdwingyi;02001;09540;N;W;+06:00
Myanmar;Taunggyi;02050;09700;N;E;+06:00
New Zealand;Taupo L.;03846;17555;S;E;+12:00
New Zealand;Taupo;03841;17607;S;E;+12:00
New Zealand;Taurahga;03704;17601;S;E;+12:00
Turkey;Taurus Mts;03700;03500;N;E;+03:00
Russia;Tavda;05930;06300;N;E;+02:00
Myanmar;Tavoy;01402;09812;N;E;+06:00
U.K.;Tay L.;05630;00410;N;W;-00:00
U.K.;Tay;05625;00308;N;W;-00:00
Philippines;Taytay;01045;11930;N;E;+08:00
Georgia;Tbilisi;04143;04450;N;E;+03:00
Poland;Tczew;05405;01846;N;E;+01:00
New Zealand;Te Anau;04515;16745;S;E;+12:00
New Zealand;Te Awamutu;03801;17520;S;E;+12:00
New Zealand;Te Kuiti;03820;17511;S;E;+12:00
U.K.;Tees;05436;00125;N;W;-00:00
Honduras;Tegucigalpa;01405;08714;N;W;-06:00
Iran;Tehran;03544;05130;N;E;+03:30
New Zealand;Tekapo L.;04353;17033;S;E;+12:00
Israel;Tel Aviv-Jaffa;03204;03448;N;E;+02:00
Brazil;Teles Pires;00840;05700;S;W;-03:00
Indonesia;Teluk Betung;00520;10510;S;E;+07:00
Mexico;Temax;00201;08805;N;W;-06:00
Kazakhstan;Temirtau;05005;07256;N;E;+05:00
U.S.A.;Tempe;03326;11159;N;W;-05:00
Chile;Temuco;03850;07250;S;W;-04:00
New Zealand;Temuka;04414;17117;S;E;+12:00
Ethiopia;Tena L.;01305;03730;N;E;+03:00
Japan;Tene- ga-Shima;03035;13059;N;E;+09:00
Australia;Tennant Creek;01930;13400;S;E;+09:30
U.S.A.;Tennessee;03600;08630;N;W;-05:00
Kiribati;Teraina I.;00443;16025;N;W;+12:00
Brazil;Teresina;00509;04245;S;W;-03:00
Italy;Terni;04234;01238;N;E;+01:00
Japan;Teshio;04453;14146;N;E;+09:00
U.S.A.;Texas;03140;09830;N;W;-05:00
Netherlands;Texel;05305;00450;N;E;+01:00
Bangladesh;Thakurgaon;02602;08828;N;E;+06:00
Pakistan;Thal;03328;07033;N;E;+05:30
Myanmar;Thala Pass;02825;09723;N;E;+06:00
New Zealand;Thames;03707;17534;S;E;+12:00
Vietnam;Thanh Hoa;01948;10546;N;E;+07:00
Myanmar;Thaton;01655;09722;N;E;+06:00
Myanmar;Thayetmyo;01920;09518;N;E;+06:00
Senegal;Thecs;01450;01651;N;W;-00:00
Greece;Thessaloniki;04038;02258;N;E;+02:00
Bhutan;Thimphu;02731;08945;N;E;+05:30
Australia;Thomson;02511;14253;S;E;+09:30
Thailand;Thon Buri;01350;10036;N;E;+07:00
Greece;Thule;07730;06929;N;W;+02:00
Canada;Thunder Bay;04827;08912;N;W;-05:00
China;Tian Shan;04300;08400;N;E;+08:00
China;Tianjin;03908;11712;N;E;+08:00
China;Tianjun;03718;09904;N;E;+08:00
China;Tianshui;03432;10540;N;E;+08:00
Italy;Tiber;04144;01214;N;E;+01:00
Chad;Tibesti;02100;01730;N;E;+01:00
China;Tibet;03100;08400;N;E;+08:00
Australia;Tibooburra;02926;14201;S;E;+09:30
Iraq;Tigris;03700;04230;N;E;+03:00
Russia;Tiksi;07140;12845;N;E;+02:00
Netherlands;Tilburg;05131;00506;N;E;+01:00
New Zealand;Timaru;04423;17114;S;E;+12:00
Mali;Timbuktu;01649;00259;N;W;-00:00
Romania;Timisoara;04543;02115;N;E;+02:00
Philippines;Tinaca Point;00530;12525;N;E;+08:00
Albania;Tirane;04118;01949;N;E;+01:00
U.K.;Tiree I.;05631;00655;N;W;-00:00
Romania;Tirgoviste;04631;02438;N;E;+02:00
Romania;Tirgu;04503;02318;N;E;+02:00
Romania;Tirgu-Mures;04633;02434;N;E;+02:00
Hungary;Tisza;04608;02002;N;E;+01:00
Yugoslavia;Titograd;04230;01919;N;E;+01:00
Madeira;Toamasina;01810;04925;S;E;-01:00
Russia;Tobol;05810;06812;N;E;+02:00
Libya;Tobruk;03207;02355;N;E;+01:00
Brazil;Tocantins;00145;04910;S;W;-03:00
Chile;Tocopilla;02205;07010;S;W;-04:00
New Zealand;Tokelau Is.;00900;17200;S;W;+12:00
Japan;Tokushima;03404;13434;N;E;+09:00
Japan;Tokyo;03545;13945;N;E;+09:00
Bulgaria;Tolbukhin;04337;02749;N;E;+02:00
U.S.A.;Toledo;04137;08333;N;W;-05:00
Indonesia;Tolitoli;00105;12050;N;E;+07:00
Japan;Tomakomai;04238;14136;N;E;+09:00
Russia;Tomsk;05630;08512;N;E;+02:00
China;Tonghua;04145;12550;N;E;+08:00
U.S.A.;Tonopah;03804;11712;N;W;-05:00
Australia;Toowoomba;02732;15156;S;E;+09:30
U.S.A.;Topeka;03903;09540;N;W;-05:00
Australia;Torcoola;03043;13434;S;E;+09:30
Sweden;Torne;06550;02412;N;E;+01:00
Finland;Tornio;06550;02412;N;E;+02:00
Canada;Toronto;04339;07920;N;W;-05:00
Poland;Torun;05300;01839;N;E;+01:00
Japan;Tottori;03532;13412;N;E;+09:00
Morocco;Toubkal Mt.;03100;00800;N;W;+01:00
France;Toulon;04310;00555;N;E;+01:00
France;Toulouse;04337;00127;N;E;+01:00
Myanmar;Toungoo;01900;09630;N;E;+06:00
France;Tours;04722;00040;N;E;+01:00
Australia;Townsville;01915;14645;S;E;+09:30
Japan;Toyama;03640;13715;N;E;+09:00
Japan;Toyonaka;03450;13528;N;E;+09:00
Turkey;Trabzon;04100;03945;N;E;+03:00
Ireland;Tralee;05216;00942;N;W;-00:00
Sweden;Tranas;05537;01359;N;E;+01:00
Thailand;Trang;00733;09938;N;E;+07:00
Romania;Transylvanian Alps;04530;02500;N;E;+02:00
Italy;Trapani;03801;01230;N;E;+01:00
Sweden;Trelleborg;05520;01310;N;E;+01:00
U.K.;Trent;05333;00044;N;W;-00:00
U.S.A.;Trenton;04015;07441;N;W;-05:00
Argentina;Tres Arroyos;03820;06020;S;W;-03:00
Argentina;Tres Puntas;04700;06600;S;W;-03:00
Italy;Trieste;04539;01345;N;E;+01:00
Slovenia;Triglav;04621;01359;N;E;+01:00
Greece;Trikkala;03933;02146;N;E;+02:00
Bolivia;Trinidad;01454;06450;S;W;-04:00
U.S.A.;Trinity;03030;09500;N;W;-05:00
Libya;Tripoli;03249;01307;N;E;+01:00
Greece;Tripolis;03731;02222;N;E;+02:00
Norway;Tromso;06940;01856;N;E;+01:00
Norway;Trondheim;06336;01025;N;E;+01:00
France;Troyes;04819;00403;N;E;+01:00
Peru;Trujillo;00806;07900;S;W;-05:00
China;Tsangpo;02940;08900;N;E;+08:00
Kazakhstan;Tselinograd;05110;07130;N;E;+05:00
Russia;Tsimlyansk Res.;04800;04300;N;E;+02:00
Japan;Tsu;03445;13625;N;E;+09:00
Japan;Tsuchiura;03605;14011;N;E;+09:00
Namibia;Tsumeb;01909;01744;S;E;+02:00
Japan;Tsuruoka;03822;13950;N;E;+09:00
France;Tuamotu Arch.;01700;14400;S;W;+01:00
New Zealand;Tuatapere;04608;16741;S;E;+12:00
U.S.A.;Tucson;03214;11059;N;W;-05:00
Argentina;Tueo;05400;06745;S;W;-03:00
Nepal;Tuisipur;02804;08104;N;E;+05:30
Russia;Tula;05113;03738;N;E;+02:00
Afghanistan;Tulak;03355;06340;N;E;+04:30
U.S.A.;Tulsa;03610;09600;N;W;-05:00
Russia;Tunguska;06420;09300;N;E;+02:00
Tunisia;Tunis;03650;01011;N;E;+01:00
Italy;Turin;04504;00740;N;E;+01:00
Kenya;Turkana;00330;03605;N;E;+03:00
U.K.;Turks Is.;02120;07120;N;W;-00:00
Finland;Turku;06030;02219;N;E;+02:00
New Zealand;Turnagain C.;04028;17638;S;E;+12:00
Romania;Turnu-Severin;04439;02241;N;E;+02:00
Italy;Tuscan Arch.;04328;01115;N;E;+01:00
Bulgaria;Tutrakan;04402;02640;N;E;+02:00
Turkey;Tuz Golu;03845;03330;N;E;+03:00
Bosnia & Herz.;Tuzla;04434;01841;N;E;+01:00
Russia;Tver;05655;03555;N;E;+02:00
U.K.;Tweed;05542;00210;N;W;-00:00
U.K.;Tyne;05455;00135;N;W;-00:00
Russia;Tyumen;05711;06529;N;E;+02:00
Brazil;Uaupes;00007;06705;S;W;-03:00
Thailand;Ubon Ratchathani;01515;10450;N;E;+07:00
Peru;Ucayali;00430;07330;S;W;-05:00
Sweden;Uddevalla;05821;01155;N;E;+01:00
Italy;Udine;04605;01310;N;E;+01:00
Thailand;Udon Thani;01729;10246;N;E;+07:00
Russia;Ufa;05445;05555;N;E;+02:00
Hungary;Ujpest;04733;01905;N;E;+01:00
Indonesia;Ujung Pandang;00510;11920;S;E;+07:00
Russia;Ukhta;06355;05400;N;E;+02:00
Mongolia;Ulaangom;04958;09202;N;E;+08:00
Mongolia;Ulan Bator;04755;10653;N;E;+08:00
Russia;Ulan Ude;05145;10740;N;E;+02:00
Germany;Ulm;04823;01000;N;E;+01:00
Russia;Ulyanovsk;05420;04825;N;E;+02:00
Greece;Umanak;07001;05001;N;W;+02:00
Pakistan;Umarkot;02515;06940;N;E;+05:30
Sweden;Umea;06345;02020;N;E;+01:00
New Zealand;Up.Hutt;04108;17505;S;E;+12:00
Greece;Upernavik;07105;05305;N;W;+02:00
South Africa;Upington;02825;02115;S;E;+02:00
Sweden;Uppsala;05953;01735;N;E;+01:00
Russia;Ural Mts.;06000;05900;N;E;+02:00
Kazakhstan;Uralsk;05120;05120;N;E;+05:00
Turkey;Urfa;03712;03850;N;E;+03:00
Afghanistan;Urgun;03255;06912;N;E;+04:30
Iran;Urmia L.;03750;04530;N;E;+03:30
Brazil;Urucui;00714;04430;S;W;-03:00
China;Urumqi;04345;08745;N;E;+08:00
Russia;Urup l.;04300;15100;N;E;+02:00
Argentina;Ushuaia;05450;06823;S;W;-03:00
Kazakhstan;Ust Urt Plateau;04400;05500;N;E;+05:00
Russia;Ustinov;05651;05314;N;E;+02:00
Guam;Usumacinta;01700;09100;N;W;+10:00
U.S.A.;Utahl;04010;11158;N;W;-05:00
Pakistan;Uthal;02544;06640;N;E;+05:30
Netherlands;Utrecht;05205;00518;N;E;+01:00
Thailand;Uttaradit;01736;10005;N;E;+07:00
Finland;Uusikaupunki;06047;02125;N;E;+02:00
Mongolia;Uvs Nuur;05020;09245;N;E;+08:00
South Africa;Vaal;02740;02530;S;E;+02:00
Norway;Vadso;07003;02950;N;E;+01:00
Argentina;Valdes Penin.;04230;06345;S;W;-03:00
Chile;Valdivia;03950;07314;S;W;-04:00
France;Valence;04457;00454;N;E;+01:00
Spain;Valencia;03927;00023;N;W;+01:00
Estonia;Valga;05744;02600;N;E;+02:00
Spain;Valladolid;04138;00443;N;W;+01:00
Chile;Vallenar;02836;07045;S;W;-04:00
Malta;Valletta;03554;01430;N;E;+01:00
Latvia;Valmiera;05737;02538;N;E;+02:00
Turkey;Van;03701;04400;N;E;+03:00
Turkey;Van.L.;03830;04300;N;E;+03:00
Canada;Vancouver I;04950;12600;N;W;-05:00
Canada;Vancouver;04915;12310;N;W;-05:00
Sweden;Vanersborg;05826;01227;N;E;+01:00
Sweden;Vannas;06358;01948;N;E;+01:00
Fiji;Vanua Levu;01633;17915;S;E;+12:00
Croatia;Varazdin;04618;01621;N;E;+01:00
Sweden;Varberg;05717;01220;N;E;+01:00
Bulgaria;Varna;04313;02756;N;E;+02:00
Sweden;Varnamo;05710;01403;N;E;+01:00
Sweden;Vasteras;05937;01638;N;E;+01:00
Sweden;Vastervik;05743;01643;N;E;+01:00
Norway;Vega Fjord;06537;01200;N;E;+01:00
Norway;Vega;06542;01150;N;E;+01:00
Italy;Venice;04527;01220;N;E;+01:00
Latvia;Ventspils;05725;02132;N;E;+02:00
Russia;Verkhoyanak;06735;13325;N;E;+02:00
Russia;Verkhoyansk Ra.;06600;12900;N;E;+02:00
Greece;Veroia;04032;02211;N;E;+02:00
Italy;Verona;04527;01100;N;E;+01:00
Senegal;Vert;01445;01730;N;W;-00:00
Norway;Vest Fjorden;06800;01500;N;E;+01:00
Norway;Vesteralen;06845;01430;N;E;+01:00
Sweden;Vetlanda;05724;01503;N;E;+01:00
Brazil;Viana;00315;04459;S;W;-03:00
Canada;Victoria ls.;07100;11100;N;W;-05:00
Australia;Victoria;01510;12940;S;E;+09:30
Bulgaria;Vidin;04400;02250;N;E;+02:00
Austria;Vienna;04812;01622;N;E;+01:00
Laos;Vientiane;01758;10236;N;E;+07:00
Spain;Vigo;04212;00841;N;W;+01:00
Sweden;Vilheimina;06435;01639;N;E;+01:00
Estonia;Viljandi;05828;02530;N;E;+02:00
Bolivia;Villa Montes;02110;06330;S;W;-04:00
Paraguay;Villarrica;02540;05630;S;W;-04:00
Lithuania;Vilnius;05438;02525;N;E;+02:00
Russia;Vilyuy;06358;12500;N;E;+02:00
Chile;Vina del Mar;03300;07130;S;W;-04:00
Ukraine;Vinnitsa;04915;02830;N;E;+02:00
U.K.;Virgin Is.;01840;06430;N;W;-00:00
U.S.A.;Virginia Beach;03651;07559;N;W;-05:00
U.S.A.;Virginia;03745;07800;N;W;-05:00
Fiji;Viti Levu;01730;17730;S;E;+12:00
Brazil;Vitoria;02020;04022;S;W;-03:00
Russia;Vladivostok;04310;13153;N;E;+02:00
Albania;Vlore;04032;01928;N;E;+01:00
Russia;Volga Uplands;05100;04600;N;E;+02:00
Russia;Volge;04830;04600;N;E;+02:00
Russia;Volgograd;04840;04425;N;E;+02:00
Russia;Vologda;05910;04000;N;E;+02:00
Greece;Volos;03924;02259;N;E;+02:00
Russia;Vorkuta;06748;06420;N;E;+02:00
Russia;Voronezh;05140;03910;N;E;+02:00
France;Vosges;04820;00710;N;E;+01:00
Norway;Voss;06038;00626;N;E;+01:00
Kiribati;Vostok I;01005;15223;S;W;+12:00
U.S.A.;Wabash;03746;08802;N;W;-05:00
U.S.A.;Waco;03133;09705;N;W;-05:00
Sudan;Wad Medani;01428;03330;N;E;+02:00
Sudan;Wadi Halfa;02146;03117;N;E;+02:00
Australia;Wagga Wagga;03507;14724;S;E;+09:30
Australia;Wagin;03317;11725;S;E;+09:30
Indonesia;Wahai;00248;12935;S;E;+07:00
New Zealand;Waiau;04239;17305;S;E;+12:00
Indonesia;Waigeo;00020;13040;S;E;+07:00
New Zealand;Waihi;03723;17552;S;E;+12:00
New Zealand;Waihou;03715;17540;S;E;+12:00
New Zealand;Waimakariri;04223;17242;S;E;+12:00
Indonesia;Waingapu;00935;12011;S;E;+07:00
New Zealand;Waiouru;03928;17541;S;E;+12:00
New Zealand;Waipara;04303;17246;S;E;+12:00
New Zealand;Waipawa;03956;17638;S;E;+12:00
New Zealand;Waipu;03559;17429;S;E;+12:00
New Zealand;Waipukurau;04001;17633;S;E;+12:00
New Zealand;Wairau;04114;17515;S;E;+12:00
New Zealand;Waiuku;03715;17445;S;E;+12:00
Japan;Wajima;03723;13653;N;E;+09:00
New Zealand;Wakatipu;04505;16833;S;E;+12:00
Japan;Wakkanai;04528;14135;N;E;+09:00
U.K.;Wales;05200;00400;N;W;-00:00
Australia;Walgett;03000;14805;S;E;+09:30
U.S.A.;Walla Walla;04603;11825;N;W;-05:00
Romania;Wallachia;04435;02500;N;E;+02:00
France;Wallis & Futuna;01318;17610;S;W;+01:00
Pakistan;Wana;03220;06932;N;E;+05:30
New Zealand;Wanaka L.;04433;16907;S;E;+12:00
New Zealand;Wanganui;03956;17503;S;E;+12:00
China;Wanxian;03048;10817;N;E;+08:00
Andorra;Wardha;01954;07906;N;E;+01:00
Australia;Warrego;03024;14521;S;E;+09:30
U.S.A.;Warren;04233;08304;N;W;-05:00
Australia;Warrina;02800;13600;S;E;+09:30
Australia;Warrnambool;03825;14230;S;E;+09:30
Poland;Warsaw;05213;02100;N;E;+01:00
U.S.A.;Wasatch Mts.;04030;11115;N;W;-05:00
U.S.A.;Wasatch Ra.;04030;11115;N;W;-05:00
U.S.A.;Washington D C;03852;07700;N;W;-05:00
U.S.A.;Washington;04745;12030;N;W;-05:00
Indonesia;Watampone;00429;12025;S;E;+07:00
U.S.A.;Waterbury;04132;07300;N;W;-05:00
Ireland;Waterford;05216;00708;N;W;-00:00
Sudan;Wau;00740;02804;N;E;+02:00
Australia;Wave Hill;01732;13100;N;E;+09:30
Indonesia;Weda;00030;12750;N;E;+07:00
China;Weifang;03647;11910;N;E;+08:00
China;Weihei;04456;12820;N;E;+08:00
Chile;Wellington I.;04930;07500;S;W;-04:00
Austria;Wels;04810;01402;N;E;+01:00
China;Wenshan;02325;10415;N;E;+08:00
Australia;Wentworth;03402;14154;S;E;+09:30
China;Wenzhou;02800;12038;N;E;+08:00
Germany;Weser;05333;00830;N;E;+01:00
Russia;West Siberian Plain;06200;07500;N;E;+02:00
U.S.A.;West Virginia;03900;08100;N;W;-05:00
U.K.;Western Is.;05730;00710;N;W;-00:00
Malaysia;Weston;00510;11535;N;E;+08:00
New Zealand;Westport;04146;17137;S;E;+12:00
U.K.;Westray I.;05918;00300;N;W;-00:00
Indonesia;Wetar;00730;12630;S;E;+07:00
Ireland;Wexford;05220;00628;N;W;-00:00
New Zealand;Whakatane;03757;17701;S;E;+12:00
New Zealand;Whangarei;03543;17421;S;E;+12:00
U.K.;Wharfe;05355;00130;N;W;-00:00
Sudan;White Nile;01538;03231;N;E;+02:00
U.S.A.;White;03628;09355;N;W;-05:00
Canada;Whitehorse;06043;13503;N;W;-05:00
U.S.A.;Whitney Mt.;03635;11814;N;W;-05:00
Australia;Whyalla;03302;13730;S;E;+09:30
U.S.A.;Wichita;03740;09720;N;W;-05:00
Ireland;Wicklow Mts.;05300;00630;N;W;-00:00
Germany;Wiesbaden;05007;00817;N;E;+01:00
U.K.;Wight;05040;00120;N;W;-00:00
Australia;Wilcannia;03130;14326;S;E;+09:30
Australia;Wiluna;02636;12014;S;E;+09:30
Namibia;Windhock;02235;01704;S;E;+02:00
Australia;Windorah;02524;14237;S;E;+09:30
Barbados;Windward Is.;01300;06300;N;W;-04:00
Canada;Winnipeg;04954;09709;N;W;-05:00
Canada;Winnipeg.L;05200;09700;N;W;-05:00
U.S.A.;Winston Salem;03607;08015;N;W;-05:00
Australia;Winton;02224;14303;S;E;+09:30
U.S.A.;Wisconsin;04430;09000;N;W;-05:00
Poland;Wisla;05422;01555;N;E;+01:00
U.K.;Witham;05303;00008;N;W;-00:00
Poland;Wloclawek;05240;01903;N;E;+01:00
Indonesia;Wokam;00545;13428;S;E;+07:00
Australia;Wollongong;03425;15054;S;E;+09:30
U.K.;Wolverhampton;05235;00206;N;W;-00:00
South Korea;Wonju;03724;12752;N;E;+09:00
North Korea;Wonsan;03911;12727;N;E;+08:00
Australia;Woodroffe Mt.;02620;13145;S;E;+09:30
New Zealand;Woodville;04020;17553;S;E;+12:00
Australia;Woomera;03111;13655;S;E;+09:30
Russia;Wrangel I.;07100;18000;N;E;+02:00
U.K.;Wrath C.;05838;00500;N;W;-00:00
Poland;Wroclaw;05105;01705;N;E;+01:00
China;Wuhan;03031;11418;N;E;+08:00
China;Wuhu;03122;11821;N;E;+08:00
Germany;Wuppertal;05115;00708;N;E;+01:00
Germany;Wurzburg;04946;00955;N;E;+01:00
China;Wuwei;03755;10248;N;E;+08:00
China;Wuxi;03130;12030;N;E;+08:00
China;Wuzhou;02330;11118;N;E;+08:00
Australia;Wyndham;01533;12803;S;E;+09:30
U.S.A.;Wyoming;04248;10900;N;W;-05:00
China;Xi An;03416;10854;N;E;+08:00
China;Xiamen;02425;11804;N;E;+08:00
China;Xiangfan;03202;11208;N;E;+08:00
China;Xiangtan;02751;11254;N;E;+08:00
China;Xianyang;03201;11208;N;E;+08:00
China;Xichang;02752;10216;N;E;+08:00
Brazil;Xingu;00130;05153;S;W;-03:00
China;Xingyi;02505;10500;N;E;+08:00
China;Xining;03634;10140;N;E;+08:00
China;Xinxiang;03516;11351;N;E;+08:00
China;Xuzhou;03418;11710;N;E;+08:00
Russia;Yablonovyy Ra.;05300;11400;N;E;+02:00
Japan;Yaku Jima;03020;13030;N;E;+09:00
Russia;Yakutsk;06205;12950;N;E;+02:00
Japan;Yamagata;03816;14019;N;E;+09:00
Russia;Yamal Penin.;07100;07000;N;E;+02:00
Indonesia;Yamdena;00745;13120;S;E;+07:00
Myanmar;Yamethin;02029;09618;N;E;+06:00
Australia;Yamma Yamma L.;02616;14120;S;E;+09:30
Ivory Coast;Yamoussoukro;00604;00604;N;W;-00:00
Russia;Yana;07130;13600;N;E;+02:00
Myanmar;Yangon;01645;09620;N;E;+06:00
China;Yangquan;03705;11352;N;E;+08:00
China;Yangtze;03140;12200;N;E;+08:00
South Korea;Yangyang;03801;12852;N;E;+09:00
China;Yanji;04259;12930;N;E;+08:00
China;Yantai;03734;12122;N;E;+08:00
Cameroon;Yaounde;00350;01135;N;E;+01:00
Australia;Yaraka;02453;14403;S;E;+09:30
Russia;Yaroslavl;05735;03955;N;E;+02:00
Japan;Yatsushiro;03230;13040;N;E;+09:00
Japan;Yawatahama;03327;13224;N;E;+09:00
Iran;Yazd;03155;05427;N;E;+03:30
China;Yecheng;03752;07552;N;E;+08:00
Russia;Yekaterinburg;05650;06030;N;E;+02:00
Canada;Yellowknife;06227;11429;N;W;-05:00
U.S.A.;Yellowstone N.P.;04435;11000;N;W;-05:00
U.S.A.;Yellowstone;04758;10359;N;W;-05:00
Vietnam;Yen Bai;02142;10452;N;E;+07:00
South Africa;Yenbo;02407;03804;N;E;+02:00
Russia;Yenisei;07150;08240;N;E;+02:00
Australia;Yeppoon;02305;15047;S;E;+09:30
Armenia;Yerevan;04010;04431;N;E;+03:00
China;Yibin;02845;10432;N;E;+08:00
China;Yichang;03040;11120;N;E;+08:00
China;Yichun;04741;12910;N;E;+08:00
China;Yinchuan;03830;10620;N;E;+08:00
China;Yining;04358;08110;N;E;+08:00
Finland;Ylivieska;06404;02428;N;E;+02:00
Indonesia;Yogyakarta;00749;11022;S;E;+07:00
Japan;Yokohama;03527;13928;N;E;+09:00
Japan;Yokosuka;03518;13939;N;E;+09:00
Japan;Yonago;03527;13320;N;E;+09:00
Australia;York C.;01042;14231;S;E;+09:30
Australia;York;03152;11647;S;E;+09:30
U.S.A.;Yosemite N.P.;03800;11930;N;W;-05:00
South Korea;Yosu;03447;12745;N;E;+09:00
U.S.A.;Youngstown;04107;08041;N;W;-05:00
Sweden;Ystad;05526;01350;N;E;+01:00
Mexico;Yucatan Penin.;01930;08900;N;W;-06:00
U.S.A.;Yuma;03245;11437;N;W;-05:00
China;Yumen;03954;09743;N;E;+08:00
China;Yushu;03306;09648;N;E;+08:00
China;Yutian;03650;08150;N;E;+08:00
Guam;Zacapa;01459;08931;N;W;+10:00
Croatia;Zadar;04407;01514;N;E;+01:00
Croatia;Zagreb;04550;01600;N;E;+01:00
Iran;Zagros Mts.;03345;04700;N;E;+03:30
Iran;Zahidan;02930;06050;N;E;+03:30
Greece;Zakinthos;03747;02057;N;E;+02:00
Romania;Zalau;04710;02304;N;E;+02:00
Philippines;Zamboanga;00655;12205;N;E;+08:00
Spain;Zamora;04130;00545;N;W;+01:00
Poland;Zamosc;05043;02315;N;E;+01:00
Iran;Zanjan;03640;04835;N;E;+03:30
Australia;Zanthus;03102;12334;S;E;+09:30
Tanzania;Zanzibar;00612;03912;S;E;+03:00
Spain;Zaragoza;04139;00053;N;W;+01:00
China;Zayu;02828;09705;N;E;+08:00
China;Zekog;03605;10100;N;E;+08:00
Bosnia & Herz.;Zenica;04411;01753;N;E;+01:00
Russia;Zeya;05402;12720;N;E;+02:00
China;Zhangjiakou;04048;11455;N;E;+08:00
China;Zhangye;03858;10030;N;E;+08:00
China;Zhanjiang;02115;11020;N;E;+08:00
China;Zhengzhou;03445;11334;N;E;+08:00
China;Zhenjiang;03208;11930;N;E;+08:00
Ukraine;Zhitomir;05020;02840;N;E;+02:00
China;Zhongdian;02746;09945;N;E;+08:00
China;Zhuzhou;02743;11310;N;E;+08:00
Pakistan;Ziarat;03025;06730;N;E;+05:30
China;Zibo;03647;11803;N;E;+08:00
China;Zigong;02915;10448;N;E;+08:00
Slovenia;Zilina;04912;01842;N;E;+01:00
Nigeria;Zinder;01348;00900;N;E;+01:00
U.S.A.;Zion N.P.;03725;11250;N;W;-05:00
Turkey;Zonguldak;04128;03150;N;E;+03:00
Mauritania;Zouerate;02235;01230;N;W;-00:00
China;Zunyi;02741;10650;N;E;+08:00
Switzerland;Zurich;04722;00832;N;E;+01:00
Germany;Zwickau;05043;01230;N;E;+01:00
India;Aminagar Sarai;02854;07714;N;E;+05:30
India;Pune;01834;07358;N;E;+05:30
Singapore;Singapore;00114;10355;N;E;+08:00
Mauritius;Port Louis;02010;05730;S;E;+04:00
Sri Lanka;Colombo;00656;07958;N;E;+05:30
India;Hasimara;02645;08920;N;E;+05:30
